[08:43:52 INF] () Start installing Hangfire SQL objects...
[08:43:52 INF] () Hangfire SQL objects installed.
[08:43:54 INF] () Executed DbCommand (13ms) [Parameters=[], CommandType='"Text"', CommandTimeout='30']
SELECT 1
[08:43:54 INF] () Acquiring an exclusive lock for migration application. See https://aka.ms/efcore-docs-migrations-lock for more information if this takes too long.
[08:43:54 INF] () Executed DbCommand (8ms) [Parameters=[], CommandType='"Text"', CommandTimeout='30']
DECLARE @result int;
EXEC @result = sp_getapplock @Resource = '__EFMigrationsLock', @LockOwner = 'Session', @LockMode = 'Exclusive';
SELECT @result
[08:43:54 INF] () Executed DbCommand (7ms) [Parameters=[], CommandType='"Text"', CommandTimeout='30']
IF OBJECT_ID(N'[__EFMigrationsHistory]') IS NULL
BEGIN
    CREATE TABLE [__EFMigrationsHistory] (
        [MigrationId] nvarchar(150) NOT NULL,
        [ProductVersion] nvarchar(32) NOT NULL,
        CONSTRAINT [PK___EFMigrationsHistory] PRIMARY KEY ([MigrationId])
    );
END;
[08:43:54 INF] () Executed DbCommand (1ms) [Parameters=[], CommandType='"Text"', CommandTimeout='30']
SELECT 1
[08:43:54 INF] () Executed DbCommand (1ms) [Parameters=[], CommandType='"Text"', CommandTimeout='30']
SELECT OBJECT_ID(N'[__EFMigrationsHistory]');
[08:43:54 INF] () Executed DbCommand (4ms) [Parameters=[], CommandType='"Text"', CommandTimeout='30']
SELECT [MigrationId], [ProductVersion]
FROM [__EFMigrationsHistory]
ORDER BY [MigrationId];
[08:43:54 INF] () No migrations were applied. The database is already up to date.
[08:43:54 INF] () Executed DbCommand (1ms) [Parameters=[], CommandType='"Text"', CommandTimeout='30']
DECLARE @result int;
EXEC @result = sp_releaseapplock @Resource = '__EFMigrationsLock', @LockOwner = 'Session';
SELECT @result
[08:43:55 INF] () Executed DbCommand (4ms) [Parameters=[], CommandType='"Text"', CommandTimeout='30']
SELECT TOP(1) [u].[Id], [u].[CreatedAt], [u].[CreatedByUserId], [u].[CreatedByUserName], [u].[Email], [u].[IsSystemAdmin], [u].[Name], [u].[RowVersion], [u].[UpdatedAt], [u].[UpdatedByUserId], [u].[UpdatedByUserName]
FROM [Users] AS [u]
WHERE [u].[IsSystemAdmin] = CAST(1 AS bit)
[08:43:55 INF] () User profile is available. Using 'C:\Users\vicen\AppData\Local\ASP.NET\DataProtection-Keys' as key repository and Windows DPAPI to encrypt keys at rest.
[08:43:55 INF] () Now listening on: https://localhost:7121
[08:43:55 INF] () Starting Hangfire Server using job storage: 'SQL Server: localhost\SQLEXPRESS@AppProject'
[08:43:55 INF] () Using the following options for SQL Server job storage: Queue poll interval: 00:00:00.
[08:43:55 INF] () Using the following options for Hangfire Server:
    Worker count: 20
    Listening queues: 'default'
    Shutdown timeout: 00:00:15
    Schedule polling interval: 00:00:15
[08:43:55 INF] () Application started. Press Ctrl+C to shut down.
[08:43:55 INF] () Hosting environment: Development
[08:43:55 INF] () Content root path: C:\Course\dotnet-template\AppProject.Core.API
[08:43:55 INF] () Server desktop-0fm4m6s:15736:869f5cd4 successfully announced in 51.8533 ms
[08:43:55 INF] () Server desktop-0fm4m6s:15736:869f5cd4 is starting the registered dispatchers: ServerWatchdog, ServerJobCancellationWatcher, SqlServerHeartbeatProcess, ExpirationManager, CountersAggregator, Worker, DelayedJobScheduler, RecurringJobScheduler...
[08:43:55 INF] () 2 servers were removed due to timeout
[08:43:55 INF] () Server desktop-0fm4m6s:15736:869f5cd4 all the dispatchers started
[08:43:56 INF] () Starting job SampleJob at "2026-07-06T06:43:56.0282497Z".
[08:43:56 INF] () Executing SampleJob at "2026-07-06T06:43:56.0315682Z".
[08:43:56 INF] () Completed job SampleJob at "2026-07-06T06:43:56.0336221Z".
[08:45:07 INF] () Request starting HTTP/2 OPTIONS https://localhost:7121/api/auth/Permission/GetCurrentUserPermissions - null null
[08:45:07 INF] () CORS policy execution successful.
[08:45:07 INF] () Request finished HTTP/2 OPTIONS https://localhost:7121/api/auth/Permission/GetCurrentUserPermissions - 204 null null 77.8025ms
[08:45:07 INF] () Request starting HTTP/2 GET https://localhost:7121/api/auth/Permission/GetCurrentUserPermissions - null null
[08:45:07 INF] () CORS policy execution successful.
[08:45:08 INF] (vicente.maria.vm17@gmail.com) Executing endpoint 'AppProject.Core.API.Controllers.Auth.PermissionController.GetCurrentUserPermissionsAsync (AppProject.Core.API)'
[08:45:08 INF] (vicente.maria.vm17@gmail.com) Route matched with {action = "GetCurrentUserPermissions", controller = "Permission"}. Executing controller action with signature System.Threading.Tasks.Task`1[Microsoft.AspNetCore.Mvc.IActionResult] GetCurrentUserPermissionsAsync(AppProject.Models.Auth.PermissionContext, System.Threading.CancellationToken) on controller AppProject.Core.API.Controllers.Auth.PermissionController (AppProject.Core.API).
[08:45:08 INF] () Executed DbCommand (4ms) [Parameters=[], CommandType='"Text"', CommandTimeout='30']
SELECT TOP(1) [u].[Id], [u].[CreatedAt], [u].[CreatedByUserId], [u].[CreatedByUserName], [u].[Email], [u].[IsSystemAdmin], [u].[Name], [u].[RowVersion], [u].[UpdatedAt], [u].[UpdatedByUserId], [u].[UpdatedByUserName]
FROM [Users] AS [u]
WHERE [u].[IsSystemAdmin] = CAST(1 AS bit)
[08:45:08 INF] (vicente.maria.vm17@gmail.com) Executing OkObjectResult, writing value of type 'AppProject.Models.Auth.PermissionType[]'.
[08:45:08 INF] (vicente.maria.vm17@gmail.com) Executed action AppProject.Core.API.Controllers.Auth.PermissionController.GetCurrentUserPermissionsAsync (AppProject.Core.API) in 163.9274ms
[08:45:08 INF] (vicente.maria.vm17@gmail.com) Executed endpoint 'AppProject.Core.API.Controllers.Auth.PermissionController.GetCurrentUserPermissionsAsync (AppProject.Core.API)'
[08:45:08 INF] () Request finished HTTP/2 GET https://localhost:7121/api/auth/Permission/GetCurrentUserPermissions - 200 null application/json; charset=utf-8 1041.1944ms
[08:45:29 INF] () Request starting HTTP/2 OPTIONS https://localhost:7121/api/auth/Permission/GetCurrentUserPermissions - null null
[08:45:29 INF] () CORS policy execution successful.
[08:45:29 INF] () Request finished HTTP/2 OPTIONS https://localhost:7121/api/auth/Permission/GetCurrentUserPermissions - 204 null null 8.2795ms
[08:45:29 INF] () Request starting HTTP/2 GET https://localhost:7121/api/auth/Permission/GetCurrentUserPermissions - null null
[08:45:29 INF] () CORS policy execution successful.
[08:45:29 INF] (vicente.maria.vm17@gmail.com) Executing endpoint 'AppProject.Core.API.Controllers.Auth.PermissionController.GetCurrentUserPermissionsAsync (AppProject.Core.API)'
[08:45:29 INF] (vicente.maria.vm17@gmail.com) Route matched with {action = "GetCurrentUserPermissions", controller = "Permission"}. Executing controller action with signature System.Threading.Tasks.Task`1[Microsoft.AspNetCore.Mvc.IActionResult] GetCurrentUserPermissionsAsync(AppProject.Models.Auth.PermissionContext, System.Threading.CancellationToken) on controller AppProject.Core.API.Controllers.Auth.PermissionController (AppProject.Core.API).
[08:45:29 INF] (vicente.maria.vm17@gmail.com) Executing OkObjectResult, writing value of type 'AppProject.Models.Auth.PermissionType[]'.
[08:45:29 INF] (vicente.maria.vm17@gmail.com) Executed action AppProject.Core.API.Controllers.Auth.PermissionController.GetCurrentUserPermissionsAsync (AppProject.Core.API) in 9.2979ms
[08:45:29 INF] (vicente.maria.vm17@gmail.com) Executed endpoint 'AppProject.Core.API.Controllers.Auth.PermissionController.GetCurrentUserPermissionsAsync (AppProject.Core.API)'
[08:45:29 INF] () Request finished HTTP/2 GET https://localhost:7121/api/auth/Permission/GetCurrentUserPermissions - 200 null application/json; charset=utf-8 98.7495ms
[09:00:38 INF] () Request starting HTTP/2 OPTIONS https://localhost:7121/api/general/CountrySummary/GetSummaries?Take=100 - null null
[09:00:38 INF] () CORS policy execution successful.
[09:00:38 INF] () Request finished HTTP/2 OPTIONS https://localhost:7121/api/general/CountrySummary/GetSummaries?Take=100 - 204 null null 44.1542ms
[09:00:38 INF] () Request starting HTTP/2 GET https://localhost:7121/api/general/CountrySummary/GetSummaries?Take=100 - null null
[09:00:38 INF] () CORS policy execution successful.
[09:00:38 INF] (vicente.maria.vm17@gmail.com) Executing endpoint 'AppProject.Core.Controllers.General.CountrySummaryController.GetSummariesAsync (AppProject.Core.Controllers.General)'
[09:00:38 INF] (vicente.maria.vm17@gmail.com) Route matched with {action = "GetSummaries", controller = "CountrySummary"}. Executing controller action with signature System.Threading.Tasks.Task`1[Microsoft.AspNetCore.Mvc.IActionResult] GetSummariesAsync(AppProject.Models.SearchRequest, System.Threading.CancellationToken) on controller AppProject.Core.Controllers.General.CountrySummaryController (AppProject.Core.Controllers.General).
[09:00:54 INF] (vicente.maria.vm17@gmail.com) Executed DbCommand (6ms) [Parameters=[@__p_0='?' (DbType = Int32)], CommandType='"Text"', CommandTimeout='30']
SELECT TOP(@__p_0) [c].[Id], [c].[Name]
FROM [Countries] AS [c]
ORDER BY [c].[Name]
[09:00:54 INF] (vicente.maria.vm17@gmail.com) Executing OkObjectResult, writing value of type 'AppProject.Models.SummariesResponse`1[[AppProject.Core.Models.General.CountrySummary, AppProject.Core.Models, Version=1.0.0.0, Culture=neutral, PublicKeyToken=null]]'.
[09:00:54 INF] (vicente.maria.vm17@gmail.com) Executed action AppProject.Core.Controllers.General.CountrySummaryController.GetSummariesAsync (AppProject.Core.Controllers.General) in 16216.7174ms
[09:00:54 INF] (vicente.maria.vm17@gmail.com) Executed endpoint 'AppProject.Core.Controllers.General.CountrySummaryController.GetSummariesAsync (AppProject.Core.Controllers.General)'
[09:00:54 INF] () Request finished HTTP/2 GET https://localhost:7121/api/general/CountrySummary/GetSummaries?Take=100 - 200 null application/json; charset=utf-8 16269.7742ms
[09:02:56 INF] () Request starting HTTP/2 OPTIONS https://localhost:7121/api/general/Country/Post - null null
[09:02:56 INF] () CORS policy execution successful.
[09:02:56 INF] () Request finished HTTP/2 OPTIONS https://localhost:7121/api/general/Country/Post - 204 null null 29.3571ms
[09:02:56 INF] () Request starting HTTP/2 POST https://localhost:7121/api/general/Country/Post - application/json; charset=utf-8 70
[09:02:56 INF] () CORS policy execution successful.
[09:02:56 INF] (vicente.maria.vm17@gmail.com) Executing endpoint 'AppProject.Core.Controllers.General.CountryController.PostAsync (AppProject.Core.Controllers.General)'
[09:02:57 INF] (vicente.maria.vm17@gmail.com) Route matched with {action = "Post", controller = "Country"}. Executing controller action with signature System.Threading.Tasks.Task`1[Microsoft.AspNetCore.Mvc.IActionResult] PostAsync(AppProject.Models.CreateOrUpdateRequest`1[AppProject.Core.Models.General.Country], System.Threading.CancellationToken) on controller AppProject.Core.Controllers.General.CountryController (AppProject.Core.Controllers.General).
[09:03:09 INF] () Executed DbCommand (6ms) [Parameters=[], CommandType='"Text"', CommandTimeout='30']
SELECT TOP(1) [u].[Id], [u].[CreatedAt], [u].[CreatedByUserId], [u].[CreatedByUserName], [u].[Email], [u].[IsSystemAdmin], [u].[Name], [u].[RowVersion], [u].[UpdatedAt], [u].[UpdatedByUserId], [u].[UpdatedByUserName]
FROM [Users] AS [u]
WHERE [u].[IsSystemAdmin] = CAST(1 AS bit)
[09:03:09 INF] (vicente.maria.vm17@gmail.com) Executed DbCommand (4ms) [Parameters=[@__country_Name_0='?' (Size = 200)], CommandType='"Text"', CommandTimeout='30']
SELECT CASE
    WHEN EXISTS (
        SELECT 1
        FROM [Countries] AS [c]
        WHERE [c].[Name] = @__country_Name_0) THEN CAST(1 AS bit)
    ELSE CAST(0 AS bit)
END
[09:03:09 INF] (vicente.maria.vm17@gmail.com) Executed DbCommand (7ms) [Parameters=[@p0='?' (DbType = Guid), @p1='?' (Size = 200), @p2='?' (DbType = DateTimeOffset), @p3='?' (DbType = Guid), @p4='?' (Size = 255), @p5='?' (Size = 200), @p6='?' (DbType = DateTimeOffset), @p7='?' (DbType = Guid), @p8='?' (Size = 255)], CommandType='"Text"', CommandTimeout='30']
SET IMPLICIT_TRANSACTIONS OFF;
SET NOCOUNT ON;
INSERT INTO [Countries] ([Id], [Code], [CreatedAt], [CreatedByUserId], [CreatedByUserName], [Name], [UpdatedAt], [UpdatedByUserId], [UpdatedByUserName])
OUTPUT INSERTED.[RowVersion]
VALUES (@p0, @p1, @p2, @p3, @p4, @p5, @p6, @p7, @p8);
[09:03:09 INF] (vicente.maria.vm17@gmail.com) Executing OkObjectResult, writing value of type 'AppProject.Models.KeyResponse`1[[System.Guid, System.Private.CoreLib, Version=9.0.0.0, Culture=neutral, PublicKeyToken=7cec85d7bea7798e]]'.
[09:03:09 INF] (vicente.maria.vm17@gmail.com) Executed action AppProject.Core.Controllers.General.CountryController.PostAsync (AppProject.Core.Controllers.General) in 12889.0602ms
[09:03:09 INF] (vicente.maria.vm17@gmail.com) Executed endpoint 'AppProject.Core.Controllers.General.CountryController.PostAsync (AppProject.Core.Controllers.General)'
[09:03:09 INF] () Request finished HTTP/2 POST https://localhost:7121/api/general/Country/Post - 200 null application/json; charset=utf-8 12916.4759ms
[09:03:54 INF] () Request starting HTTP/2 OPTIONS https://localhost:7121/api/general/CountrySummary/GetSummaries?Take=100 - null null
[09:03:54 INF] () CORS policy execution successful.
[09:03:54 INF] () Request finished HTTP/2 OPTIONS https://localhost:7121/api/general/CountrySummary/GetSummaries?Take=100 - 204 null null 30.9178ms
[09:03:54 INF] () Request starting HTTP/2 GET https://localhost:7121/api/general/CountrySummary/GetSummaries?Take=100 - null null
[09:03:54 INF] () CORS policy execution successful.
[09:03:54 INF] (vicente.maria.vm17@gmail.com) Executing endpoint 'AppProject.Core.Controllers.General.CountrySummaryController.GetSummariesAsync (AppProject.Core.Controllers.General)'
[09:03:54 INF] (vicente.maria.vm17@gmail.com) Route matched with {action = "GetSummaries", controller = "CountrySummary"}. Executing controller action with signature System.Threading.Tasks.Task`1[Microsoft.AspNetCore.Mvc.IActionResult] GetSummariesAsync(AppProject.Models.SearchRequest, System.Threading.CancellationToken) on controller AppProject.Core.Controllers.General.CountrySummaryController (AppProject.Core.Controllers.General).
[09:04:05 INF] (vicente.maria.vm17@gmail.com) Executed DbCommand (2ms) [Parameters=[@__p_0='?' (DbType = Int32)], CommandType='"Text"', CommandTimeout='30']
SELECT TOP(@__p_0) [c].[Id], [c].[Name]
FROM [Countries] AS [c]
ORDER BY [c].[Name]
[09:04:05 INF] (vicente.maria.vm17@gmail.com) Executing OkObjectResult, writing value of type 'AppProject.Models.SummariesResponse`1[[AppProject.Core.Models.General.CountrySummary, AppProject.Core.Models, Version=1.0.0.0, Culture=neutral, PublicKeyToken=null]]'.
[09:04:05 INF] (vicente.maria.vm17@gmail.com) Executed action AppProject.Core.Controllers.General.CountrySummaryController.GetSummariesAsync (AppProject.Core.Controllers.General) in 11240.2191ms
[09:04:05 INF] (vicente.maria.vm17@gmail.com) Executed endpoint 'AppProject.Core.Controllers.General.CountrySummaryController.GetSummariesAsync (AppProject.Core.Controllers.General)'
[09:04:05 INF] () Request finished HTTP/2 GET https://localhost:7121/api/general/CountrySummary/GetSummaries?Take=100 - 200 null application/json; charset=utf-8 11254.5779ms
[10:26:35 INF] () Request starting HTTP/2 OPTIONS https://localhost:7121/api/general/Country/Get?Id=39562779-8b39-465a-5cf2-08dedb2ca33e - null null
[10:26:35 INF] () CORS policy execution successful.
[10:26:35 INF] () Request finished HTTP/2 OPTIONS https://localhost:7121/api/general/Country/Get?Id=39562779-8b39-465a-5cf2-08dedb2ca33e - 204 null null 3.6042ms
[10:26:35 INF] () Request starting HTTP/2 GET https://localhost:7121/api/general/Country/Get?Id=39562779-8b39-465a-5cf2-08dedb2ca33e - null null
[10:26:35 INF] () CORS policy execution successful.
[10:26:35 INF] (vicente.maria.vm17@gmail.com) Executing endpoint 'AppProject.Core.Controllers.General.CountryController.GetAsync (AppProject.Core.Controllers.General)'
[10:26:35 INF] (vicente.maria.vm17@gmail.com) Route matched with {action = "Get", controller = "Country"}. Executing controller action with signature System.Threading.Tasks.Task`1[Microsoft.AspNetCore.Mvc.IActionResult] GetAsync(AppProject.Models.GetByIdRequest`1[System.Guid], System.Threading.CancellationToken) on controller AppProject.Core.Controllers.General.CountryController (AppProject.Core.Controllers.General).
[10:26:35 INF] () Executed DbCommand (4ms) [Parameters=[], CommandType='"Text"', CommandTimeout='30']
SELECT TOP(1) [u].[Id], [u].[CreatedAt], [u].[CreatedByUserId], [u].[CreatedByUserName], [u].[Email], [u].[IsSystemAdmin], [u].[Name], [u].[RowVersion], [u].[UpdatedAt], [u].[UpdatedByUserId], [u].[UpdatedByUserName]
FROM [Users] AS [u]
WHERE [u].[IsSystemAdmin] = CAST(1 AS bit)
[10:26:35 INF] (vicente.maria.vm17@gmail.com) Executed DbCommand (3ms) [Parameters=[@__request_Id_0='?' (DbType = Guid)], CommandType='"Text"', CommandTimeout='30']
SELECT [c].[Id], [c].[Name], [c].[Code], [c].[RowVersion]
FROM [Countries] AS [c]
WHERE [c].[Id] = @__request_Id_0
[10:26:35 INF] (vicente.maria.vm17@gmail.com) Executing OkObjectResult, writing value of type 'AppProject.Models.EntityResponse`1[[AppProject.Core.Models.General.Country, AppProject.Core.Models.General, Version=1.0.0.0, Culture=neutral, PublicKeyToken=null]]'.
[10:26:35 INF] (vicente.maria.vm17@gmail.com) Executed action AppProject.Core.Controllers.General.CountryController.GetAsync (AppProject.Core.Controllers.General) in 34.0484ms
[10:26:35 INF] (vicente.maria.vm17@gmail.com) Executed endpoint 'AppProject.Core.Controllers.General.CountryController.GetAsync (AppProject.Core.Controllers.General)'
[10:26:35 INF] () Request finished HTTP/2 GET https://localhost:7121/api/general/Country/Get?Id=39562779-8b39-465a-5cf2-08dedb2ca33e - 200 null application/json; charset=utf-8 48.5201ms
[10:28:12 INF] () Request starting HTTP/2 OPTIONS https://localhost:7121/api/general/Country/Put - null null
[10:28:12 INF] () CORS policy execution successful.
[10:28:12 INF] () Request finished HTTP/2 OPTIONS https://localhost:7121/api/general/Country/Put - 204 null null 5.2189ms
[10:28:12 INF] () Request starting HTTP/2 PUT https://localhost:7121/api/general/Country/Put - application/json; charset=utf-8 118
[10:28:12 INF] () CORS policy execution successful.
[10:28:12 INF] (vicente.maria.vm17@gmail.com) Executing endpoint 'AppProject.Core.Controllers.General.CountryController.PutAsync (AppProject.Core.Controllers.General)'
[10:28:12 INF] (vicente.maria.vm17@gmail.com) Route matched with {action = "Put", controller = "Country"}. Executing controller action with signature System.Threading.Tasks.Task`1[Microsoft.AspNetCore.Mvc.IActionResult] PutAsync(AppProject.Models.CreateOrUpdateRequest`1[AppProject.Core.Models.General.Country], System.Threading.CancellationToken) on controller AppProject.Core.Controllers.General.CountryController (AppProject.Core.Controllers.General).
[10:28:27 INF] (vicente.maria.vm17@gmail.com) Executed DbCommand (37ms) [Parameters=[@__country_Name_0='?' (Size = 200), @__country_Id_1='?' (DbType = Guid)], CommandType='"Text"', CommandTimeout='30']
SELECT CASE
    WHEN EXISTS (
        SELECT 1
        FROM [Countries] AS [c]
        WHERE [c].[Name] = @__country_Name_0 AND [c].[Id] <> @__country_Id_1) THEN CAST(1 AS bit)
    ELSE CAST(0 AS bit)
END
[10:28:27 INF] (vicente.maria.vm17@gmail.com) Executed DbCommand (3ms) [Parameters=[@__request_Entity_Id_0='?' (DbType = Guid)], CommandType='"Text"', CommandTimeout='30']
SELECT [c].[Id], [c].[Code], [c].[CreatedAt], [c].[CreatedByUserId], [c].[CreatedByUserName], [c].[Name], [c].[RowVersion], [c].[UpdatedAt], [c].[UpdatedByUserId], [c].[UpdatedByUserName]
FROM [Countries] AS [c]
WHERE [c].[Id] = @__request_Entity_Id_0
[10:28:27 INF] (vicente.maria.vm17@gmail.com) Executing OkObjectResult, writing value of type 'AppProject.Models.KeyResponse`1[[System.Guid, System.Private.CoreLib, Version=9.0.0.0, Culture=neutral, PublicKeyToken=7cec85d7bea7798e]]'.
[10:28:27 INF] (vicente.maria.vm17@gmail.com) Executed action AppProject.Core.Controllers.General.CountryController.PutAsync (AppProject.Core.Controllers.General) in 15692.4722ms
[10:28:27 INF] (vicente.maria.vm17@gmail.com) Executed endpoint 'AppProject.Core.Controllers.General.CountryController.PutAsync (AppProject.Core.Controllers.General)'
[10:28:27 INF] () Request finished HTTP/2 PUT https://localhost:7121/api/general/Country/Put - 200 null application/json; charset=utf-8 15712.2136ms
[10:28:39 INF] () Request starting HTTP/2 OPTIONS https://localhost:7121/api/general/CountrySummary/GetSummaries?Take=100 - null null
[10:28:39 INF] () CORS policy execution successful.
[10:28:39 INF] () Request finished HTTP/2 OPTIONS https://localhost:7121/api/general/CountrySummary/GetSummaries?Take=100 - 204 null null 12.9228ms
[10:28:39 INF] () Request starting HTTP/2 GET https://localhost:7121/api/general/CountrySummary/GetSummaries?Take=100 - null null
[10:28:39 INF] () CORS policy execution successful.
[10:28:39 INF] (vicente.maria.vm17@gmail.com) Executing endpoint 'AppProject.Core.Controllers.General.CountrySummaryController.GetSummariesAsync (AppProject.Core.Controllers.General)'
[10:28:39 INF] (vicente.maria.vm17@gmail.com) Route matched with {action = "GetSummaries", controller = "CountrySummary"}. Executing controller action with signature System.Threading.Tasks.Task`1[Microsoft.AspNetCore.Mvc.IActionResult] GetSummariesAsync(AppProject.Models.SearchRequest, System.Threading.CancellationToken) on controller AppProject.Core.Controllers.General.CountrySummaryController (AppProject.Core.Controllers.General).
[10:28:50 INF] (vicente.maria.vm17@gmail.com) Executed DbCommand (5ms) [Parameters=[@__p_0='?' (DbType = Int32)], CommandType='"Text"', CommandTimeout='30']
SELECT TOP(@__p_0) [c].[Id], [c].[Name]
FROM [Countries] AS [c]
ORDER BY [c].[Name]
[10:28:50 INF] (vicente.maria.vm17@gmail.com) Executing OkObjectResult, writing value of type 'AppProject.Models.SummariesResponse`1[[AppProject.Core.Models.General.CountrySummary, AppProject.Core.Models, Version=1.0.0.0, Culture=neutral, PublicKeyToken=null]]'.
[10:28:50 INF] (vicente.maria.vm17@gmail.com) Executed action AppProject.Core.Controllers.General.CountrySummaryController.GetSummariesAsync (AppProject.Core.Controllers.General) in 11323.0923ms
[10:28:50 INF] (vicente.maria.vm17@gmail.com) Executed endpoint 'AppProject.Core.Controllers.General.CountrySummaryController.GetSummariesAsync (AppProject.Core.Controllers.General)'
[10:28:50 INF] () Request finished HTTP/2 GET https://localhost:7121/api/general/CountrySummary/GetSummaries?Take=100 - 200 null application/json; charset=utf-8 11372.2672ms
[10:30:04 INF] () Request starting HTTP/2 OPTIONS https://localhost:7121/api/general/Country/Get?Id=39562779-8b39-465a-5cf2-08dedb2ca33e - null null
[10:30:04 INF] () CORS policy execution successful.
[10:30:04 INF] () Request finished HTTP/2 OPTIONS https://localhost:7121/api/general/Country/Get?Id=39562779-8b39-465a-5cf2-08dedb2ca33e - 204 null null 3.6906ms
[10:30:04 INF] () Request starting HTTP/2 GET https://localhost:7121/api/general/Country/Get?Id=39562779-8b39-465a-5cf2-08dedb2ca33e - null null
[10:30:04 INF] () CORS policy execution successful.
[10:30:04 INF] (vicente.maria.vm17@gmail.com) Executing endpoint 'AppProject.Core.Controllers.General.CountryController.GetAsync (AppProject.Core.Controllers.General)'
[10:30:04 INF] (vicente.maria.vm17@gmail.com) Route matched with {action = "Get", controller = "Country"}. Executing controller action with signature System.Threading.Tasks.Task`1[Microsoft.AspNetCore.Mvc.IActionResult] GetAsync(AppProject.Models.GetByIdRequest`1[System.Guid], System.Threading.CancellationToken) on controller AppProject.Core.Controllers.General.CountryController (AppProject.Core.Controllers.General).
[10:30:04 INF] (vicente.maria.vm17@gmail.com) Executed DbCommand (4ms) [Parameters=[@__request_Id_0='?' (DbType = Guid)], CommandType='"Text"', CommandTimeout='30']
SELECT [c].[Id], [c].[Name], [c].[Code], [c].[RowVersion]
FROM [Countries] AS [c]
WHERE [c].[Id] = @__request_Id_0
[10:30:04 INF] (vicente.maria.vm17@gmail.com) Executing OkObjectResult, writing value of type 'AppProject.Models.EntityResponse`1[[AppProject.Core.Models.General.Country, AppProject.Core.Models.General, Version=1.0.0.0, Culture=neutral, PublicKeyToken=null]]'.
[10:30:04 INF] (vicente.maria.vm17@gmail.com) Executed action AppProject.Core.Controllers.General.CountryController.GetAsync (AppProject.Core.Controllers.General) in 10.6174ms
[10:30:04 INF] (vicente.maria.vm17@gmail.com) Executed endpoint 'AppProject.Core.Controllers.General.CountryController.GetAsync (AppProject.Core.Controllers.General)'
[10:30:04 INF] () Request finished HTTP/2 GET https://localhost:7121/api/general/Country/Get?Id=39562779-8b39-465a-5cf2-08dedb2ca33e - 200 null application/json; charset=utf-8 21.9178ms
[10:30:43 INF] () Request starting HTTP/2 OPTIONS https://localhost:7121/api/general/Country/Put - null null
[10:30:43 INF] () CORS policy execution successful.
[10:30:43 INF] () Request finished HTTP/2 OPTIONS https://localhost:7121/api/general/Country/Put - 204 null null 3.1734ms
[10:30:43 INF] () Request starting HTTP/2 PUT https://localhost:7121/api/general/Country/Put - application/json; charset=utf-8 118
[10:30:43 INF] () CORS policy execution successful.
[10:30:43 INF] (vicente.maria.vm17@gmail.com) Executing endpoint 'AppProject.Core.Controllers.General.CountryController.PutAsync (AppProject.Core.Controllers.General)'
[10:30:43 INF] (vicente.maria.vm17@gmail.com) Route matched with {action = "Put", controller = "Country"}. Executing controller action with signature System.Threading.Tasks.Task`1[Microsoft.AspNetCore.Mvc.IActionResult] PutAsync(AppProject.Models.CreateOrUpdateRequest`1[AppProject.Core.Models.General.Country], System.Threading.CancellationToken) on controller AppProject.Core.Controllers.General.CountryController (AppProject.Core.Controllers.General).
[10:30:46 INF] (vicente.maria.vm17@gmail.com) Executed DbCommand (6ms) [Parameters=[@__country_Name_0='?' (Size = 200), @__country_Id_1='?' (DbType = Guid)], CommandType='"Text"', CommandTimeout='30']
SELECT CASE
    WHEN EXISTS (
        SELECT 1
        FROM [Countries] AS [c]
        WHERE [c].[Name] = @__country_Name_0 AND [c].[Id] <> @__country_Id_1) THEN CAST(1 AS bit)
    ELSE CAST(0 AS bit)
END
[10:30:46 INF] (vicente.maria.vm17@gmail.com) Executed DbCommand (3ms) [Parameters=[@__request_Entity_Id_0='?' (DbType = Guid)], CommandType='"Text"', CommandTimeout='30']
SELECT [c].[Id], [c].[Code], [c].[CreatedAt], [c].[CreatedByUserId], [c].[CreatedByUserName], [c].[Name], [c].[RowVersion], [c].[UpdatedAt], [c].[UpdatedByUserId], [c].[UpdatedByUserName]
FROM [Countries] AS [c]
WHERE [c].[Id] = @__request_Entity_Id_0
[10:30:46 INF] (vicente.maria.vm17@gmail.com) Executing OkObjectResult, writing value of type 'AppProject.Models.KeyResponse`1[[System.Guid, System.Private.CoreLib, Version=9.0.0.0, Culture=neutral, PublicKeyToken=7cec85d7bea7798e]]'.
[10:30:46 INF] (vicente.maria.vm17@gmail.com) Executed action AppProject.Core.Controllers.General.CountryController.PutAsync (AppProject.Core.Controllers.General) in 2813.7551ms
[10:30:46 INF] (vicente.maria.vm17@gmail.com) Executed endpoint 'AppProject.Core.Controllers.General.CountryController.PutAsync (AppProject.Core.Controllers.General)'
[10:30:46 INF] () Request finished HTTP/2 PUT https://localhost:7121/api/general/Country/Put - 200 null application/json; charset=utf-8 2824.7901ms
[10:30:47 INF] () Request starting HTTP/2 OPTIONS https://localhost:7121/api/general/CountrySummary/GetSummaries?Take=100 - null null
[10:30:47 INF] () CORS policy execution successful.
[10:30:47 INF] () Request finished HTTP/2 OPTIONS https://localhost:7121/api/general/CountrySummary/GetSummaries?Take=100 - 204 null null 3.6617ms
[10:30:47 INF] () Request starting HTTP/2 GET https://localhost:7121/api/general/CountrySummary/GetSummaries?Take=100 - null null
[10:30:47 INF] () CORS policy execution successful.
[10:30:47 INF] (vicente.maria.vm17@gmail.com) Executing endpoint 'AppProject.Core.Controllers.General.CountrySummaryController.GetSummariesAsync (AppProject.Core.Controllers.General)'
[10:30:47 INF] (vicente.maria.vm17@gmail.com) Route matched with {action = "GetSummaries", controller = "CountrySummary"}. Executing controller action with signature System.Threading.Tasks.Task`1[Microsoft.AspNetCore.Mvc.IActionResult] GetSummariesAsync(AppProject.Models.SearchRequest, System.Threading.CancellationToken) on controller AppProject.Core.Controllers.General.CountrySummaryController (AppProject.Core.Controllers.General).
[10:30:49 INF] (vicente.maria.vm17@gmail.com) Executed DbCommand (1ms) [Parameters=[@__p_0='?' (DbType = Int32)], CommandType='"Text"', CommandTimeout='30']
SELECT TOP(@__p_0) [c].[Id], [c].[Name]
FROM [Countries] AS [c]
ORDER BY [c].[Name]
[10:30:49 INF] (vicente.maria.vm17@gmail.com) Executing OkObjectResult, writing value of type 'AppProject.Models.SummariesResponse`1[[AppProject.Core.Models.General.CountrySummary, AppProject.Core.Models, Version=1.0.0.0, Culture=neutral, PublicKeyToken=null]]'.
[10:30:49 INF] (vicente.maria.vm17@gmail.com) Executed action AppProject.Core.Controllers.General.CountrySummaryController.GetSummariesAsync (AppProject.Core.Controllers.General) in 2200.547ms
[10:30:49 INF] (vicente.maria.vm17@gmail.com) Executed endpoint 'AppProject.Core.Controllers.General.CountrySummaryController.GetSummariesAsync (AppProject.Core.Controllers.General)'
[10:30:49 INF] () Request finished HTTP/2 GET https://localhost:7121/api/general/CountrySummary/GetSummaries?Take=100 - 200 null application/json; charset=utf-8 2247.6948ms
[10:31:01 INF] () Request starting HTTP/2 OPTIONS https://localhost:7121/api/general/Country/Get?Id=39562779-8b39-465a-5cf2-08dedb2ca33e - null null
[10:31:01 INF] () CORS policy execution successful.
[10:31:01 INF] () Request finished HTTP/2 OPTIONS https://localhost:7121/api/general/Country/Get?Id=39562779-8b39-465a-5cf2-08dedb2ca33e - 204 null null 4.6624ms
[10:31:01 INF] () Request starting HTTP/2 GET https://localhost:7121/api/general/Country/Get?Id=39562779-8b39-465a-5cf2-08dedb2ca33e - null null
[10:31:01 INF] () CORS policy execution successful.
[10:31:01 INF] (vicente.maria.vm17@gmail.com) Executing endpoint 'AppProject.Core.Controllers.General.CountryController.GetAsync (AppProject.Core.Controllers.General)'
[10:31:01 INF] (vicente.maria.vm17@gmail.com) Route matched with {action = "Get", controller = "Country"}. Executing controller action with signature System.Threading.Tasks.Task`1[Microsoft.AspNetCore.Mvc.IActionResult] GetAsync(AppProject.Models.GetByIdRequest`1[System.Guid], System.Threading.CancellationToken) on controller AppProject.Core.Controllers.General.CountryController (AppProject.Core.Controllers.General).
[10:31:01 INF] (vicente.maria.vm17@gmail.com) Executed DbCommand (3ms) [Parameters=[@__request_Id_0='?' (DbType = Guid)], CommandType='"Text"', CommandTimeout='30']
SELECT [c].[Id], [c].[Name], [c].[Code], [c].[RowVersion]
FROM [Countries] AS [c]
WHERE [c].[Id] = @__request_Id_0
[10:31:01 INF] (vicente.maria.vm17@gmail.com) Executing OkObjectResult, writing value of type 'AppProject.Models.EntityResponse`1[[AppProject.Core.Models.General.Country, AppProject.Core.Models.General, Version=1.0.0.0, Culture=neutral, PublicKeyToken=null]]'.
[10:31:01 INF] (vicente.maria.vm17@gmail.com) Executed action AppProject.Core.Controllers.General.CountryController.GetAsync (AppProject.Core.Controllers.General) in 7.0481ms
[10:31:01 INF] (vicente.maria.vm17@gmail.com) Executed endpoint 'AppProject.Core.Controllers.General.CountryController.GetAsync (AppProject.Core.Controllers.General)'
[10:31:01 INF] () Request finished HTTP/2 GET https://localhost:7121/api/general/Country/Get?Id=39562779-8b39-465a-5cf2-08dedb2ca33e - 200 null application/json; charset=utf-8 45.9459ms
[10:33:06 INF] () Request starting HTTP/2 OPTIONS https://localhost:7121/api/general/CountrySummary/GetSummaries?Take=100 - null null
[10:33:06 INF] () CORS policy execution successful.
[10:33:06 INF] () Request finished HTTP/2 OPTIONS https://localhost:7121/api/general/CountrySummary/GetSummaries?Take=100 - 204 null null 5.3496ms
[10:33:06 INF] () Request starting HTTP/2 GET https://localhost:7121/api/general/CountrySummary/GetSummaries?Take=100 - null null
[10:33:06 INF] () CORS policy execution successful.
[10:33:06 INF] (vicente.maria.vm17@gmail.com) Executing endpoint 'AppProject.Core.Controllers.General.CountrySummaryController.GetSummariesAsync (AppProject.Core.Controllers.General)'
[10:33:06 INF] (vicente.maria.vm17@gmail.com) Route matched with {action = "GetSummaries", controller = "CountrySummary"}. Executing controller action with signature System.Threading.Tasks.Task`1[Microsoft.AspNetCore.Mvc.IActionResult] GetSummariesAsync(AppProject.Models.SearchRequest, System.Threading.CancellationToken) on controller AppProject.Core.Controllers.General.CountrySummaryController (AppProject.Core.Controllers.General).
[10:33:10 INF] (vicente.maria.vm17@gmail.com) Executed DbCommand (4ms) [Parameters=[@__p_0='?' (DbType = Int32)], CommandType='"Text"', CommandTimeout='30']
SELECT TOP(@__p_0) [c].[Id], [c].[Name]
FROM [Countries] AS [c]
ORDER BY [c].[Name]
[10:33:10 INF] (vicente.maria.vm17@gmail.com) Executing OkObjectResult, writing value of type 'AppProject.Models.SummariesResponse`1[[AppProject.Core.Models.General.CountrySummary, AppProject.Core.Models, Version=1.0.0.0, Culture=neutral, PublicKeyToken=null]]'.
[10:33:10 INF] (vicente.maria.vm17@gmail.com) Executed action AppProject.Core.Controllers.General.CountrySummaryController.GetSummariesAsync (AppProject.Core.Controllers.General) in 4072.5712ms
[10:33:10 INF] (vicente.maria.vm17@gmail.com) Executed endpoint 'AppProject.Core.Controllers.General.CountrySummaryController.GetSummariesAsync (AppProject.Core.Controllers.General)'
[10:33:10 INF] () Request finished HTTP/2 GET https://localhost:7121/api/general/CountrySummary/GetSummaries?Take=100 - 200 null application/json; charset=utf-8 4115.4973ms
[10:33:53 INF] () Request starting HTTP/2 OPTIONS https://localhost:7121/api/general/Country/Post - null null
[10:33:53 INF] () CORS policy execution successful.
[10:33:53 INF] () Request finished HTTP/2 OPTIONS https://localhost:7121/api/general/Country/Post - 204 null null 18.469ms
[10:33:53 INF] () Request starting HTTP/2 POST https://localhost:7121/api/general/Country/Post - application/json; charset=utf-8 70
[10:33:53 INF] () CORS policy execution successful.
[10:33:53 INF] (vicente.maria.vm17@gmail.com) Executing endpoint 'AppProject.Core.Controllers.General.CountryController.PostAsync (AppProject.Core.Controllers.General)'
[10:33:53 INF] (vicente.maria.vm17@gmail.com) Route matched with {action = "Post", controller = "Country"}. Executing controller action with signature System.Threading.Tasks.Task`1[Microsoft.AspNetCore.Mvc.IActionResult] PostAsync(AppProject.Models.CreateOrUpdateRequest`1[AppProject.Core.Models.General.Country], System.Threading.CancellationToken) on controller AppProject.Core.Controllers.General.CountryController (AppProject.Core.Controllers.General).
[10:34:00 INF] () Executed DbCommand (7ms) [Parameters=[], CommandType='"Text"', CommandTimeout='30']
SELECT TOP(1) [u].[Id], [u].[CreatedAt], [u].[CreatedByUserId], [u].[CreatedByUserName], [u].[Email], [u].[IsSystemAdmin], [u].[Name], [u].[RowVersion], [u].[UpdatedAt], [u].[UpdatedByUserId], [u].[UpdatedByUserName]
FROM [Users] AS [u]
WHERE [u].[IsSystemAdmin] = CAST(1 AS bit)
[10:34:00 INF] (vicente.maria.vm17@gmail.com) Executed DbCommand (2ms) [Parameters=[@__country_Name_0='?' (Size = 200)], CommandType='"Text"', CommandTimeout='30']
SELECT CASE
    WHEN EXISTS (
        SELECT 1
        FROM [Countries] AS [c]
        WHERE [c].[Name] = @__country_Name_0) THEN CAST(1 AS bit)
    ELSE CAST(0 AS bit)
END
[10:34:26 INF] (vicente.maria.vm17@gmail.com) Executed action AppProject.Core.Controllers.General.CountryController.PostAsync (AppProject.Core.Controllers.General) in 33598.9678ms
[10:34:26 INF] (vicente.maria.vm17@gmail.com) Executed endpoint 'AppProject.Core.Controllers.General.CountryController.PostAsync (AppProject.Core.Controllers.General)'
[10:34:31 ERR] () AppProject.Exceptions.AppException: Exception of type 'AppProject.Exceptions.AppException' was thrown.
   at AppProject.Core.Services.General.CountryService.ValidateCountryAsync(Country country, CancellationToken cancellationToken) in C:\Course\dotnet-template\AppProject.Core.Services.General\CountryService.cs:line 95
   at AppProject.Core.Services.General.CountryService.PostEntityAsync(CreateOrUpdateRequest`1 request, CancellationToken cancellationToken) in C:\Course\dotnet-template\AppProject.Core.Services.General\CountryService.cs:line 39
   at AppProject.Core.Controllers.General.CountryController.PostAsync(CreateOrUpdateRequest`1 request, CancellationToken cancellationToken) in C:\Course\dotnet-template\AppProject.Core.Controllers.General\CountryController.cs:line 25
   at Microsoft.AspNetCore.Mvc.Infrastructure.ActionMethodExecutor.TaskOfIActionResultExecutor.Execute(ActionContext actionContext, IActionResultTypeMapper mapper, ObjectMethodExecutor executor, Object controller, Object[] arguments)
   at Microsoft.AspNetCore.Mvc.Infrastructure.ControllerActionInvoker.<InvokeActionMethodAsync>g__Awaited|12_0(ControllerActionInvoker invoker, ValueTask`1 actionResultValueTask)
   at Microsoft.AspNetCore.Mvc.Infrastructure.ControllerActionInvoker.<InvokeNextActionFilterAsync>g__Awaited|10_0(ControllerActionInvoker invoker, Task lastTask, State next, Scope scope, Object state, Boolean isCompleted)
   at Microsoft.AspNetCore.Mvc.Infrastructure.ControllerActionInvoker.Rethrow(ActionExecutedContextSealed context)
   at Microsoft.AspNetCore.Mvc.Infrastructure.ControllerActionInvoker.Next(State& next, Scope& scope, Object& state, Boolean& isCompleted)
   at Microsoft.AspNetCore.Mvc.Infrastructure.ControllerActionInvoker.<InvokeInnerFilterAsync>g__Awaited|13_0(ControllerActionInvoker invoker, Task lastTask, State next, Scope scope, Object state, Boolean isCompleted)
   at Microsoft.AspNetCore.Mvc.Infrastructure.ResourceInvoker.<InvokeFilterPipelineAsync>g__Awaited|20_0(ResourceInvoker invoker, Task lastTask, State next, Scope scope, Object state, Boolean isCompleted)
   at Microsoft.AspNetCore.Mvc.Infrastructure.ResourceInvoker.<InvokeAsync>g__Logged|17_1(ResourceInvoker invoker)
   at Microsoft.AspNetCore.Mvc.Infrastructure.ResourceInvoker.<InvokeAsync>g__Logged|17_1(ResourceInvoker invoker)
   at Microsoft.AspNetCore.Routing.EndpointMiddleware.<Invoke>g__AwaitRequestTask|7_0(Endpoint endpoint, Task requestTask, ILogger logger)
   at AppProject.Core.API.Middlewares.SerilogUserEnricherMiddleware.Invoke(HttpContext context) in C:\Course\dotnet-template\AppProject.Core.API\Middlewares\SerilogUserEnricherMiddleware.cs:line 17
   at Microsoft.AspNetCore.Authorization.AuthorizationMiddleware.Invoke(HttpContext context)
   at Microsoft.AspNetCore.Authentication.AuthenticationMiddleware.Invoke(HttpContext context)
   at Microsoft.AspNetCore.RateLimiting.RateLimitingMiddleware.InvokeInternal(HttpContext context, EnableRateLimitingAttribute enableRateLimitingAttribute)
   at AppProject.Core.API.Middlewares.ExceptionMiddleware.InvokeAsync(HttpContext context) in C:\Course\dotnet-template\AppProject.Core.API\Middlewares\ExceptionMiddleware.cs:line 23
[10:34:31 INF] () Request finished HTTP/2 POST https://localhost:7121/api/general/Country/Post - 500 null application/json 38082.6607ms
[10:36:03 INF] () Request starting HTTP/2 OPTIONS https://localhost:7121/api/general/Country/Post - null null
[10:36:03 INF] () CORS policy execution successful.
[10:36:03 INF] () Request finished HTTP/2 OPTIONS https://localhost:7121/api/general/Country/Post - 204 null null 3.7198ms
[10:36:03 INF] () Request starting HTTP/2 POST https://localhost:7121/api/general/Country/Post - application/json; charset=utf-8 70
[10:36:03 INF] () CORS policy execution successful.
[10:36:03 INF] (vicente.maria.vm17@gmail.com) Executing endpoint 'AppProject.Core.Controllers.General.CountryController.PostAsync (AppProject.Core.Controllers.General)'
[10:36:03 INF] (vicente.maria.vm17@gmail.com) Route matched with {action = "Post", controller = "Country"}. Executing controller action with signature System.Threading.Tasks.Task`1[Microsoft.AspNetCore.Mvc.IActionResult] PostAsync(AppProject.Models.CreateOrUpdateRequest`1[AppProject.Core.Models.General.Country], System.Threading.CancellationToken) on controller AppProject.Core.Controllers.General.CountryController (AppProject.Core.Controllers.General).
[10:36:08 INF] (vicente.maria.vm17@gmail.com) Executed DbCommand (3ms) [Parameters=[@__country_Name_0='?' (Size = 200)], CommandType='"Text"', CommandTimeout='30']
SELECT CASE
    WHEN EXISTS (
        SELECT 1
        FROM [Countries] AS [c]
        WHERE [c].[Name] = @__country_Name_0) THEN CAST(1 AS bit)
    ELSE CAST(0 AS bit)
END
[10:36:14 INF] (vicente.maria.vm17@gmail.com) Executed action AppProject.Core.Controllers.General.CountryController.PostAsync (AppProject.Core.Controllers.General) in 10531.7726ms
[10:36:14 INF] (vicente.maria.vm17@gmail.com) Executed endpoint 'AppProject.Core.Controllers.General.CountryController.PostAsync (AppProject.Core.Controllers.General)'
[10:36:32 ERR] () AppProject.Exceptions.AppException: Exception of type 'AppProject.Exceptions.AppException' was thrown.
   at AppProject.Core.Services.General.CountryService.ValidateCountryAsync(Country country, CancellationToken cancellationToken) in C:\Course\dotnet-template\AppProject.Core.Services.General\CountryService.cs:line 95
   at AppProject.Core.Services.General.CountryService.PostEntityAsync(CreateOrUpdateRequest`1 request, CancellationToken cancellationToken) in C:\Course\dotnet-template\AppProject.Core.Services.General\CountryService.cs:line 39
   at AppProject.Core.Controllers.General.CountryController.PostAsync(CreateOrUpdateRequest`1 request, CancellationToken cancellationToken) in C:\Course\dotnet-template\AppProject.Core.Controllers.General\CountryController.cs:line 25
   at Microsoft.AspNetCore.Mvc.Infrastructure.ActionMethodExecutor.TaskOfIActionResultExecutor.Execute(ActionContext actionContext, IActionResultTypeMapper mapper, ObjectMethodExecutor executor, Object controller, Object[] arguments)
   at Microsoft.AspNetCore.Mvc.Infrastructure.ControllerActionInvoker.<InvokeActionMethodAsync>g__Awaited|12_0(ControllerActionInvoker invoker, ValueTask`1 actionResultValueTask)
   at Microsoft.AspNetCore.Mvc.Infrastructure.ControllerActionInvoker.<InvokeNextActionFilterAsync>g__Awaited|10_0(ControllerActionInvoker invoker, Task lastTask, State next, Scope scope, Object state, Boolean isCompleted)
   at Microsoft.AspNetCore.Mvc.Infrastructure.ControllerActionInvoker.Rethrow(ActionExecutedContextSealed context)
   at Microsoft.AspNetCore.Mvc.Infrastructure.ControllerActionInvoker.Next(State& next, Scope& scope, Object& state, Boolean& isCompleted)
   at Microsoft.AspNetCore.Mvc.Infrastructure.ControllerActionInvoker.<InvokeInnerFilterAsync>g__Awaited|13_0(ControllerActionInvoker invoker, Task lastTask, State next, Scope scope, Object state, Boolean isCompleted)
   at Microsoft.AspNetCore.Mvc.Infrastructure.ResourceInvoker.<InvokeFilterPipelineAsync>g__Awaited|20_0(ResourceInvoker invoker, Task lastTask, State next, Scope scope, Object state, Boolean isCompleted)
   at Microsoft.AspNetCore.Mvc.Infrastructure.ResourceInvoker.<InvokeAsync>g__Logged|17_1(ResourceInvoker invoker)
   at Microsoft.AspNetCore.Mvc.Infrastructure.ResourceInvoker.<InvokeAsync>g__Logged|17_1(ResourceInvoker invoker)
   at Microsoft.AspNetCore.Routing.EndpointMiddleware.<Invoke>g__AwaitRequestTask|7_0(Endpoint endpoint, Task requestTask, ILogger logger)
   at AppProject.Core.API.Middlewares.SerilogUserEnricherMiddleware.Invoke(HttpContext context) in C:\Course\dotnet-template\AppProject.Core.API\Middlewares\SerilogUserEnricherMiddleware.cs:line 17
   at Microsoft.AspNetCore.Authorization.AuthorizationMiddleware.Invoke(HttpContext context)
   at Microsoft.AspNetCore.Authentication.AuthenticationMiddleware.Invoke(HttpContext context)
   at Microsoft.AspNetCore.RateLimiting.RateLimitingMiddleware.InvokeInternal(HttpContext context, EnableRateLimitingAttribute enableRateLimitingAttribute)
   at AppProject.Core.API.Middlewares.ExceptionMiddleware.InvokeAsync(HttpContext context) in C:\Course\dotnet-template\AppProject.Core.API\Middlewares\ExceptionMiddleware.cs:line 23
[10:37:01 INF] () Request finished HTTP/2 POST https://localhost:7121/api/general/Country/Post - 500 null application/json 58118.9258ms
[10:37:12 INF] () Request starting HTTP/2 OPTIONS https://localhost:7121/api/general/CountrySummary/GetSummaries?Take=100 - null null
[10:37:12 INF] () CORS policy execution successful.
[10:37:12 INF] () Request finished HTTP/2 OPTIONS https://localhost:7121/api/general/CountrySummary/GetSummaries?Take=100 - 204 null null 4.1583ms
[10:37:12 INF] () Request starting HTTP/2 GET https://localhost:7121/api/general/CountrySummary/GetSummaries?Take=100 - null null
[10:37:14 INF] () CORS policy execution successful.
[10:37:14 INF] (vicente.maria.vm17@gmail.com) Executing endpoint 'AppProject.Core.Controllers.General.CountrySummaryController.GetSummariesAsync (AppProject.Core.Controllers.General)'
[10:37:14 INF] (vicente.maria.vm17@gmail.com) Route matched with {action = "GetSummaries", controller = "CountrySummary"}. Executing controller action with signature System.Threading.Tasks.Task`1[Microsoft.AspNetCore.Mvc.IActionResult] GetSummariesAsync(AppProject.Models.SearchRequest, System.Threading.CancellationToken) on controller AppProject.Core.Controllers.General.CountrySummaryController (AppProject.Core.Controllers.General).
[10:37:15 INF] (vicente.maria.vm17@gmail.com) Executed DbCommand (3ms) [Parameters=[@__p_0='?' (DbType = Int32)], CommandType='"Text"', CommandTimeout='30']
SELECT TOP(@__p_0) [c].[Id], [c].[Name]
FROM [Countries] AS [c]
ORDER BY [c].[Name]
[10:37:15 INF] (vicente.maria.vm17@gmail.com) Executing OkObjectResult, writing value of type 'AppProject.Models.SummariesResponse`1[[AppProject.Core.Models.General.CountrySummary, AppProject.Core.Models, Version=1.0.0.0, Culture=neutral, PublicKeyToken=null]]'.
[10:37:15 INF] (vicente.maria.vm17@gmail.com) Executed action AppProject.Core.Controllers.General.CountrySummaryController.GetSummariesAsync (AppProject.Core.Controllers.General) in 1017.8145ms
[10:37:15 INF] (vicente.maria.vm17@gmail.com) Executed endpoint 'AppProject.Core.Controllers.General.CountrySummaryController.GetSummariesAsync (AppProject.Core.Controllers.General)'
[10:37:15 INF] () Request finished HTTP/2 GET https://localhost:7121/api/general/CountrySummary/GetSummaries?Take=100 - 200 null application/json; charset=utf-8 3016.0136ms
[10:38:12 INF] () Request starting HTTP/2 OPTIONS https://localhost:7121/api/general/Country/Delete?Id=39562779-8b39-465a-5cf2-08dedb2ca33e - null null
[10:38:12 INF] () CORS policy execution successful.
[10:38:12 INF] () Request finished HTTP/2 OPTIONS https://localhost:7121/api/general/Country/Delete?Id=39562779-8b39-465a-5cf2-08dedb2ca33e - 204 null null 4.8999ms
[10:38:12 INF] () Request starting HTTP/2 DELETE https://localhost:7121/api/general/Country/Delete?Id=39562779-8b39-465a-5cf2-08dedb2ca33e - null null
[10:38:12 INF] () CORS policy execution successful.
[10:38:12 INF] (vicente.maria.vm17@gmail.com) Executing endpoint 'AppProject.Core.Controllers.General.CountryController.DeleteAsync (AppProject.Core.Controllers.General)'
[10:38:12 INF] (vicente.maria.vm17@gmail.com) Route matched with {action = "Delete", controller = "Country"}. Executing controller action with signature System.Threading.Tasks.Task`1[Microsoft.AspNetCore.Mvc.IActionResult] DeleteAsync(AppProject.Models.DeleteRequest`1[System.Guid], System.Threading.CancellationToken) on controller AppProject.Core.Controllers.General.CountryController (AppProject.Core.Controllers.General).
[10:38:24 INF] (vicente.maria.vm17@gmail.com) Executed DbCommand (15ms) [Parameters=[@__request_Id_0='?' (DbType = Guid)], CommandType='"Text"', CommandTimeout='30']
SELECT [c].[Id], [c].[Code], [c].[CreatedAt], [c].[CreatedByUserId], [c].[CreatedByUserName], [c].[Name], [c].[RowVersion], [c].[UpdatedAt], [c].[UpdatedByUserId], [c].[UpdatedByUserName]
FROM [Countries] AS [c]
WHERE [c].[Id] = @__request_Id_0
[10:38:24 INF] (vicente.maria.vm17@gmail.com) Executed DbCommand (11ms) [Parameters=[@p0='?' (DbType = Guid), @p1='?' (Size = 8) (DbType = Binary)], CommandType='"Text"', CommandTimeout='30']
SET IMPLICIT_TRANSACTIONS OFF;
SET NOCOUNT ON;
DELETE FROM [Countries]
OUTPUT 1
WHERE [Id] = @p0 AND [RowVersion] = @p1;
[10:38:26 INF] (vicente.maria.vm17@gmail.com) Executing OkObjectResult, writing value of type 'AppProject.Models.EmptyResponse'.
[10:38:26 INF] (vicente.maria.vm17@gmail.com) Executed action AppProject.Core.Controllers.General.CountryController.DeleteAsync (AppProject.Core.Controllers.General) in 13980.7526ms
[10:38:26 INF] (vicente.maria.vm17@gmail.com) Executed endpoint 'AppProject.Core.Controllers.General.CountryController.DeleteAsync (AppProject.Core.Controllers.General)'
[10:38:44 INF] () Request finished HTTP/2 DELETE https://localhost:7121/api/general/Country/Delete?Id=39562779-8b39-465a-5cf2-08dedb2ca33e - 200 null application/json; charset=utf-8 32224.224ms
[10:38:49 INF] () Request starting HTTP/2 OPTIONS https://localhost:7121/api/general/CountrySummary/GetSummaries?Take=100 - null null
[10:38:49 INF] () CORS policy execution successful.
[10:38:49 INF] () Request finished HTTP/2 OPTIONS https://localhost:7121/api/general/CountrySummary/GetSummaries?Take=100 - 204 null null 3.43ms
[10:38:49 INF] () Request starting HTTP/2 GET https://localhost:7121/api/general/CountrySummary/GetSummaries?Take=100 - null null
[10:38:49 INF] () CORS policy execution successful.
[10:38:49 INF] (vicente.maria.vm17@gmail.com) Executing endpoint 'AppProject.Core.Controllers.General.CountrySummaryController.GetSummariesAsync (AppProject.Core.Controllers.General)'
[10:38:49 INF] (vicente.maria.vm17@gmail.com) Route matched with {action = "GetSummaries", controller = "CountrySummary"}. Executing controller action with signature System.Threading.Tasks.Task`1[Microsoft.AspNetCore.Mvc.IActionResult] GetSummariesAsync(AppProject.Models.SearchRequest, System.Threading.CancellationToken) on controller AppProject.Core.Controllers.General.CountrySummaryController (AppProject.Core.Controllers.General).
[10:38:56 INF] (vicente.maria.vm17@gmail.com) Executed DbCommand (4ms) [Parameters=[@__p_0='?' (DbType = Int32)], CommandType='"Text"', CommandTimeout='30']
SELECT TOP(@__p_0) [c].[Id], [c].[Name]
FROM [Countries] AS [c]
ORDER BY [c].[Name]
[10:38:56 INF] (vicente.maria.vm17@gmail.com) Executing OkObjectResult, writing value of type 'AppProject.Models.SummariesResponse`1[[AppProject.Core.Models.General.CountrySummary, AppProject.Core.Models, Version=1.0.0.0, Culture=neutral, PublicKeyToken=null]]'.
[10:38:56 INF] (vicente.maria.vm17@gmail.com) Executed action AppProject.Core.Controllers.General.CountrySummaryController.GetSummariesAsync (AppProject.Core.Controllers.General) in 6518.9242ms
[10:38:56 INF] (vicente.maria.vm17@gmail.com) Executed endpoint 'AppProject.Core.Controllers.General.CountrySummaryController.GetSummariesAsync (AppProject.Core.Controllers.General)'
[10:38:56 INF] () Request finished HTTP/2 GET https://localhost:7121/api/general/CountrySummary/GetSummaries?Take=100 - 200 null application/json; charset=utf-8 6529.6054ms
[10:39:20 INF] () Request starting HTTP/2 OPTIONS https://localhost:7121/api/auth/Permission/GetCurrentUserPermissions - null null
[10:39:20 INF] () CORS policy execution successful.
[10:39:20 INF] () Request finished HTTP/2 OPTIONS https://localhost:7121/api/auth/Permission/GetCurrentUserPermissions - 204 null null 3.9562ms
[10:39:20 INF] () Request starting HTTP/2 GET https://localhost:7121/api/auth/Permission/GetCurrentUserPermissions - null null
[10:39:20 INF] () CORS policy execution successful.
[10:39:20 INF] (vicente.maria.vm17@gmail.com) Executing endpoint 'AppProject.Core.API.Controllers.Auth.PermissionController.GetCurrentUserPermissionsAsync (AppProject.Core.API)'
[10:39:20 INF] (vicente.maria.vm17@gmail.com) Route matched with {action = "GetCurrentUserPermissions", controller = "Permission"}. Executing controller action with signature System.Threading.Tasks.Task`1[Microsoft.AspNetCore.Mvc.IActionResult] GetCurrentUserPermissionsAsync(AppProject.Models.Auth.PermissionContext, System.Threading.CancellationToken) on controller AppProject.Core.API.Controllers.Auth.PermissionController (AppProject.Core.API).
[10:39:20 INF] () Executed DbCommand (19ms) [Parameters=[], CommandType='"Text"', CommandTimeout='30']
SELECT TOP(1) [u].[Id], [u].[CreatedAt], [u].[CreatedByUserId], [u].[CreatedByUserName], [u].[Email], [u].[IsSystemAdmin], [u].[Name], [u].[RowVersion], [u].[UpdatedAt], [u].[UpdatedByUserId], [u].[UpdatedByUserName]
FROM [Users] AS [u]
WHERE [u].[IsSystemAdmin] = CAST(1 AS bit)
[10:39:20 INF] (vicente.maria.vm17@gmail.com) Executing OkObjectResult, writing value of type 'AppProject.Models.Auth.PermissionType[]'.
[10:39:20 INF] (vicente.maria.vm17@gmail.com) Executed action AppProject.Core.API.Controllers.Auth.PermissionController.GetCurrentUserPermissionsAsync (AppProject.Core.API) in 31.9591ms
[10:39:20 INF] (vicente.maria.vm17@gmail.com) Executed endpoint 'AppProject.Core.API.Controllers.Auth.PermissionController.GetCurrentUserPermissionsAsync (AppProject.Core.API)'
[10:39:20 INF] () Request finished HTTP/2 GET https://localhost:7121/api/auth/Permission/GetCurrentUserPermissions - 200 null application/json; charset=utf-8 52.2395ms
[10:39:26 INF] () Request starting HTTP/2 OPTIONS https://localhost:7121/api/general/CountrySummary/GetSummaries?Take=100 - null null
[10:39:26 INF] () CORS policy execution successful.
[10:39:26 INF] () Request finished HTTP/2 OPTIONS https://localhost:7121/api/general/CountrySummary/GetSummaries?Take=100 - 204 null null 10.5009ms
[10:39:26 INF] () Request starting HTTP/2 GET https://localhost:7121/api/general/CountrySummary/GetSummaries?Take=100 - null null
[10:39:26 INF] () CORS policy execution successful.
[10:39:26 INF] (vicente.maria.vm17@gmail.com) Executing endpoint 'AppProject.Core.Controllers.General.CountrySummaryController.GetSummariesAsync (AppProject.Core.Controllers.General)'
[10:39:26 INF] (vicente.maria.vm17@gmail.com) Route matched with {action = "GetSummaries", controller = "CountrySummary"}. Executing controller action with signature System.Threading.Tasks.Task`1[Microsoft.AspNetCore.Mvc.IActionResult] GetSummariesAsync(AppProject.Models.SearchRequest, System.Threading.CancellationToken) on controller AppProject.Core.Controllers.General.CountrySummaryController (AppProject.Core.Controllers.General).
[10:39:30 INF] (vicente.maria.vm17@gmail.com) Executed DbCommand (37ms) [Parameters=[@__p_0='?' (DbType = Int32)], CommandType='"Text"', CommandTimeout='30']
SELECT TOP(@__p_0) [c].[Id], [c].[Name]
FROM [Countries] AS [c]
ORDER BY [c].[Name]
[10:39:30 INF] (vicente.maria.vm17@gmail.com) Executing OkObjectResult, writing value of type 'AppProject.Models.SummariesResponse`1[[AppProject.Core.Models.General.CountrySummary, AppProject.Core.Models, Version=1.0.0.0, Culture=neutral, PublicKeyToken=null]]'.
[10:39:30 INF] (vicente.maria.vm17@gmail.com) Executed action AppProject.Core.Controllers.General.CountrySummaryController.GetSummariesAsync (AppProject.Core.Controllers.General) in 4066.2774ms
[10:39:30 INF] (vicente.maria.vm17@gmail.com) Executed endpoint 'AppProject.Core.Controllers.General.CountrySummaryController.GetSummariesAsync (AppProject.Core.Controllers.General)'
[10:39:30 INF] () Request finished HTTP/2 GET https://localhost:7121/api/general/CountrySummary/GetSummaries?Take=100 - 200 null application/json; charset=utf-8 4080.8311ms
[10:42:21 INF] () Request starting HTTP/2 OPTIONS https://localhost:7121/api/auth/Permission/GetCurrentUserPermissions - null null
[10:42:21 INF] () CORS policy execution successful.
[10:42:21 INF] () Request finished HTTP/2 OPTIONS https://localhost:7121/api/auth/Permission/GetCurrentUserPermissions - 204 null null 5.4081ms
[10:42:21 INF] () Request starting HTTP/2 GET https://localhost:7121/api/auth/Permission/GetCurrentUserPermissions - null null
[10:42:21 INF] () CORS policy execution successful.
[10:42:21 INF] (vicente.maria.vm17@gmail.com) Executing endpoint 'AppProject.Core.API.Controllers.Auth.PermissionController.GetCurrentUserPermissionsAsync (AppProject.Core.API)'
[10:42:21 INF] (vicente.maria.vm17@gmail.com) Route matched with {action = "GetCurrentUserPermissions", controller = "Permission"}. Executing controller action with signature System.Threading.Tasks.Task`1[Microsoft.AspNetCore.Mvc.IActionResult] GetCurrentUserPermissionsAsync(AppProject.Models.Auth.PermissionContext, System.Threading.CancellationToken) on controller AppProject.Core.API.Controllers.Auth.PermissionController (AppProject.Core.API).
[10:42:21 INF] (vicente.maria.vm17@gmail.com) Executing OkObjectResult, writing value of type 'AppProject.Models.Auth.PermissionType[]'.
[10:42:21 INF] (vicente.maria.vm17@gmail.com) Executed action AppProject.Core.API.Controllers.Auth.PermissionController.GetCurrentUserPermissionsAsync (AppProject.Core.API) in 2.5798ms
[10:42:21 INF] (vicente.maria.vm17@gmail.com) Executed endpoint 'AppProject.Core.API.Controllers.Auth.PermissionController.GetCurrentUserPermissionsAsync (AppProject.Core.API)'
[10:42:21 INF] () Request finished HTTP/2 GET https://localhost:7121/api/auth/Permission/GetCurrentUserPermissions - 200 null application/json; charset=utf-8 25.5549ms
[10:42:35 INF] () Request starting HTTP/2 OPTIONS https://localhost:7121/api/general/Country/Post - null null
[10:42:35 INF] () CORS policy execution successful.
[10:42:35 INF] () Request finished HTTP/2 OPTIONS https://localhost:7121/api/general/Country/Post - 204 null null 9.6284ms
[10:42:35 INF] () Request starting HTTP/2 POST https://localhost:7121/api/general/Country/Post - application/json; charset=utf-8 72
[10:42:35 INF] () CORS policy execution successful.
[10:42:35 INF] (vicente.maria.vm17@gmail.com) Executing endpoint 'AppProject.Core.Controllers.General.CountryController.PostAsync (AppProject.Core.Controllers.General)'
[10:42:35 INF] (vicente.maria.vm17@gmail.com) Route matched with {action = "Post", controller = "Country"}. Executing controller action with signature System.Threading.Tasks.Task`1[Microsoft.AspNetCore.Mvc.IActionResult] PostAsync(AppProject.Models.CreateOrUpdateRequest`1[AppProject.Core.Models.General.Country], System.Threading.CancellationToken) on controller AppProject.Core.Controllers.General.CountryController (AppProject.Core.Controllers.General).
[13:27:44 INF] () Start installing Hangfire SQL objects...
[13:27:44 INF] () Hangfire SQL objects installed.
[13:27:45 INF] () Executed DbCommand (15ms) [Parameters=[], CommandType='"Text"', CommandTimeout='30']
SELECT 1
[13:27:45 INF] () Acquiring an exclusive lock for migration application. See https://aka.ms/efcore-docs-migrations-lock for more information if this takes too long.
[13:27:45 INF] () Executed DbCommand (8ms) [Parameters=[], CommandType='"Text"', CommandTimeout='30']
DECLARE @result int;
EXEC @result = sp_getapplock @Resource = '__EFMigrationsLock', @LockOwner = 'Session', @LockMode = 'Exclusive';
SELECT @result
[13:27:45 INF] () Executed DbCommand (4ms) [Parameters=[], CommandType='"Text"', CommandTimeout='30']
IF OBJECT_ID(N'[__EFMigrationsHistory]') IS NULL
BEGIN
    CREATE TABLE [__EFMigrationsHistory] (
        [MigrationId] nvarchar(150) NOT NULL,
        [ProductVersion] nvarchar(32) NOT NULL,
        CONSTRAINT [PK___EFMigrationsHistory] PRIMARY KEY ([MigrationId])
    );
END;
[13:27:46 INF] () Executed DbCommand (1ms) [Parameters=[], CommandType='"Text"', CommandTimeout='30']
SELECT 1
[13:27:46 INF] () Executed DbCommand (1ms) [Parameters=[], CommandType='"Text"', CommandTimeout='30']
SELECT OBJECT_ID(N'[__EFMigrationsHistory]');
[13:27:46 INF] () Executed DbCommand (4ms) [Parameters=[], CommandType='"Text"', CommandTimeout='30']
SELECT [MigrationId], [ProductVersion]
FROM [__EFMigrationsHistory]
ORDER BY [MigrationId];
[13:27:46 INF] () No migrations were applied. The database is already up to date.
[13:27:46 INF] () Executed DbCommand (1ms) [Parameters=[], CommandType='"Text"', CommandTimeout='30']
DECLARE @result int;
EXEC @result = sp_releaseapplock @Resource = '__EFMigrationsLock', @LockOwner = 'Session';
SELECT @result
[13:27:46 INF] () Executed DbCommand (5ms) [Parameters=[], CommandType='"Text"', CommandTimeout='30']
SELECT TOP(1) [u].[Id], [u].[CreatedAt], [u].[CreatedByUserId], [u].[CreatedByUserName], [u].[Email], [u].[IsSystemAdmin], [u].[Name], [u].[RowVersion], [u].[UpdatedAt], [u].[UpdatedByUserId], [u].[UpdatedByUserName]
FROM [Users] AS [u]
WHERE [u].[IsSystemAdmin] = CAST(1 AS bit)
[13:27:46 INF] () User profile is available. Using 'C:\Users\vicen\AppData\Local\ASP.NET\DataProtection-Keys' as key repository and Windows DPAPI to encrypt keys at rest.
[13:27:46 INF] () Now listening on: https://localhost:7121
[13:27:46 INF] () Starting Hangfire Server using job storage: 'SQL Server: localhost\SQLEXPRESS@AppProject'
[13:27:46 INF] () Using the following options for SQL Server job storage: Queue poll interval: 00:00:00.
[13:27:46 INF] () Using the following options for Hangfire Server:
    Worker count: 20
    Listening queues: 'default'
    Shutdown timeout: 00:00:15
    Schedule polling interval: 00:00:15
[13:27:46 INF] () Application started. Press Ctrl+C to shut down.
[13:27:46 INF] () Hosting environment: Development
[13:27:46 INF] () Content root path: C:\Course\dotnet-template\AppProject.Core.API
[13:27:46 INF] () Server desktop-0fm4m6s:33468:93e38488 successfully announced in 17.2912 ms
[13:27:46 INF] () Server desktop-0fm4m6s:33468:93e38488 is starting the registered dispatchers: ServerWatchdog, ServerJobCancellationWatcher, SqlServerHeartbeatProcess, ExpirationManager, CountersAggregator, Worker, DelayedJobScheduler, RecurringJobScheduler...
[13:27:46 INF] () 1 servers were removed due to timeout
[13:27:46 INF] () Server desktop-0fm4m6s:33468:93e38488 all the dispatchers started
[13:29:03 INF] () Request starting HTTP/2 OPTIONS https://localhost:7121/api/auth/Permission/GetCurrentUserPermissions - null null
[13:29:03 INF] () CORS policy execution successful.
[13:29:03 INF] () Request finished HTTP/2 OPTIONS https://localhost:7121/api/auth/Permission/GetCurrentUserPermissions - 204 null null 63.0089ms
[13:29:03 INF] () Request starting HTTP/2 GET https://localhost:7121/api/auth/Permission/GetCurrentUserPermissions - null null
[13:29:03 INF] () CORS policy execution successful.
[13:29:04 INF] (vicente.maria.vm17@gmail.com) Executing endpoint 'AppProject.Core.API.Controllers.Auth.PermissionController.GetCurrentUserPermissionsAsync (AppProject.Core.API)'
[13:29:04 INF] (vicente.maria.vm17@gmail.com) Route matched with {action = "GetCurrentUserPermissions", controller = "Permission"}. Executing controller action with signature System.Threading.Tasks.Task`1[Microsoft.AspNetCore.Mvc.IActionResult] GetCurrentUserPermissionsAsync(AppProject.Models.Auth.PermissionContext, System.Threading.CancellationToken) on controller AppProject.Core.API.Controllers.Auth.PermissionController (AppProject.Core.API).
[13:29:04 INF] () Executed DbCommand (4ms) [Parameters=[], CommandType='"Text"', CommandTimeout='30']
SELECT TOP(1) [u].[Id], [u].[CreatedAt], [u].[CreatedByUserId], [u].[CreatedByUserName], [u].[Email], [u].[IsSystemAdmin], [u].[Name], [u].[RowVersion], [u].[UpdatedAt], [u].[UpdatedByUserId], [u].[UpdatedByUserName]
FROM [Users] AS [u]
WHERE [u].[IsSystemAdmin] = CAST(1 AS bit)
[13:29:04 INF] (vicente.maria.vm17@gmail.com) Executing OkObjectResult, writing value of type 'AppProject.Models.Auth.PermissionType[]'.
[13:29:04 INF] (vicente.maria.vm17@gmail.com) Executed action AppProject.Core.API.Controllers.Auth.PermissionController.GetCurrentUserPermissionsAsync (AppProject.Core.API) in 134.9467ms
[13:29:04 INF] (vicente.maria.vm17@gmail.com) Executed endpoint 'AppProject.Core.API.Controllers.Auth.PermissionController.GetCurrentUserPermissionsAsync (AppProject.Core.API)'
[13:29:04 INF] () Request finished HTTP/2 GET https://localhost:7121/api/auth/Permission/GetCurrentUserPermissions - 200 null application/json; charset=utf-8 1246.3845ms
[13:29:16 INF] () Request starting HTTP/2 OPTIONS https://localhost:7121/api/general/CountrySummary/GetSummaries?Take=100 - null null
[13:29:16 INF] () CORS policy execution successful.
[13:29:16 INF] () Request finished HTTP/2 OPTIONS https://localhost:7121/api/general/CountrySummary/GetSummaries?Take=100 - 204 null null 13.8146ms
[13:29:16 INF] () Request starting HTTP/2 GET https://localhost:7121/api/general/CountrySummary/GetSummaries?Take=100 - null null
[13:29:16 INF] () CORS policy execution successful.
[13:29:16 INF] (vicente.maria.vm17@gmail.com) Executing endpoint 'AppProject.Core.Controllers.General.CountrySummaryController.GetSummariesAsync (AppProject.Core.Controllers.General)'
[13:29:16 INF] (vicente.maria.vm17@gmail.com) Route matched with {action = "GetSummaries", controller = "CountrySummary"}. Executing controller action with signature System.Threading.Tasks.Task`1[Microsoft.AspNetCore.Mvc.IActionResult] GetSummariesAsync(AppProject.Models.SearchRequest, System.Threading.CancellationToken) on controller AppProject.Core.Controllers.General.CountrySummaryController (AppProject.Core.Controllers.General).
[13:29:16 INF] (vicente.maria.vm17@gmail.com) Executed DbCommand (6ms) [Parameters=[@__p_0='?' (DbType = Int32)], CommandType='"Text"', CommandTimeout='30']
SELECT TOP(@__p_0) [c].[Id], [c].[Name]
FROM [Countries] AS [c]
ORDER BY [c].[Name]
[13:29:16 INF] (vicente.maria.vm17@gmail.com) Executing OkObjectResult, writing value of type 'AppProject.Models.SummariesResponse`1[[AppProject.Core.Models.General.CountrySummary, AppProject.Core.Models, Version=1.0.0.0, Culture=neutral, PublicKeyToken=null]]'.
[13:29:16 INF] (vicente.maria.vm17@gmail.com) Executed action AppProject.Core.Controllers.General.CountrySummaryController.GetSummariesAsync (AppProject.Core.Controllers.General) in 138.5379ms
[13:29:16 INF] (vicente.maria.vm17@gmail.com) Executed endpoint 'AppProject.Core.Controllers.General.CountrySummaryController.GetSummariesAsync (AppProject.Core.Controllers.General)'
[13:29:16 INF] () Request finished HTTP/2 GET https://localhost:7121/api/general/CountrySummary/GetSummaries?Take=100 - 200 null application/json; charset=utf-8 169.056ms
[13:30:56 INF] () Request starting HTTP/2 OPTIONS https://localhost:7121/api/general/Country/Post - null null
[13:30:56 INF] () CORS policy execution successful.
[13:30:56 INF] () Request finished HTTP/2 OPTIONS https://localhost:7121/api/general/Country/Post - 204 null null 30.8ms
[13:30:56 INF] () Request starting HTTP/2 POST https://localhost:7121/api/general/Country/Post - application/json; charset=utf-8 67
[13:30:56 INF] () CORS policy execution successful.
[13:30:56 INF] (vicente.maria.vm17@gmail.com) Executing endpoint 'AppProject.Core.Controllers.General.CountryController.PostAsync (AppProject.Core.Controllers.General)'
[13:30:56 INF] (vicente.maria.vm17@gmail.com) Route matched with {action = "Post", controller = "Country"}. Executing controller action with signature System.Threading.Tasks.Task`1[Microsoft.AspNetCore.Mvc.IActionResult] PostAsync(AppProject.Models.CreateOrUpdateRequest`1[AppProject.Core.Models.General.Country], System.Threading.CancellationToken) on controller AppProject.Core.Controllers.General.CountryController (AppProject.Core.Controllers.General).
[13:30:56 INF] (vicente.maria.vm17@gmail.com) Executed DbCommand (4ms) [Parameters=[@__country_Name_0='?' (Size = 200)], CommandType='"Text"', CommandTimeout='30']
SELECT CASE
    WHEN EXISTS (
        SELECT 1
        FROM [Countries] AS [c]
        WHERE [c].[Name] = @__country_Name_0) THEN CAST(1 AS bit)
    ELSE CAST(0 AS bit)
END
[13:30:56 INF] (vicente.maria.vm17@gmail.com) Executed DbCommand (6ms) [Parameters=[@p0='?' (DbType = Guid), @p1='?' (Size = 200), @p2='?' (DbType = DateTimeOffset), @p3='?' (DbType = Guid), @p4='?' (Size = 255), @p5='?' (Size = 200), @p6='?' (DbType = DateTimeOffset), @p7='?' (DbType = Guid), @p8='?' (Size = 255)], CommandType='"Text"', CommandTimeout='30']
SET IMPLICIT_TRANSACTIONS OFF;
SET NOCOUNT ON;
INSERT INTO [Countries] ([Id], [Code], [CreatedAt], [CreatedByUserId], [CreatedByUserName], [Name], [UpdatedAt], [UpdatedByUserId], [UpdatedByUserName])
OUTPUT INSERTED.[RowVersion]
VALUES (@p0, @p1, @p2, @p3, @p4, @p5, @p6, @p7, @p8);
[13:30:56 INF] (vicente.maria.vm17@gmail.com) Executing OkObjectResult, writing value of type 'AppProject.Models.KeyResponse`1[[System.Guid, System.Private.CoreLib, Version=9.0.0.0, Culture=neutral, PublicKeyToken=7cec85d7bea7798e]]'.
[13:30:56 INF] (vicente.maria.vm17@gmail.com) Executed action AppProject.Core.Controllers.General.CountryController.PostAsync (AppProject.Core.Controllers.General) in 326.3608ms
[13:30:56 INF] (vicente.maria.vm17@gmail.com) Executed endpoint 'AppProject.Core.Controllers.General.CountryController.PostAsync (AppProject.Core.Controllers.General)'
[13:30:56 INF] () Request finished HTTP/2 POST https://localhost:7121/api/general/Country/Post - 200 null application/json; charset=utf-8 407.0704ms
[13:30:57 INF] () Request starting HTTP/2 OPTIONS https://localhost:7121/api/general/CountrySummary/GetSummaries?Take=100 - null null
[13:30:57 INF] () CORS policy execution successful.
[13:30:57 INF] () Request finished HTTP/2 OPTIONS https://localhost:7121/api/general/CountrySummary/GetSummaries?Take=100 - 204 null null 3.8364ms
[13:30:57 INF] () Request starting HTTP/2 GET https://localhost:7121/api/general/CountrySummary/GetSummaries?Take=100 - null null
[13:30:57 INF] () CORS policy execution successful.
[13:30:57 INF] (vicente.maria.vm17@gmail.com) Executing endpoint 'AppProject.Core.Controllers.General.CountrySummaryController.GetSummariesAsync (AppProject.Core.Controllers.General)'
[13:30:57 INF] (vicente.maria.vm17@gmail.com) Route matched with {action = "GetSummaries", controller = "CountrySummary"}. Executing controller action with signature System.Threading.Tasks.Task`1[Microsoft.AspNetCore.Mvc.IActionResult] GetSummariesAsync(AppProject.Models.SearchRequest, System.Threading.CancellationToken) on controller AppProject.Core.Controllers.General.CountrySummaryController (AppProject.Core.Controllers.General).
[13:30:57 INF] (vicente.maria.vm17@gmail.com) Executed DbCommand (2ms) [Parameters=[@__p_0='?' (DbType = Int32)], CommandType='"Text"', CommandTimeout='30']
SELECT TOP(@__p_0) [c].[Id], [c].[Name]
FROM [Countries] AS [c]
ORDER BY [c].[Name]
[13:30:57 INF] (vicente.maria.vm17@gmail.com) Executing OkObjectResult, writing value of type 'AppProject.Models.SummariesResponse`1[[AppProject.Core.Models.General.CountrySummary, AppProject.Core.Models, Version=1.0.0.0, Culture=neutral, PublicKeyToken=null]]'.
[13:30:57 INF] (vicente.maria.vm17@gmail.com) Executed action AppProject.Core.Controllers.General.CountrySummaryController.GetSummariesAsync (AppProject.Core.Controllers.General) in 8.4705ms
[13:30:57 INF] (vicente.maria.vm17@gmail.com) Executed endpoint 'AppProject.Core.Controllers.General.CountrySummaryController.GetSummariesAsync (AppProject.Core.Controllers.General)'
[13:30:57 INF] () Request finished HTTP/2 GET https://localhost:7121/api/general/CountrySummary/GetSummaries?Take=100 - 200 null application/json; charset=utf-8 60.7371ms
[13:32:09 INF] () Request starting HTTP/2 OPTIONS https://localhost:7121/api/general/Country/Get?Id=7aca60da-877d-41f8-5940-08dedb520bf6 - null null
[13:32:09 INF] () CORS policy execution successful.
[13:32:09 INF] () Request finished HTTP/2 OPTIONS https://localhost:7121/api/general/Country/Get?Id=7aca60da-877d-41f8-5940-08dedb520bf6 - 204 null null 16.6416ms
[13:32:09 INF] () Request starting HTTP/2 GET https://localhost:7121/api/general/Country/Get?Id=7aca60da-877d-41f8-5940-08dedb520bf6 - null null
[13:32:09 INF] () CORS policy execution successful.
[13:32:09 INF] (vicente.maria.vm17@gmail.com) Executing endpoint 'AppProject.Core.Controllers.General.CountryController.GetAsync (AppProject.Core.Controllers.General)'
[13:32:09 INF] (vicente.maria.vm17@gmail.com) Route matched with {action = "Get", controller = "Country"}. Executing controller action with signature System.Threading.Tasks.Task`1[Microsoft.AspNetCore.Mvc.IActionResult] GetAsync(AppProject.Models.GetByIdRequest`1[System.Guid], System.Threading.CancellationToken) on controller AppProject.Core.Controllers.General.CountryController (AppProject.Core.Controllers.General).
[13:32:09 INF] (vicente.maria.vm17@gmail.com) Executed DbCommand (6ms) [Parameters=[@__request_Id_0='?' (DbType = Guid)], CommandType='"Text"', CommandTimeout='30']
SELECT [c].[Id], [c].[Name], [c].[Code], [c].[RowVersion]
FROM [Countries] AS [c]
WHERE [c].[Id] = @__request_Id_0
[13:32:09 INF] (vicente.maria.vm17@gmail.com) Executing OkObjectResult, writing value of type 'AppProject.Models.EntityResponse`1[[AppProject.Core.Models.General.Country, AppProject.Core.Models.General, Version=1.0.0.0, Culture=neutral, PublicKeyToken=null]]'.
[13:32:09 INF] (vicente.maria.vm17@gmail.com) Executed action AppProject.Core.Controllers.General.CountryController.GetAsync (AppProject.Core.Controllers.General) in 32.8563ms
[13:32:09 INF] (vicente.maria.vm17@gmail.com) Executed endpoint 'AppProject.Core.Controllers.General.CountryController.GetAsync (AppProject.Core.Controllers.General)'
[13:32:09 INF] () Request finished HTTP/2 GET https://localhost:7121/api/general/Country/Get?Id=7aca60da-877d-41f8-5940-08dedb520bf6 - 200 null application/json; charset=utf-8 89.1236ms
[13:32:15 INF] () Request starting HTTP/2 OPTIONS https://localhost:7121/api/general/Country/Put - null null
[13:32:15 INF] () CORS policy execution successful.
[13:32:15 INF] () Request finished HTTP/2 OPTIONS https://localhost:7121/api/general/Country/Put - 204 null null 6.7708ms
[13:32:15 INF] () Request starting HTTP/2 PUT https://localhost:7121/api/general/Country/Put - application/json; charset=utf-8 115
[13:32:15 INF] () CORS policy execution successful.
[13:32:15 INF] (vicente.maria.vm17@gmail.com) Executing endpoint 'AppProject.Core.Controllers.General.CountryController.PutAsync (AppProject.Core.Controllers.General)'
[13:32:15 INF] (vicente.maria.vm17@gmail.com) Route matched with {action = "Put", controller = "Country"}. Executing controller action with signature System.Threading.Tasks.Task`1[Microsoft.AspNetCore.Mvc.IActionResult] PutAsync(AppProject.Models.CreateOrUpdateRequest`1[AppProject.Core.Models.General.Country], System.Threading.CancellationToken) on controller AppProject.Core.Controllers.General.CountryController (AppProject.Core.Controllers.General).
[13:32:15 INF] (vicente.maria.vm17@gmail.com) Executed DbCommand (5ms) [Parameters=[@__country_Name_0='?' (Size = 200), @__country_Id_1='?' (DbType = Guid)], CommandType='"Text"', CommandTimeout='30']
SELECT CASE
    WHEN EXISTS (
        SELECT 1
        FROM [Countries] AS [c]
        WHERE [c].[Name] = @__country_Name_0 AND [c].[Id] <> @__country_Id_1) THEN CAST(1 AS bit)
    ELSE CAST(0 AS bit)
END
[13:32:15 INF] (vicente.maria.vm17@gmail.com) Executed DbCommand (7ms) [Parameters=[@__request_Entity_Id_0='?' (DbType = Guid)], CommandType='"Text"', CommandTimeout='30']
SELECT [c].[Id], [c].[Code], [c].[CreatedAt], [c].[CreatedByUserId], [c].[CreatedByUserName], [c].[Name], [c].[RowVersion], [c].[UpdatedAt], [c].[UpdatedByUserId], [c].[UpdatedByUserName]
FROM [Countries] AS [c]
WHERE [c].[Id] = @__request_Entity_Id_0
[13:32:15 INF] (vicente.maria.vm17@gmail.com) Executing OkObjectResult, writing value of type 'AppProject.Models.KeyResponse`1[[System.Guid, System.Private.CoreLib, Version=9.0.0.0, Culture=neutral, PublicKeyToken=7cec85d7bea7798e]]'.
[13:32:15 INF] (vicente.maria.vm17@gmail.com) Executed action AppProject.Core.Controllers.General.CountryController.PutAsync (AppProject.Core.Controllers.General) in 95.2486ms
[13:32:15 INF] (vicente.maria.vm17@gmail.com) Executed endpoint 'AppProject.Core.Controllers.General.CountryController.PutAsync (AppProject.Core.Controllers.General)'
[13:32:15 INF] () Request finished HTTP/2 PUT https://localhost:7121/api/general/Country/Put - 200 null application/json; charset=utf-8 122.875ms
[13:32:15 INF] () Request starting HTTP/2 OPTIONS https://localhost:7121/api/general/CountrySummary/GetSummaries?Take=100 - null null
[13:32:15 INF] () CORS policy execution successful.
[13:32:15 INF] () Request finished HTTP/2 OPTIONS https://localhost:7121/api/general/CountrySummary/GetSummaries?Take=100 - 204 null null 12.8182ms
[13:32:15 INF] () Request starting HTTP/2 GET https://localhost:7121/api/general/CountrySummary/GetSummaries?Take=100 - null null
[13:32:15 INF] () CORS policy execution successful.
[13:32:15 INF] (vicente.maria.vm17@gmail.com) Executing endpoint 'AppProject.Core.Controllers.General.CountrySummaryController.GetSummariesAsync (AppProject.Core.Controllers.General)'
[13:32:15 INF] (vicente.maria.vm17@gmail.com) Route matched with {action = "GetSummaries", controller = "CountrySummary"}. Executing controller action with signature System.Threading.Tasks.Task`1[Microsoft.AspNetCore.Mvc.IActionResult] GetSummariesAsync(AppProject.Models.SearchRequest, System.Threading.CancellationToken) on controller AppProject.Core.Controllers.General.CountrySummaryController (AppProject.Core.Controllers.General).
[13:32:15 INF] (vicente.maria.vm17@gmail.com) Executed DbCommand (1ms) [Parameters=[@__p_0='?' (DbType = Int32)], CommandType='"Text"', CommandTimeout='30']
SELECT TOP(@__p_0) [c].[Id], [c].[Name]
FROM [Countries] AS [c]
ORDER BY [c].[Name]
[13:32:15 INF] (vicente.maria.vm17@gmail.com) Executing OkObjectResult, writing value of type 'AppProject.Models.SummariesResponse`1[[AppProject.Core.Models.General.CountrySummary, AppProject.Core.Models, Version=1.0.0.0, Culture=neutral, PublicKeyToken=null]]'.
[13:32:15 INF] (vicente.maria.vm17@gmail.com) Executed action AppProject.Core.Controllers.General.CountrySummaryController.GetSummariesAsync (AppProject.Core.Controllers.General) in 8.4377ms
[13:32:15 INF] (vicente.maria.vm17@gmail.com) Executed endpoint 'AppProject.Core.Controllers.General.CountrySummaryController.GetSummariesAsync (AppProject.Core.Controllers.General)'
[13:32:15 INF] () Request finished HTTP/2 GET https://localhost:7121/api/general/CountrySummary/GetSummaries?Take=100 - 200 null application/json; charset=utf-8 44.5406ms
[13:37:07 INF] () Request starting HTTP/2 OPTIONS https://localhost:7121/api/general/Country/Get?Id=7aca60da-877d-41f8-5940-08dedb520bf6 - null null
[13:37:07 INF] () CORS policy execution successful.
[13:37:07 INF] () Request finished HTTP/2 OPTIONS https://localhost:7121/api/general/Country/Get?Id=7aca60da-877d-41f8-5940-08dedb520bf6 - 204 null null 8.5425ms
[13:37:07 INF] () Request starting HTTP/2 GET https://localhost:7121/api/general/Country/Get?Id=7aca60da-877d-41f8-5940-08dedb520bf6 - null null
[13:37:07 INF] () CORS policy execution successful.
[13:37:07 INF] (vicente.maria.vm17@gmail.com) Executing endpoint 'AppProject.Core.Controllers.General.CountryController.GetAsync (AppProject.Core.Controllers.General)'
[13:37:07 INF] (vicente.maria.vm17@gmail.com) Route matched with {action = "Get", controller = "Country"}. Executing controller action with signature System.Threading.Tasks.Task`1[Microsoft.AspNetCore.Mvc.IActionResult] GetAsync(AppProject.Models.GetByIdRequest`1[System.Guid], System.Threading.CancellationToken) on controller AppProject.Core.Controllers.General.CountryController (AppProject.Core.Controllers.General).
[13:37:07 INF] () Executed DbCommand (6ms) [Parameters=[], CommandType='"Text"', CommandTimeout='30']
SELECT TOP(1) [u].[Id], [u].[CreatedAt], [u].[CreatedByUserId], [u].[CreatedByUserName], [u].[Email], [u].[IsSystemAdmin], [u].[Name], [u].[RowVersion], [u].[UpdatedAt], [u].[UpdatedByUserId], [u].[UpdatedByUserName]
FROM [Users] AS [u]
WHERE [u].[IsSystemAdmin] = CAST(1 AS bit)
[13:37:07 INF] (vicente.maria.vm17@gmail.com) Executed DbCommand (2ms) [Parameters=[@__request_Id_0='?' (DbType = Guid)], CommandType='"Text"', CommandTimeout='30']
SELECT [c].[Id], [c].[Name], [c].[Code], [c].[RowVersion]
FROM [Countries] AS [c]
WHERE [c].[Id] = @__request_Id_0
[13:37:07 INF] (vicente.maria.vm17@gmail.com) Executing OkObjectResult, writing value of type 'AppProject.Models.EntityResponse`1[[AppProject.Core.Models.General.Country, AppProject.Core.Models.General, Version=1.0.0.0, Culture=neutral, PublicKeyToken=null]]'.
[13:37:07 INF] (vicente.maria.vm17@gmail.com) Executed action AppProject.Core.Controllers.General.CountryController.GetAsync (AppProject.Core.Controllers.General) in 24.8297ms
[13:37:07 INF] (vicente.maria.vm17@gmail.com) Executed endpoint 'AppProject.Core.Controllers.General.CountryController.GetAsync (AppProject.Core.Controllers.General)'
[13:37:07 INF] () Request finished HTTP/2 GET https://localhost:7121/api/general/Country/Get?Id=7aca60da-877d-41f8-5940-08dedb520bf6 - 200 null application/json; charset=utf-8 70.5631ms
[13:38:45 INF] () Request starting HTTP/2 OPTIONS https://localhost:7121/api/general/CountrySummary/GetSummaries?Take=100 - null null
[13:38:45 INF] () CORS policy execution successful.
[13:38:45 INF] () Request finished HTTP/2 OPTIONS https://localhost:7121/api/general/CountrySummary/GetSummaries?Take=100 - 204 null null 7.0069ms
[13:38:45 INF] () Request starting HTTP/2 GET https://localhost:7121/api/general/CountrySummary/GetSummaries?Take=100 - null null
[13:38:45 INF] () CORS policy execution successful.
[13:38:45 INF] (vicente.maria.vm17@gmail.com) Executing endpoint 'AppProject.Core.Controllers.General.CountrySummaryController.GetSummariesAsync (AppProject.Core.Controllers.General)'
[13:38:45 INF] (vicente.maria.vm17@gmail.com) Route matched with {action = "GetSummaries", controller = "CountrySummary"}. Executing controller action with signature System.Threading.Tasks.Task`1[Microsoft.AspNetCore.Mvc.IActionResult] GetSummariesAsync(AppProject.Models.SearchRequest, System.Threading.CancellationToken) on controller AppProject.Core.Controllers.General.CountrySummaryController (AppProject.Core.Controllers.General).
[13:38:45 INF] (vicente.maria.vm17@gmail.com) Executed DbCommand (4ms) [Parameters=[@__p_0='?' (DbType = Int32)], CommandType='"Text"', CommandTimeout='30']
SELECT TOP(@__p_0) [c].[Id], [c].[Name]
FROM [Countries] AS [c]
ORDER BY [c].[Name]
[13:38:45 INF] (vicente.maria.vm17@gmail.com) Executing OkObjectResult, writing value of type 'AppProject.Models.SummariesResponse`1[[AppProject.Core.Models.General.CountrySummary, AppProject.Core.Models, Version=1.0.0.0, Culture=neutral, PublicKeyToken=null]]'.
[13:38:45 INF] (vicente.maria.vm17@gmail.com) Executed action AppProject.Core.Controllers.General.CountrySummaryController.GetSummariesAsync (AppProject.Core.Controllers.General) in 12.7699ms
[13:38:45 INF] (vicente.maria.vm17@gmail.com) Executed endpoint 'AppProject.Core.Controllers.General.CountrySummaryController.GetSummariesAsync (AppProject.Core.Controllers.General)'
[13:38:45 INF] () Request finished HTTP/2 GET https://localhost:7121/api/general/CountrySummary/GetSummaries?Take=100 - 200 null application/json; charset=utf-8 90.4096ms
[13:39:29 INF] () Request starting HTTP/2 OPTIONS https://localhost:7121/api/general/Country/Get?Id=7aca60da-877d-41f8-5940-08dedb520bf6 - null null
[13:39:29 INF] () CORS policy execution successful.
[13:39:29 INF] () Request finished HTTP/2 OPTIONS https://localhost:7121/api/general/Country/Get?Id=7aca60da-877d-41f8-5940-08dedb520bf6 - 204 null null 4.3868ms
[13:39:29 INF] () Request starting HTTP/2 GET https://localhost:7121/api/general/Country/Get?Id=7aca60da-877d-41f8-5940-08dedb520bf6 - null null
[13:39:29 INF] () CORS policy execution successful.
[13:39:29 INF] (vicente.maria.vm17@gmail.com) Executing endpoint 'AppProject.Core.Controllers.General.CountryController.GetAsync (AppProject.Core.Controllers.General)'
[13:39:29 INF] (vicente.maria.vm17@gmail.com) Route matched with {action = "Get", controller = "Country"}. Executing controller action with signature System.Threading.Tasks.Task`1[Microsoft.AspNetCore.Mvc.IActionResult] GetAsync(AppProject.Models.GetByIdRequest`1[System.Guid], System.Threading.CancellationToken) on controller AppProject.Core.Controllers.General.CountryController (AppProject.Core.Controllers.General).
[13:39:29 INF] (vicente.maria.vm17@gmail.com) Executed DbCommand (5ms) [Parameters=[@__request_Id_0='?' (DbType = Guid)], CommandType='"Text"', CommandTimeout='30']
SELECT [c].[Id], [c].[Name], [c].[Code], [c].[RowVersion]
FROM [Countries] AS [c]
WHERE [c].[Id] = @__request_Id_0
[13:39:29 INF] (vicente.maria.vm17@gmail.com) Executing OkObjectResult, writing value of type 'AppProject.Models.EntityResponse`1[[AppProject.Core.Models.General.Country, AppProject.Core.Models.General, Version=1.0.0.0, Culture=neutral, PublicKeyToken=null]]'.
[13:39:29 INF] (vicente.maria.vm17@gmail.com) Executed action AppProject.Core.Controllers.General.CountryController.GetAsync (AppProject.Core.Controllers.General) in 12.8262ms
[13:39:29 INF] (vicente.maria.vm17@gmail.com) Executed endpoint 'AppProject.Core.Controllers.General.CountryController.GetAsync (AppProject.Core.Controllers.General)'
[13:39:29 INF] () Request finished HTTP/2 GET https://localhost:7121/api/general/Country/Get?Id=7aca60da-877d-41f8-5940-08dedb520bf6 - 200 null application/json; charset=utf-8 80.7321ms
[14:00:16 INF] () Request starting HTTP/2 GET https://localhost:7121/swagger/index.html - null null
[14:00:16 INF] () Request finished HTTP/2 GET https://localhost:7121/swagger/index.html - 200 null text/html;charset=utf-8 55.8646ms
[14:00:16 INF] () Request starting HTTP/2 GET https://localhost:7121/swagger/index.css - null null
[14:00:16 INF] () Request starting HTTP/2 GET https://localhost:7121/swagger/swagger-ui.css - null null
[14:00:16 INF] () Request starting HTTP/2 GET https://localhost:7121/swagger/swagger-ui-bundle.js - null null
[14:00:16 INF] () Request starting HTTP/2 GET https://localhost:7121/swagger/swagger-ui-standalone-preset.js - null null
[14:00:16 INF] () Request starting HTTP/2 GET https://localhost:7121/swagger/index.js - null null
[14:00:16 INF] () Request finished HTTP/2 GET https://localhost:7121/swagger/index.js - 200 null application/javascript;charset=utf-8 32.1936ms
[14:00:16 INF] () Request finished HTTP/2 GET https://localhost:7121/swagger/index.css - 200 152 text/css 83.2253ms
[14:00:16 INF] () Request finished HTTP/2 GET https://localhost:7121/swagger/swagger-ui.css - 200 23647 text/css 91.7663ms
[14:00:16 INF] () Request finished HTTP/2 GET https://localhost:7121/swagger/swagger-ui-standalone-preset.js - 200 77352 text/javascript 62.6635ms
[14:00:16 INF] () Request finished HTTP/2 GET https://localhost:7121/swagger/swagger-ui-bundle.js - 200 424767 text/javascript 106.8515ms
[14:00:16 INF] () Request starting HTTP/2 GET https://localhost:7121/swagger/v1/swagger.json - null null
[14:00:16 INF] () Request starting HTTP/2 GET https://localhost:7121/swagger/favicon-32x32.png - null null
[14:00:16 INF] () Request finished HTTP/2 GET https://localhost:7121/swagger/favicon-32x32.png - 200 628 image/png 28.9584ms
[14:00:16 INF] () Request finished HTTP/2 GET https://localhost:7121/swagger/v1/swagger.json - 200 null application/json;charset=utf-8 143.0451ms
[14:01:34 INF] () Request starting HTTP/2 OPTIONS https://localhost:7121/api/auth/Permission/GetCurrentUserPermissions - null null
[14:01:34 INF] () CORS policy execution successful.
[14:01:34 INF] () Request finished HTTP/2 OPTIONS https://localhost:7121/api/auth/Permission/GetCurrentUserPermissions - 204 null null 3.7977ms
[14:01:34 INF] () Request starting HTTP/2 GET https://localhost:7121/api/auth/Permission/GetCurrentUserPermissions - null null
[14:01:34 INF] () CORS policy execution successful.
[14:01:34 INF] (vicente.maria.vm17@gmail.com) Executing endpoint 'AppProject.Core.API.Controllers.Auth.PermissionController.GetCurrentUserPermissionsAsync (AppProject.Core.API)'
[14:01:34 INF] (vicente.maria.vm17@gmail.com) Route matched with {action = "GetCurrentUserPermissions", controller = "Permission"}. Executing controller action with signature System.Threading.Tasks.Task`1[Microsoft.AspNetCore.Mvc.IActionResult] GetCurrentUserPermissionsAsync(AppProject.Models.Auth.PermissionContext, System.Threading.CancellationToken) on controller AppProject.Core.API.Controllers.Auth.PermissionController (AppProject.Core.API).
[14:01:34 INF] () Executed DbCommand (5ms) [Parameters=[], CommandType='"Text"', CommandTimeout='30']
SELECT TOP(1) [u].[Id], [u].[CreatedAt], [u].[CreatedByUserId], [u].[CreatedByUserName], [u].[Email], [u].[IsSystemAdmin], [u].[Name], [u].[RowVersion], [u].[UpdatedAt], [u].[UpdatedByUserId], [u].[UpdatedByUserName]
FROM [Users] AS [u]
WHERE [u].[IsSystemAdmin] = CAST(1 AS bit)
[14:01:34 INF] (vicente.maria.vm17@gmail.com) Executing OkObjectResult, writing value of type 'AppProject.Models.Auth.PermissionType[]'.
[14:01:34 INF] (vicente.maria.vm17@gmail.com) Executed action AppProject.Core.API.Controllers.Auth.PermissionController.GetCurrentUserPermissionsAsync (AppProject.Core.API) in 9.6157ms
[14:01:34 INF] (vicente.maria.vm17@gmail.com) Executed endpoint 'AppProject.Core.API.Controllers.Auth.PermissionController.GetCurrentUserPermissionsAsync (AppProject.Core.API)'
[14:01:34 INF] () Request finished HTTP/2 GET https://localhost:7121/api/auth/Permission/GetCurrentUserPermissions - 200 null application/json; charset=utf-8 19.2073ms
[14:02:50 INF] () Request starting HTTP/2 OPTIONS https://localhost:7121/api/general/CountrySummary/GetSummaries?Take=100 - null null
[14:02:50 INF] () CORS policy execution successful.
[14:02:50 INF] () Request finished HTTP/2 OPTIONS https://localhost:7121/api/general/CountrySummary/GetSummaries?Take=100 - 204 null null 8.2368ms
[14:02:50 INF] () Request starting HTTP/2 GET https://localhost:7121/api/general/CountrySummary/GetSummaries?Take=100 - null null
[14:02:50 INF] () CORS policy execution successful.
[14:02:50 INF] (vicente.maria.vm17@gmail.com) Executing endpoint 'AppProject.Core.Controllers.General.CountrySummaryController.GetSummariesAsync (AppProject.Core.Controllers.General)'
[14:02:50 INF] (vicente.maria.vm17@gmail.com) Route matched with {action = "GetSummaries", controller = "CountrySummary"}. Executing controller action with signature System.Threading.Tasks.Task`1[Microsoft.AspNetCore.Mvc.IActionResult] GetSummariesAsync(AppProject.Models.SearchRequest, System.Threading.CancellationToken) on controller AppProject.Core.Controllers.General.CountrySummaryController (AppProject.Core.Controllers.General).
[14:02:50 INF] (vicente.maria.vm17@gmail.com) Executed DbCommand (2ms) [Parameters=[@__p_0='?' (DbType = Int32)], CommandType='"Text"', CommandTimeout='30']
SELECT TOP(@__p_0) [c].[Id], [c].[Name]
FROM [Countries] AS [c]
ORDER BY [c].[Name]
[14:02:50 INF] (vicente.maria.vm17@gmail.com) Executing OkObjectResult, writing value of type 'AppProject.Models.SummariesResponse`1[[AppProject.Core.Models.General.CountrySummary, AppProject.Core.Models, Version=1.0.0.0, Culture=neutral, PublicKeyToken=null]]'.
[14:02:50 INF] (vicente.maria.vm17@gmail.com) Executed action AppProject.Core.Controllers.General.CountrySummaryController.GetSummariesAsync (AppProject.Core.Controllers.General) in 9.1597ms
[14:02:50 INF] (vicente.maria.vm17@gmail.com) Executed endpoint 'AppProject.Core.Controllers.General.CountrySummaryController.GetSummariesAsync (AppProject.Core.Controllers.General)'
[14:02:50 INF] () Request finished HTTP/2 GET https://localhost:7121/api/general/CountrySummary/GetSummaries?Take=100 - 200 null application/json; charset=utf-8 25.3937ms
[14:02:54 INF] () Request starting HTTP/2 OPTIONS https://localhost:7121/api/general/Country/Get?Id=7aca60da-877d-41f8-5940-08dedb520bf6 - null null
[14:02:54 INF] () CORS policy execution successful.
[14:02:54 INF] () Request finished HTTP/2 OPTIONS https://localhost:7121/api/general/Country/Get?Id=7aca60da-877d-41f8-5940-08dedb520bf6 - 204 null null 6.5484ms
[14:02:54 INF] () Request starting HTTP/2 GET https://localhost:7121/api/general/Country/Get?Id=7aca60da-877d-41f8-5940-08dedb520bf6 - null null
[14:02:54 INF] () CORS policy execution successful.
[14:02:54 INF] (vicente.maria.vm17@gmail.com) Executing endpoint 'AppProject.Core.Controllers.General.CountryController.GetAsync (AppProject.Core.Controllers.General)'
[14:02:54 INF] (vicente.maria.vm17@gmail.com) Route matched with {action = "Get", controller = "Country"}. Executing controller action with signature System.Threading.Tasks.Task`1[Microsoft.AspNetCore.Mvc.IActionResult] GetAsync(AppProject.Models.GetByIdRequest`1[System.Guid], System.Threading.CancellationToken) on controller AppProject.Core.Controllers.General.CountryController (AppProject.Core.Controllers.General).
[14:02:54 INF] (vicente.maria.vm17@gmail.com) Executed DbCommand (1ms) [Parameters=[@__request_Id_0='?' (DbType = Guid)], CommandType='"Text"', CommandTimeout='30']
SELECT [c].[Id], [c].[Name], [c].[Code], [c].[RowVersion]
FROM [Countries] AS [c]
WHERE [c].[Id] = @__request_Id_0
[14:02:54 INF] (vicente.maria.vm17@gmail.com) Executing OkObjectResult, writing value of type 'AppProject.Models.EntityResponse`1[[AppProject.Core.Models.General.Country, AppProject.Core.Models.General, Version=1.0.0.0, Culture=neutral, PublicKeyToken=null]]'.
[14:02:54 INF] (vicente.maria.vm17@gmail.com) Executed action AppProject.Core.Controllers.General.CountryController.GetAsync (AppProject.Core.Controllers.General) in 8.0014ms
[14:02:54 INF] (vicente.maria.vm17@gmail.com) Executed endpoint 'AppProject.Core.Controllers.General.CountryController.GetAsync (AppProject.Core.Controllers.General)'
[14:02:54 INF] () Request finished HTTP/2 GET https://localhost:7121/api/general/Country/Get?Id=7aca60da-877d-41f8-5940-08dedb520bf6 - 200 null application/json; charset=utf-8 29.0241ms
[14:03:00 INF] () Request starting HTTP/2 OPTIONS https://localhost:7121/api/general/Country/Put - null null
[14:03:00 INF] () CORS policy execution successful.
[14:03:00 INF] () Request finished HTTP/2 OPTIONS https://localhost:7121/api/general/Country/Put - 204 null null 5.3792ms
[14:03:00 INF] () Request starting HTTP/2 PUT https://localhost:7121/api/general/Country/Put - application/json; charset=utf-8 115
[14:03:00 INF] () CORS policy execution successful.
[14:03:00 INF] (vicente.maria.vm17@gmail.com) Executing endpoint 'AppProject.Core.Controllers.General.CountryController.PutAsync (AppProject.Core.Controllers.General)'
[14:03:00 INF] (vicente.maria.vm17@gmail.com) Route matched with {action = "Put", controller = "Country"}. Executing controller action with signature System.Threading.Tasks.Task`1[Microsoft.AspNetCore.Mvc.IActionResult] PutAsync(AppProject.Models.CreateOrUpdateRequest`1[AppProject.Core.Models.General.Country], System.Threading.CancellationToken) on controller AppProject.Core.Controllers.General.CountryController (AppProject.Core.Controllers.General).
[14:03:00 INF] (vicente.maria.vm17@gmail.com) Executed DbCommand (2ms) [Parameters=[@__country_Name_0='?' (Size = 200), @__country_Id_1='?' (DbType = Guid)], CommandType='"Text"', CommandTimeout='30']
SELECT CASE
    WHEN EXISTS (
        SELECT 1
        FROM [Countries] AS [c]
        WHERE [c].[Name] = @__country_Name_0 AND [c].[Id] <> @__country_Id_1) THEN CAST(1 AS bit)
    ELSE CAST(0 AS bit)
END
[14:03:00 INF] (vicente.maria.vm17@gmail.com) Executed DbCommand (2ms) [Parameters=[@__request_Entity_Id_0='?' (DbType = Guid)], CommandType='"Text"', CommandTimeout='30']
SELECT [c].[Id], [c].[Code], [c].[CreatedAt], [c].[CreatedByUserId], [c].[CreatedByUserName], [c].[Name], [c].[RowVersion], [c].[UpdatedAt], [c].[UpdatedByUserId], [c].[UpdatedByUserName]
FROM [Countries] AS [c]
WHERE [c].[Id] = @__request_Entity_Id_0
[14:03:00 INF] (vicente.maria.vm17@gmail.com) Executing OkObjectResult, writing value of type 'AppProject.Models.KeyResponse`1[[System.Guid, System.Private.CoreLib, Version=9.0.0.0, Culture=neutral, PublicKeyToken=7cec85d7bea7798e]]'.
[14:03:00 INF] (vicente.maria.vm17@gmail.com) Executed action AppProject.Core.Controllers.General.CountryController.PutAsync (AppProject.Core.Controllers.General) in 16.872ms
[14:03:00 INF] (vicente.maria.vm17@gmail.com) Executed endpoint 'AppProject.Core.Controllers.General.CountryController.PutAsync (AppProject.Core.Controllers.General)'
[14:03:00 INF] () Request finished HTTP/2 PUT https://localhost:7121/api/general/Country/Put - 200 null application/json; charset=utf-8 63.4761ms
[14:03:01 INF] () Request starting HTTP/2 OPTIONS https://localhost:7121/api/general/CountrySummary/GetSummaries?Take=100 - null null
[14:03:01 INF] () CORS policy execution successful.
[14:03:01 INF] () Request finished HTTP/2 OPTIONS https://localhost:7121/api/general/CountrySummary/GetSummaries?Take=100 - 204 null null 8.2977ms
[14:03:01 INF] () Request starting HTTP/2 GET https://localhost:7121/api/general/CountrySummary/GetSummaries?Take=100 - null null
[14:03:01 INF] () CORS policy execution successful.
[14:03:01 INF] (vicente.maria.vm17@gmail.com) Executing endpoint 'AppProject.Core.Controllers.General.CountrySummaryController.GetSummariesAsync (AppProject.Core.Controllers.General)'
[14:03:01 INF] (vicente.maria.vm17@gmail.com) Route matched with {action = "GetSummaries", controller = "CountrySummary"}. Executing controller action with signature System.Threading.Tasks.Task`1[Microsoft.AspNetCore.Mvc.IActionResult] GetSummariesAsync(AppProject.Models.SearchRequest, System.Threading.CancellationToken) on controller AppProject.Core.Controllers.General.CountrySummaryController (AppProject.Core.Controllers.General).
[14:03:01 INF] (vicente.maria.vm17@gmail.com) Executed DbCommand (1ms) [Parameters=[@__p_0='?' (DbType = Int32)], CommandType='"Text"', CommandTimeout='30']
SELECT TOP(@__p_0) [c].[Id], [c].[Name]
FROM [Countries] AS [c]
ORDER BY [c].[Name]
[14:03:01 INF] (vicente.maria.vm17@gmail.com) Executing OkObjectResult, writing value of type 'AppProject.Models.SummariesResponse`1[[AppProject.Core.Models.General.CountrySummary, AppProject.Core.Models, Version=1.0.0.0, Culture=neutral, PublicKeyToken=null]]'.
[14:03:01 INF] (vicente.maria.vm17@gmail.com) Executed action AppProject.Core.Controllers.General.CountrySummaryController.GetSummariesAsync (AppProject.Core.Controllers.General) in 7.9453ms
[14:03:01 INF] (vicente.maria.vm17@gmail.com) Executed endpoint 'AppProject.Core.Controllers.General.CountrySummaryController.GetSummariesAsync (AppProject.Core.Controllers.General)'
[14:03:01 INF] () Request finished HTTP/2 GET https://localhost:7121/api/general/CountrySummary/GetSummaries?Take=100 - 200 null application/json; charset=utf-8 28.5863ms
[14:03:33 INF] () Request starting HTTP/2 OPTIONS https://localhost:7121/api/general/Country/Get?Id=7aca60da-877d-41f8-5940-08dedb520bf6 - null null
[14:03:33 INF] () CORS policy execution successful.
[14:03:33 INF] () Request finished HTTP/2 OPTIONS https://localhost:7121/api/general/Country/Get?Id=7aca60da-877d-41f8-5940-08dedb520bf6 - 204 null null 5.6431ms
[14:03:33 INF] () Request starting HTTP/2 GET https://localhost:7121/api/general/Country/Get?Id=7aca60da-877d-41f8-5940-08dedb520bf6 - null null
[14:03:33 INF] () CORS policy execution successful.
[14:03:33 INF] (vicente.maria.vm17@gmail.com) Executing endpoint 'AppProject.Core.Controllers.General.CountryController.GetAsync (AppProject.Core.Controllers.General)'
[14:03:33 INF] (vicente.maria.vm17@gmail.com) Route matched with {action = "Get", controller = "Country"}. Executing controller action with signature System.Threading.Tasks.Task`1[Microsoft.AspNetCore.Mvc.IActionResult] GetAsync(AppProject.Models.GetByIdRequest`1[System.Guid], System.Threading.CancellationToken) on controller AppProject.Core.Controllers.General.CountryController (AppProject.Core.Controllers.General).
[14:03:33 INF] (vicente.maria.vm17@gmail.com) Executed DbCommand (3ms) [Parameters=[@__request_Id_0='?' (DbType = Guid)], CommandType='"Text"', CommandTimeout='30']
SELECT [c].[Id], [c].[Name], [c].[Code], [c].[RowVersion]
FROM [Countries] AS [c]
WHERE [c].[Id] = @__request_Id_0
[14:03:33 INF] (vicente.maria.vm17@gmail.com) Executing OkObjectResult, writing value of type 'AppProject.Models.EntityResponse`1[[AppProject.Core.Models.General.Country, AppProject.Core.Models.General, Version=1.0.0.0, Culture=neutral, PublicKeyToken=null]]'.
[14:03:33 INF] (vicente.maria.vm17@gmail.com) Executed action AppProject.Core.Controllers.General.CountryController.GetAsync (AppProject.Core.Controllers.General) in 8.4754ms
[14:03:33 INF] (vicente.maria.vm17@gmail.com) Executed endpoint 'AppProject.Core.Controllers.General.CountryController.GetAsync (AppProject.Core.Controllers.General)'
[14:03:33 INF] () Request finished HTTP/2 GET https://localhost:7121/api/general/Country/Get?Id=7aca60da-877d-41f8-5940-08dedb520bf6 - 200 null application/json; charset=utf-8 24.0843ms
[14:03:37 INF] () Request starting HTTP/2 OPTIONS https://localhost:7121/api/general/Country/Put - null null
[14:03:37 INF] () CORS policy execution successful.
[14:03:37 INF] () Request finished HTTP/2 OPTIONS https://localhost:7121/api/general/Country/Put - 204 null null 6.7876ms
[14:03:37 INF] () Request starting HTTP/2 PUT https://localhost:7121/api/general/Country/Put - application/json; charset=utf-8 111
[14:03:37 INF] () CORS policy execution successful.
[14:03:37 INF] (vicente.maria.vm17@gmail.com) Executing endpoint 'AppProject.Core.Controllers.General.CountryController.PutAsync (AppProject.Core.Controllers.General)'
[14:03:37 INF] (vicente.maria.vm17@gmail.com) Route matched with {action = "Put", controller = "Country"}. Executing controller action with signature System.Threading.Tasks.Task`1[Microsoft.AspNetCore.Mvc.IActionResult] PutAsync(AppProject.Models.CreateOrUpdateRequest`1[AppProject.Core.Models.General.Country], System.Threading.CancellationToken) on controller AppProject.Core.Controllers.General.CountryController (AppProject.Core.Controllers.General).
[14:03:37 INF] (vicente.maria.vm17@gmail.com) Executed DbCommand (26ms) [Parameters=[@__country_Name_0='?' (Size = 200), @__country_Id_1='?' (DbType = Guid)], CommandType='"Text"', CommandTimeout='30']
SELECT CASE
    WHEN EXISTS (
        SELECT 1
        FROM [Countries] AS [c]
        WHERE [c].[Name] = @__country_Name_0 AND [c].[Id] <> @__country_Id_1) THEN CAST(1 AS bit)
    ELSE CAST(0 AS bit)
END
[14:03:37 INF] (vicente.maria.vm17@gmail.com) Executed DbCommand (16ms) [Parameters=[@__request_Entity_Id_0='?' (DbType = Guid)], CommandType='"Text"', CommandTimeout='30']
SELECT [c].[Id], [c].[Code], [c].[CreatedAt], [c].[CreatedByUserId], [c].[CreatedByUserName], [c].[Name], [c].[RowVersion], [c].[UpdatedAt], [c].[UpdatedByUserId], [c].[UpdatedByUserName]
FROM [Countries] AS [c]
WHERE [c].[Id] = @__request_Entity_Id_0
[14:03:37 INF] (vicente.maria.vm17@gmail.com) Executing OkObjectResult, writing value of type 'AppProject.Models.KeyResponse`1[[System.Guid, System.Private.CoreLib, Version=9.0.0.0, Culture=neutral, PublicKeyToken=7cec85d7bea7798e]]'.
[14:03:37 INF] (vicente.maria.vm17@gmail.com) Executed action AppProject.Core.Controllers.General.CountryController.PutAsync (AppProject.Core.Controllers.General) in 102.6475ms
[14:03:37 INF] (vicente.maria.vm17@gmail.com) Executed endpoint 'AppProject.Core.Controllers.General.CountryController.PutAsync (AppProject.Core.Controllers.General)'
[14:03:37 INF] () Request finished HTTP/2 PUT https://localhost:7121/api/general/Country/Put - 200 null application/json; charset=utf-8 123.5547ms
[14:03:37 INF] () Request starting HTTP/2 OPTIONS https://localhost:7121/api/general/CountrySummary/GetSummaries?Take=100 - null null
[14:03:37 INF] () CORS policy execution successful.
[14:03:37 INF] () Request finished HTTP/2 OPTIONS https://localhost:7121/api/general/CountrySummary/GetSummaries?Take=100 - 204 null null 5.7566ms
[14:03:37 INF] () Request starting HTTP/2 GET https://localhost:7121/api/general/CountrySummary/GetSummaries?Take=100 - null null
[14:03:37 INF] () CORS policy execution successful.
[14:03:37 INF] (vicente.maria.vm17@gmail.com) Executing endpoint 'AppProject.Core.Controllers.General.CountrySummaryController.GetSummariesAsync (AppProject.Core.Controllers.General)'
[14:03:37 INF] (vicente.maria.vm17@gmail.com) Route matched with {action = "GetSummaries", controller = "CountrySummary"}. Executing controller action with signature System.Threading.Tasks.Task`1[Microsoft.AspNetCore.Mvc.IActionResult] GetSummariesAsync(AppProject.Models.SearchRequest, System.Threading.CancellationToken) on controller AppProject.Core.Controllers.General.CountrySummaryController (AppProject.Core.Controllers.General).
[14:03:37 INF] (vicente.maria.vm17@gmail.com) Executed DbCommand (1ms) [Parameters=[@__p_0='?' (DbType = Int32)], CommandType='"Text"', CommandTimeout='30']
SELECT TOP(@__p_0) [c].[Id], [c].[Name]
FROM [Countries] AS [c]
ORDER BY [c].[Name]
[14:03:37 INF] (vicente.maria.vm17@gmail.com) Executing OkObjectResult, writing value of type 'AppProject.Models.SummariesResponse`1[[AppProject.Core.Models.General.CountrySummary, AppProject.Core.Models, Version=1.0.0.0, Culture=neutral, PublicKeyToken=null]]'.
[14:03:37 INF] (vicente.maria.vm17@gmail.com) Executed action AppProject.Core.Controllers.General.CountrySummaryController.GetSummariesAsync (AppProject.Core.Controllers.General) in 6.9082ms
[14:03:37 INF] (vicente.maria.vm17@gmail.com) Executed endpoint 'AppProject.Core.Controllers.General.CountrySummaryController.GetSummariesAsync (AppProject.Core.Controllers.General)'
[14:03:38 INF] () Request finished HTTP/2 GET https://localhost:7121/api/general/CountrySummary/GetSummaries?Take=100 - 200 null application/json; charset=utf-8 23.4787ms
[14:03:55 INF] () Request starting HTTP/2 OPTIONS https://localhost:7121/api/general/Country/Post - null null
[14:03:55 INF] () CORS policy execution successful.
[14:03:55 INF] () Request finished HTTP/2 OPTIONS https://localhost:7121/api/general/Country/Post - 204 null null 24.7229ms
[14:03:55 INF] () Request starting HTTP/2 POST https://localhost:7121/api/general/Country/Post - application/json; charset=utf-8 74
[14:03:55 INF] () CORS policy execution successful.
[14:03:55 INF] (vicente.maria.vm17@gmail.com) Executing endpoint 'AppProject.Core.Controllers.General.CountryController.PostAsync (AppProject.Core.Controllers.General)'
[14:03:55 INF] (vicente.maria.vm17@gmail.com) Route matched with {action = "Post", controller = "Country"}. Executing controller action with signature System.Threading.Tasks.Task`1[Microsoft.AspNetCore.Mvc.IActionResult] PostAsync(AppProject.Models.CreateOrUpdateRequest`1[AppProject.Core.Models.General.Country], System.Threading.CancellationToken) on controller AppProject.Core.Controllers.General.CountryController (AppProject.Core.Controllers.General).
[14:03:55 INF] (vicente.maria.vm17@gmail.com) Executed DbCommand (2ms) [Parameters=[@__country_Name_0='?' (Size = 200)], CommandType='"Text"', CommandTimeout='30']
SELECT CASE
    WHEN EXISTS (
        SELECT 1
        FROM [Countries] AS [c]
        WHERE [c].[Name] = @__country_Name_0) THEN CAST(1 AS bit)
    ELSE CAST(0 AS bit)
END
[14:03:55 INF] (vicente.maria.vm17@gmail.com) Executed DbCommand (4ms) [Parameters=[@p0='?' (DbType = Guid), @p1='?' (Size = 200), @p2='?' (DbType = DateTimeOffset), @p3='?' (DbType = Guid), @p4='?' (Size = 255), @p5='?' (Size = 200), @p6='?' (DbType = DateTimeOffset), @p7='?' (DbType = Guid), @p8='?' (Size = 255)], CommandType='"Text"', CommandTimeout='30']
SET IMPLICIT_TRANSACTIONS OFF;
SET NOCOUNT ON;
INSERT INTO [Countries] ([Id], [Code], [CreatedAt], [CreatedByUserId], [CreatedByUserName], [Name], [UpdatedAt], [UpdatedByUserId], [UpdatedByUserName])
OUTPUT INSERTED.[RowVersion]
VALUES (@p0, @p1, @p2, @p3, @p4, @p5, @p6, @p7, @p8);
[14:03:55 INF] (vicente.maria.vm17@gmail.com) Executing OkObjectResult, writing value of type 'AppProject.Models.KeyResponse`1[[System.Guid, System.Private.CoreLib, Version=9.0.0.0, Culture=neutral, PublicKeyToken=7cec85d7bea7798e]]'.
[14:03:55 INF] (vicente.maria.vm17@gmail.com) Executed action AppProject.Core.Controllers.General.CountryController.PostAsync (AppProject.Core.Controllers.General) in 19.9807ms
[14:03:55 INF] (vicente.maria.vm17@gmail.com) Executed endpoint 'AppProject.Core.Controllers.General.CountryController.PostAsync (AppProject.Core.Controllers.General)'
[14:03:55 INF] () Request finished HTTP/2 POST https://localhost:7121/api/general/Country/Post - 200 null application/json; charset=utf-8 43.0497ms
[14:03:55 INF] () Request starting HTTP/2 OPTIONS https://localhost:7121/api/general/CountrySummary/GetSummaries?Take=100 - null null
[14:03:55 INF] () CORS policy execution successful.
[14:03:55 INF] () Request finished HTTP/2 OPTIONS https://localhost:7121/api/general/CountrySummary/GetSummaries?Take=100 - 204 null null 9.8981ms
[14:03:55 INF] () Request starting HTTP/2 GET https://localhost:7121/api/general/CountrySummary/GetSummaries?Take=100 - null null
[14:03:55 INF] () CORS policy execution successful.
[14:03:55 INF] (vicente.maria.vm17@gmail.com) Executing endpoint 'AppProject.Core.Controllers.General.CountrySummaryController.GetSummariesAsync (AppProject.Core.Controllers.General)'
[14:03:55 INF] (vicente.maria.vm17@gmail.com) Route matched with {action = "GetSummaries", controller = "CountrySummary"}. Executing controller action with signature System.Threading.Tasks.Task`1[Microsoft.AspNetCore.Mvc.IActionResult] GetSummariesAsync(AppProject.Models.SearchRequest, System.Threading.CancellationToken) on controller AppProject.Core.Controllers.General.CountrySummaryController (AppProject.Core.Controllers.General).
[14:03:55 INF] (vicente.maria.vm17@gmail.com) Executed DbCommand (0ms) [Parameters=[@__p_0='?' (DbType = Int32)], CommandType='"Text"', CommandTimeout='30']
SELECT TOP(@__p_0) [c].[Id], [c].[Name]
FROM [Countries] AS [c]
ORDER BY [c].[Name]
[14:03:55 INF] (vicente.maria.vm17@gmail.com) Executing OkObjectResult, writing value of type 'AppProject.Models.SummariesResponse`1[[AppProject.Core.Models.General.CountrySummary, AppProject.Core.Models, Version=1.0.0.0, Culture=neutral, PublicKeyToken=null]]'.
[14:03:55 INF] (vicente.maria.vm17@gmail.com) Executed action AppProject.Core.Controllers.General.CountrySummaryController.GetSummariesAsync (AppProject.Core.Controllers.General) in 42.1923ms
[14:03:55 INF] (vicente.maria.vm17@gmail.com) Executed endpoint 'AppProject.Core.Controllers.General.CountrySummaryController.GetSummariesAsync (AppProject.Core.Controllers.General)'
[14:03:55 INF] () Request finished HTTP/2 GET https://localhost:7121/api/general/CountrySummary/GetSummaries?Take=100 - 200 null application/json; charset=utf-8 92.2436ms
[14:04:13 INF] () Request starting HTTP/2 OPTIONS https://localhost:7121/api/general/Country/Get?Id=6c01c06e-1fc5-41af-5941-08dedb520bf6 - null null
[14:04:13 INF] () CORS policy execution successful.
[14:04:13 INF] () Request finished HTTP/2 OPTIONS https://localhost:7121/api/general/Country/Get?Id=6c01c06e-1fc5-41af-5941-08dedb520bf6 - 204 null null 33.3835ms
[14:04:13 INF] () Request starting HTTP/2 GET https://localhost:7121/api/general/Country/Get?Id=6c01c06e-1fc5-41af-5941-08dedb520bf6 - null null
[14:04:13 INF] () CORS policy execution successful.
[14:04:13 INF] (vicente.maria.vm17@gmail.com) Executing endpoint 'AppProject.Core.Controllers.General.CountryController.GetAsync (AppProject.Core.Controllers.General)'
[14:04:13 INF] (vicente.maria.vm17@gmail.com) Route matched with {action = "Get", controller = "Country"}. Executing controller action with signature System.Threading.Tasks.Task`1[Microsoft.AspNetCore.Mvc.IActionResult] GetAsync(AppProject.Models.GetByIdRequest`1[System.Guid], System.Threading.CancellationToken) on controller AppProject.Core.Controllers.General.CountryController (AppProject.Core.Controllers.General).
[14:04:13 INF] (vicente.maria.vm17@gmail.com) Executed DbCommand (2ms) [Parameters=[@__request_Id_0='?' (DbType = Guid)], CommandType='"Text"', CommandTimeout='30']
SELECT [c].[Id], [c].[Name], [c].[Code], [c].[RowVersion]
FROM [Countries] AS [c]
WHERE [c].[Id] = @__request_Id_0
[14:04:13 INF] (vicente.maria.vm17@gmail.com) Executing OkObjectResult, writing value of type 'AppProject.Models.EntityResponse`1[[AppProject.Core.Models.General.Country, AppProject.Core.Models.General, Version=1.0.0.0, Culture=neutral, PublicKeyToken=null]]'.
[14:04:13 INF] (vicente.maria.vm17@gmail.com) Executed action AppProject.Core.Controllers.General.CountryController.GetAsync (AppProject.Core.Controllers.General) in 12.0178ms
[14:04:13 INF] (vicente.maria.vm17@gmail.com) Executed endpoint 'AppProject.Core.Controllers.General.CountryController.GetAsync (AppProject.Core.Controllers.General)'
[14:04:13 INF] () Request finished HTTP/2 GET https://localhost:7121/api/general/Country/Get?Id=6c01c06e-1fc5-41af-5941-08dedb520bf6 - 200 null application/json; charset=utf-8 68.7244ms
[14:04:17 INF] () Request starting HTTP/2 OPTIONS https://localhost:7121/api/general/CountrySummary/GetSummaries?Take=100 - null null
[14:04:17 INF] () CORS policy execution successful.
[14:04:17 INF] () Request finished HTTP/2 OPTIONS https://localhost:7121/api/general/CountrySummary/GetSummaries?Take=100 - 204 null null 32.1215ms
[14:04:17 INF] () Request starting HTTP/2 GET https://localhost:7121/api/general/CountrySummary/GetSummaries?Take=100 - null null
[14:04:17 INF] () CORS policy execution successful.
[14:04:17 INF] (vicente.maria.vm17@gmail.com) Executing endpoint 'AppProject.Core.Controllers.General.CountrySummaryController.GetSummariesAsync (AppProject.Core.Controllers.General)'
[14:04:17 INF] (vicente.maria.vm17@gmail.com) Route matched with {action = "GetSummaries", controller = "CountrySummary"}. Executing controller action with signature System.Threading.Tasks.Task`1[Microsoft.AspNetCore.Mvc.IActionResult] GetSummariesAsync(AppProject.Models.SearchRequest, System.Threading.CancellationToken) on controller AppProject.Core.Controllers.General.CountrySummaryController (AppProject.Core.Controllers.General).
[14:04:17 INF] (vicente.maria.vm17@gmail.com) Executed DbCommand (1ms) [Parameters=[@__p_0='?' (DbType = Int32)], CommandType='"Text"', CommandTimeout='30']
SELECT TOP(@__p_0) [c].[Id], [c].[Name]
FROM [Countries] AS [c]
ORDER BY [c].[Name]
[14:04:17 INF] (vicente.maria.vm17@gmail.com) Executing OkObjectResult, writing value of type 'AppProject.Models.SummariesResponse`1[[AppProject.Core.Models.General.CountrySummary, AppProject.Core.Models, Version=1.0.0.0, Culture=neutral, PublicKeyToken=null]]'.
[14:04:17 INF] (vicente.maria.vm17@gmail.com) Executed action AppProject.Core.Controllers.General.CountrySummaryController.GetSummariesAsync (AppProject.Core.Controllers.General) in 10.4715ms
[14:04:17 INF] (vicente.maria.vm17@gmail.com) Executed endpoint 'AppProject.Core.Controllers.General.CountrySummaryController.GetSummariesAsync (AppProject.Core.Controllers.General)'
[14:04:17 INF] () Request finished HTTP/2 GET https://localhost:7121/api/general/CountrySummary/GetSummaries?Take=100 - 200 null application/json; charset=utf-8 66.2122ms
[14:04:22 INF] () Request starting HTTP/2 OPTIONS https://localhost:7121/api/general/Country/Get?Id=7aca60da-877d-41f8-5940-08dedb520bf6 - null null
[14:04:22 INF] () CORS policy execution successful.
[14:04:22 INF] () Request finished HTTP/2 OPTIONS https://localhost:7121/api/general/Country/Get?Id=7aca60da-877d-41f8-5940-08dedb520bf6 - 204 null null 3.7095ms
[14:04:22 INF] () Request starting HTTP/2 GET https://localhost:7121/api/general/Country/Get?Id=7aca60da-877d-41f8-5940-08dedb520bf6 - null null
[14:04:22 INF] () CORS policy execution successful.
[14:04:22 INF] (vicente.maria.vm17@gmail.com) Executing endpoint 'AppProject.Core.Controllers.General.CountryController.GetAsync (AppProject.Core.Controllers.General)'
[14:04:22 INF] (vicente.maria.vm17@gmail.com) Route matched with {action = "Get", controller = "Country"}. Executing controller action with signature System.Threading.Tasks.Task`1[Microsoft.AspNetCore.Mvc.IActionResult] GetAsync(AppProject.Models.GetByIdRequest`1[System.Guid], System.Threading.CancellationToken) on controller AppProject.Core.Controllers.General.CountryController (AppProject.Core.Controllers.General).
[14:04:22 INF] (vicente.maria.vm17@gmail.com) Executed DbCommand (13ms) [Parameters=[@__request_Id_0='?' (DbType = Guid)], CommandType='"Text"', CommandTimeout='30']
SELECT [c].[Id], [c].[Name], [c].[Code], [c].[RowVersion]
FROM [Countries] AS [c]
WHERE [c].[Id] = @__request_Id_0
[14:04:22 INF] (vicente.maria.vm17@gmail.com) Executing OkObjectResult, writing value of type 'AppProject.Models.EntityResponse`1[[AppProject.Core.Models.General.Country, AppProject.Core.Models.General, Version=1.0.0.0, Culture=neutral, PublicKeyToken=null]]'.
[14:04:22 INF] (vicente.maria.vm17@gmail.com) Executed action AppProject.Core.Controllers.General.CountryController.GetAsync (AppProject.Core.Controllers.General) in 85.0505ms
[14:04:22 INF] (vicente.maria.vm17@gmail.com) Executed endpoint 'AppProject.Core.Controllers.General.CountryController.GetAsync (AppProject.Core.Controllers.General)'
[14:04:22 INF] () Request finished HTTP/2 GET https://localhost:7121/api/general/Country/Get?Id=7aca60da-877d-41f8-5940-08dedb520bf6 - 200 null application/json; charset=utf-8 146.1449ms
[14:04:27 INF] () Request starting HTTP/2 OPTIONS https://localhost:7121/api/general/Country/Put - null null
[14:04:27 INF] () CORS policy execution successful.
[14:04:27 INF] () Request finished HTTP/2 OPTIONS https://localhost:7121/api/general/Country/Put - 204 null null 4.681ms
[14:04:27 INF] () Request starting HTTP/2 PUT https://localhost:7121/api/general/Country/Put - application/json; charset=utf-8 115
[14:04:27 INF] () CORS policy execution successful.
[14:04:27 INF] (vicente.maria.vm17@gmail.com) Executing endpoint 'AppProject.Core.Controllers.General.CountryController.PutAsync (AppProject.Core.Controllers.General)'
[14:04:27 INF] (vicente.maria.vm17@gmail.com) Route matched with {action = "Put", controller = "Country"}. Executing controller action with signature System.Threading.Tasks.Task`1[Microsoft.AspNetCore.Mvc.IActionResult] PutAsync(AppProject.Models.CreateOrUpdateRequest`1[AppProject.Core.Models.General.Country], System.Threading.CancellationToken) on controller AppProject.Core.Controllers.General.CountryController (AppProject.Core.Controllers.General).
[14:04:27 INF] (vicente.maria.vm17@gmail.com) Executed DbCommand (1ms) [Parameters=[@__country_Name_0='?' (Size = 200), @__country_Id_1='?' (DbType = Guid)], CommandType='"Text"', CommandTimeout='30']
SELECT CASE
    WHEN EXISTS (
        SELECT 1
        FROM [Countries] AS [c]
        WHERE [c].[Name] = @__country_Name_0 AND [c].[Id] <> @__country_Id_1) THEN CAST(1 AS bit)
    ELSE CAST(0 AS bit)
END
[14:04:27 INF] (vicente.maria.vm17@gmail.com) Executed DbCommand (1ms) [Parameters=[@__request_Entity_Id_0='?' (DbType = Guid)], CommandType='"Text"', CommandTimeout='30']
SELECT [c].[Id], [c].[Code], [c].[CreatedAt], [c].[CreatedByUserId], [c].[CreatedByUserName], [c].[Name], [c].[RowVersion], [c].[UpdatedAt], [c].[UpdatedByUserId], [c].[UpdatedByUserName]
FROM [Countries] AS [c]
WHERE [c].[Id] = @__request_Entity_Id_0
[14:04:27 INF] (vicente.maria.vm17@gmail.com) Executing OkObjectResult, writing value of type 'AppProject.Models.KeyResponse`1[[System.Guid, System.Private.CoreLib, Version=9.0.0.0, Culture=neutral, PublicKeyToken=7cec85d7bea7798e]]'.
[14:04:27 INF] (vicente.maria.vm17@gmail.com) Executed action AppProject.Core.Controllers.General.CountryController.PutAsync (AppProject.Core.Controllers.General) in 34.1016ms
[14:04:27 INF] (vicente.maria.vm17@gmail.com) Executed endpoint 'AppProject.Core.Controllers.General.CountryController.PutAsync (AppProject.Core.Controllers.General)'
[14:04:27 INF] () Request finished HTTP/2 PUT https://localhost:7121/api/general/Country/Put - 200 null application/json; charset=utf-8 51.1908ms
[14:04:27 INF] () Request starting HTTP/2 OPTIONS https://localhost:7121/api/general/CountrySummary/GetSummaries?Take=100 - null null
[14:04:27 INF] () CORS policy execution successful.
[14:04:27 INF] () Request finished HTTP/2 OPTIONS https://localhost:7121/api/general/CountrySummary/GetSummaries?Take=100 - 204 null null 4.7939ms
[14:04:27 INF] () Request starting HTTP/2 GET https://localhost:7121/api/general/CountrySummary/GetSummaries?Take=100 - null null
[14:04:27 INF] () CORS policy execution successful.
[14:04:27 INF] (vicente.maria.vm17@gmail.com) Executing endpoint 'AppProject.Core.Controllers.General.CountrySummaryController.GetSummariesAsync (AppProject.Core.Controllers.General)'
[14:04:27 INF] (vicente.maria.vm17@gmail.com) Route matched with {action = "GetSummaries", controller = "CountrySummary"}. Executing controller action with signature System.Threading.Tasks.Task`1[Microsoft.AspNetCore.Mvc.IActionResult] GetSummariesAsync(AppProject.Models.SearchRequest, System.Threading.CancellationToken) on controller AppProject.Core.Controllers.General.CountrySummaryController (AppProject.Core.Controllers.General).
[14:04:27 INF] (vicente.maria.vm17@gmail.com) Executed DbCommand (0ms) [Parameters=[@__p_0='?' (DbType = Int32)], CommandType='"Text"', CommandTimeout='30']
SELECT TOP(@__p_0) [c].[Id], [c].[Name]
FROM [Countries] AS [c]
ORDER BY [c].[Name]
[14:04:27 INF] (vicente.maria.vm17@gmail.com) Executing OkObjectResult, writing value of type 'AppProject.Models.SummariesResponse`1[[AppProject.Core.Models.General.CountrySummary, AppProject.Core.Models, Version=1.0.0.0, Culture=neutral, PublicKeyToken=null]]'.
[14:04:27 INF] (vicente.maria.vm17@gmail.com) Executed action AppProject.Core.Controllers.General.CountrySummaryController.GetSummariesAsync (AppProject.Core.Controllers.General) in 6.8751ms
[14:04:27 INF] (vicente.maria.vm17@gmail.com) Executed endpoint 'AppProject.Core.Controllers.General.CountrySummaryController.GetSummariesAsync (AppProject.Core.Controllers.General)'
[14:04:27 INF] () Request finished HTTP/2 GET https://localhost:7121/api/general/CountrySummary/GetSummaries?Take=100 - 200 null application/json; charset=utf-8 19.0653ms
