[08:57:57 INF] () Start installing Hangfire SQL objects...
[08:57:58 INF] () Hangfire SQL objects installed.
[08:58:00 INF] () Executed DbCommand (12ms) [Parameters=[], CommandType='"Text"', CommandTimeout='30']
SELECT 1
[08:58:00 INF] () Acquiring an exclusive lock for migration application. See https://aka.ms/efcore-docs-migrations-lock for more information if this takes too long.
[08:58:00 INF] () Executed DbCommand (10ms) [Parameters=[], CommandType='"Text"', CommandTimeout='30']
DECLARE @result int;
EXEC @result = sp_getapplock @Resource = '__EFMigrationsLock', @LockOwner = 'Session', @LockMode = 'Exclusive';
SELECT @result
[08:58:00 INF] () Executed DbCommand (10ms) [Parameters=[], CommandType='"Text"', CommandTimeout='30']
IF OBJECT_ID(N'[__EFMigrationsHistory]') IS NULL
BEGIN
    CREATE TABLE [__EFMigrationsHistory] (
        [MigrationId] nvarchar(150) NOT NULL,
        [ProductVersion] nvarchar(32) NOT NULL,
        CONSTRAINT [PK___EFMigrationsHistory] PRIMARY KEY ([MigrationId])
    );
END;
[08:58:00 INF] () Executed DbCommand (1ms) [Parameters=[], CommandType='"Text"', CommandTimeout='30']
SELECT 1
[08:58:00 INF] () Executed DbCommand (3ms) [Parameters=[], CommandType='"Text"', CommandTimeout='30']
SELECT OBJECT_ID(N'[__EFMigrationsHistory]');
[08:58:00 INF] () Executed DbCommand (4ms) [Parameters=[], CommandType='"Text"', CommandTimeout='30']
SELECT [MigrationId], [ProductVersion]
FROM [__EFMigrationsHistory]
ORDER BY [MigrationId];
[08:58:00 INF] () No migrations were applied. The database is already up to date.
[08:58:00 INF] () Executed DbCommand (1ms) [Parameters=[], CommandType='"Text"', CommandTimeout='30']
DECLARE @result int;
EXEC @result = sp_releaseapplock @Resource = '__EFMigrationsLock', @LockOwner = 'Session';
SELECT @result
[08:58:00 INF] () Executed DbCommand (3ms) [Parameters=[], CommandType='"Text"', CommandTimeout='30']
SELECT TOP(1) [u].[Id], [u].[CreatedAt], [u].[CreatedByUserId], [u].[CreatedByUserName], [u].[Email], [u].[IsSystemAdmin], [u].[Name], [u].[RowVersion], [u].[UpdatedAt], [u].[UpdatedByUserId], [u].[UpdatedByUserName]
FROM [Users] AS [u]
WHERE [u].[IsSystemAdmin] = CAST(1 AS bit)
[08:58:00 INF] () User profile is available. Using 'C:\Users\vicen\AppData\Local\ASP.NET\DataProtection-Keys' as key repository and Windows DPAPI to encrypt keys at rest.
[08:58:00 INF] () Now listening on: https://localhost:7121
[08:58:00 INF] () Starting Hangfire Server using job storage: 'SQL Server: localhost\SQLEXPRESS@AppProject'
[08:58:00 INF] () Using the following options for SQL Server job storage: Queue poll interval: 00:00:00.
[08:58:00 INF] () Using the following options for Hangfire Server:
    Worker count: 20
    Listening queues: 'default'
    Shutdown timeout: 00:00:15
    Schedule polling interval: 00:00:15
[08:58:00 INF] () Application started. Press Ctrl+C to shut down.
[08:58:00 INF] () Hosting environment: Development
[08:58:00 INF] () Content root path: C:\Course\dotnet-template\AppProject.Core.API
[08:58:00 INF] () Server desktop-0fm4m6s:2960:158e59b0 successfully announced in 24.8499 ms
[08:58:00 INF] () Server desktop-0fm4m6s:2960:158e59b0 is starting the registered dispatchers: ServerWatchdog, ServerJobCancellationWatcher, SqlServerHeartbeatProcess, ExpirationManager, CountersAggregator, Worker, DelayedJobScheduler, RecurringJobScheduler...
[08:58:01 INF] () 1 servers were removed due to timeout
[08:58:01 INF] () Server desktop-0fm4m6s:2960:158e59b0 all the dispatchers started
[08:58:01 INF] () Starting job SampleJob at "2026-08-05T06:58:01.5779665Z".
[08:58:01 INF] () Executing SampleJob at "2026-08-05T06:58:01.5815100Z".
[08:58:01 INF] () Completed job SampleJob at "2026-08-05T06:58:01.5836676Z".
[08:59:39 INF] () Request starting HTTP/2 OPTIONS https://localhost:7121/api/auth/Permission/GetCurrentUserPermissions - null null
[08:59:39 INF] () CORS policy execution successful.
[08:59:39 INF] () Request finished HTTP/2 OPTIONS https://localhost:7121/api/auth/Permission/GetCurrentUserPermissions - 204 null null 85.7221ms
[08:59:39 INF] () Request starting HTTP/2 GET https://localhost:7121/api/auth/Permission/GetCurrentUserPermissions - null null
[08:59:39 INF] () CORS policy execution successful.
[08:59:41 INF] (vicente.maria.vm17@gmail.com) Executing endpoint 'AppProject.Core.API.Controllers.Auth.PermissionController.GetCurrentUserPermissionsAsync (AppProject.Core.API)'
[08:59:42 INF] (vicente.maria.vm17@gmail.com) Route matched with {action = "GetCurrentUserPermissions", controller = "Permission"}. Executing controller action with signature System.Threading.Tasks.Task`1[Microsoft.AspNetCore.Mvc.IActionResult] GetCurrentUserPermissionsAsync(AppProject.Models.Auth.PermissionContext, System.Threading.CancellationToken) on controller AppProject.Core.API.Controllers.Auth.PermissionController (AppProject.Core.API).
[08:59:42 INF] () Executed DbCommand (4ms) [Parameters=[], CommandType='"Text"', CommandTimeout='30']
SELECT TOP(1) [u].[Id], [u].[CreatedAt], [u].[CreatedByUserId], [u].[CreatedByUserName], [u].[Email], [u].[IsSystemAdmin], [u].[Name], [u].[RowVersion], [u].[UpdatedAt], [u].[UpdatedByUserId], [u].[UpdatedByUserName]
FROM [Users] AS [u]
WHERE [u].[IsSystemAdmin] = CAST(1 AS bit)
[08:59:42 INF] (vicente.maria.vm17@gmail.com) Executing OkObjectResult, writing value of type 'AppProject.Models.Auth.PermissionType[]'.
[08:59:42 INF] (vicente.maria.vm17@gmail.com) Executed action AppProject.Core.API.Controllers.Auth.PermissionController.GetCurrentUserPermissionsAsync (AppProject.Core.API) in 251.5016ms
[08:59:42 INF] (vicente.maria.vm17@gmail.com) Executed endpoint 'AppProject.Core.API.Controllers.Auth.PermissionController.GetCurrentUserPermissionsAsync (AppProject.Core.API)'
[08:59:42 INF] () Request finished HTTP/2 GET https://localhost:7121/api/auth/Permission/GetCurrentUserPermissions - 200 null application/json; charset=utf-8 2433.002ms
[08:59:47 INF] () Request starting HTTP/2 OPTIONS https://localhost:7121/api/general/StateSummary/GetSummaries?Take=100 - null null
[08:59:47 INF] () CORS policy execution successful.
[08:59:47 INF] () Request finished HTTP/2 OPTIONS https://localhost:7121/api/general/StateSummary/GetSummaries?Take=100 - 204 null null 13.3739ms
[08:59:47 INF] () Request starting HTTP/2 GET https://localhost:7121/api/general/StateSummary/GetSummaries?Take=100 - null null
[08:59:47 INF] () CORS policy execution successful.
[08:59:47 INF] (vicente.maria.vm17@gmail.com) Executing endpoint 'AppProject.Core.Controllers.General.StateSummaryController.GetSummariesAsync (AppProject.Core.Controllers.General)'
[08:59:47 INF] (vicente.maria.vm17@gmail.com) Route matched with {action = "GetSummaries", controller = "StateSummary"}. Executing controller action with signature System.Threading.Tasks.Task`1[Microsoft.AspNetCore.Mvc.IActionResult] GetSummariesAsync(AppProject.Core.Models.General.StateSummarySearchRequest, System.Threading.CancellationToken) on controller AppProject.Core.Controllers.General.StateSummaryController (AppProject.Core.Controllers.General).
[08:59:47 INF] (vicente.maria.vm17@gmail.com) Executed DbCommand (8ms) [Parameters=[@__p_0='?' (DbType = Int32)], CommandType='"Text"', CommandTimeout='30']
SELECT [s0].[Id], [s0].[Name], [c].[Name] AS [CountryName], [s0].[CountryId]
FROM (
    SELECT TOP(@__p_0) [s].[Id], [s].[CountryId], [s].[Name]
    FROM [States] AS [s]
    ORDER BY [s].[Name]
) AS [s0]
INNER JOIN [Countries] AS [c] ON [s0].[CountryId] = [c].[Id]
ORDER BY [s0].[Name]
[08:59:47 INF] (vicente.maria.vm17@gmail.com) Executing OkObjectResult, writing value of type 'AppProject.Models.SummariesResponse`1[[AppProject.Core.Models.General.StateSummary, AppProject.Core.Models, Version=1.0.0.0, Culture=neutral, PublicKeyToken=null]]'.
[08:59:47 INF] (vicente.maria.vm17@gmail.com) Executed action AppProject.Core.Controllers.General.StateSummaryController.GetSummariesAsync (AppProject.Core.Controllers.General) in 225.7417ms
[08:59:47 INF] (vicente.maria.vm17@gmail.com) Executed endpoint 'AppProject.Core.Controllers.General.StateSummaryController.GetSummariesAsync (AppProject.Core.Controllers.General)'
[08:59:47 INF] () Request finished HTTP/2 GET https://localhost:7121/api/general/StateSummary/GetSummaries?Take=100 - 200 null application/json; charset=utf-8 260.7105ms
[08:59:50 INF] () Request starting HTTP/2 OPTIONS https://localhost:7121/api/general/CitySummary/GetSummaries?Take=100 - null null
[08:59:50 INF] () CORS policy execution successful.
[08:59:50 INF] () Request finished HTTP/2 OPTIONS https://localhost:7121/api/general/CitySummary/GetSummaries?Take=100 - 204 null null 3.7192ms
[08:59:50 INF] () Request starting HTTP/2 GET https://localhost:7121/api/general/CitySummary/GetSummaries?Take=100 - null null
[08:59:50 INF] () CORS policy execution successful.
[08:59:50 INF] (vicente.maria.vm17@gmail.com) Executing endpoint 'AppProject.Core.Controllers.General.CitySummaryController.GetSummariesAsync (AppProject.Core.Controllers.General)'
[08:59:50 INF] (vicente.maria.vm17@gmail.com) Route matched with {action = "GetSummaries", controller = "CitySummary"}. Executing controller action with signature System.Threading.Tasks.Task`1[Microsoft.AspNetCore.Mvc.IActionResult] GetSummariesAsync(AppProject.Core.Models.General.CitySummarySearchRequest, System.Threading.CancellationToken) on controller AppProject.Core.Controllers.General.CitySummaryController (AppProject.Core.Controllers.General).
[08:59:50 INF] (vicente.maria.vm17@gmail.com) Executed DbCommand (5ms) [Parameters=[@__p_0='?' (DbType = Int32)], CommandType='"Text"', CommandTimeout='30']
SELECT [c0].[Id], [c0].[Name], [s].[Name] AS [StateName], [c0].[StateId], [c1].[Name] AS [CountryName], [s].[CountryId]
FROM (
    SELECT TOP(@__p_0) [c].[Id], [c].[Name], [c].[StateId]
    FROM [Cities] AS [c]
    ORDER BY [c].[Name]
) AS [c0]
INNER JOIN [States] AS [s] ON [c0].[StateId] = [s].[Id]
INNER JOIN [Countries] AS [c1] ON [s].[CountryId] = [c1].[Id]
ORDER BY [c0].[Name]
[08:59:50 INF] (vicente.maria.vm17@gmail.com) Executing OkObjectResult, writing value of type 'AppProject.Models.SummariesResponse`1[[AppProject.Core.Models.General.CitySummary, AppProject.Core.Models, Version=1.0.0.0, Culture=neutral, PublicKeyToken=null]]'.
[08:59:50 INF] (vicente.maria.vm17@gmail.com) Executed action AppProject.Core.Controllers.General.CitySummaryController.GetSummariesAsync (AppProject.Core.Controllers.General) in 34.6363ms
[08:59:50 INF] (vicente.maria.vm17@gmail.com) Executed endpoint 'AppProject.Core.Controllers.General.CitySummaryController.GetSummariesAsync (AppProject.Core.Controllers.General)'
[08:59:50 INF] () Request finished HTTP/2 GET https://localhost:7121/api/general/CitySummary/GetSummaries?Take=100 - 200 null application/json; charset=utf-8 55.6546ms
[08:59:54 INF] () Request starting HTTP/2 OPTIONS https://localhost:7121/api/general/StateSummary/GetSummaries?Take=100 - null null
[08:59:54 INF] () CORS policy execution successful.
[08:59:54 INF] () Request finished HTTP/2 OPTIONS https://localhost:7121/api/general/StateSummary/GetSummaries?Take=100 - 204 null null 3.7787ms
[08:59:54 INF] () Request starting HTTP/2 GET https://localhost:7121/api/general/StateSummary/GetSummaries?Take=100 - null null
[08:59:54 INF] () CORS policy execution successful.
[08:59:54 INF] (vicente.maria.vm17@gmail.com) Executing endpoint 'AppProject.Core.Controllers.General.StateSummaryController.GetSummariesAsync (AppProject.Core.Controllers.General)'
[08:59:54 INF] (vicente.maria.vm17@gmail.com) Route matched with {action = "GetSummaries", controller = "StateSummary"}. Executing controller action with signature System.Threading.Tasks.Task`1[Microsoft.AspNetCore.Mvc.IActionResult] GetSummariesAsync(AppProject.Core.Models.General.StateSummarySearchRequest, System.Threading.CancellationToken) on controller AppProject.Core.Controllers.General.StateSummaryController (AppProject.Core.Controllers.General).
[08:59:54 INF] (vicente.maria.vm17@gmail.com) Executed DbCommand (1ms) [Parameters=[@__p_0='?' (DbType = Int32)], CommandType='"Text"', CommandTimeout='30']
SELECT [s0].[Id], [s0].[Name], [c].[Name] AS [CountryName], [s0].[CountryId]
FROM (
    SELECT TOP(@__p_0) [s].[Id], [s].[CountryId], [s].[Name]
    FROM [States] AS [s]
    ORDER BY [s].[Name]
) AS [s0]
INNER JOIN [Countries] AS [c] ON [s0].[CountryId] = [c].[Id]
ORDER BY [s0].[Name]
[08:59:54 INF] (vicente.maria.vm17@gmail.com) Executing OkObjectResult, writing value of type 'AppProject.Models.SummariesResponse`1[[AppProject.Core.Models.General.StateSummary, AppProject.Core.Models, Version=1.0.0.0, Culture=neutral, PublicKeyToken=null]]'.
[08:59:54 INF] (vicente.maria.vm17@gmail.com) Executed action AppProject.Core.Controllers.General.StateSummaryController.GetSummariesAsync (AppProject.Core.Controllers.General) in 8.3548ms
[08:59:54 INF] (vicente.maria.vm17@gmail.com) Executed endpoint 'AppProject.Core.Controllers.General.StateSummaryController.GetSummariesAsync (AppProject.Core.Controllers.General)'
[08:59:54 INF] () Request finished HTTP/2 GET https://localhost:7121/api/general/StateSummary/GetSummaries?Take=100 - 200 null application/json; charset=utf-8 20.5572ms
[09:00:18 INF] () Request starting HTTP/2 OPTIONS https://localhost:7121/api/general/CitySummary/GetSummaries?Take=100 - null null
[09:00:18 INF] () CORS policy execution successful.
[09:00:18 INF] () Request finished HTTP/2 OPTIONS https://localhost:7121/api/general/CitySummary/GetSummaries?Take=100 - 204 null null 4.108ms
[09:00:18 INF] () Request starting HTTP/2 GET https://localhost:7121/api/general/CitySummary/GetSummaries?Take=100 - null null
[09:00:18 INF] () CORS policy execution successful.
[09:00:18 INF] (vicente.maria.vm17@gmail.com) Executing endpoint 'AppProject.Core.Controllers.General.CitySummaryController.GetSummariesAsync (AppProject.Core.Controllers.General)'
[09:00:18 INF] (vicente.maria.vm17@gmail.com) Route matched with {action = "GetSummaries", controller = "CitySummary"}. Executing controller action with signature System.Threading.Tasks.Task`1[Microsoft.AspNetCore.Mvc.IActionResult] GetSummariesAsync(AppProject.Core.Models.General.CitySummarySearchRequest, System.Threading.CancellationToken) on controller AppProject.Core.Controllers.General.CitySummaryController (AppProject.Core.Controllers.General).
[09:00:18 INF] (vicente.maria.vm17@gmail.com) Executed DbCommand (1ms) [Parameters=[@__p_0='?' (DbType = Int32)], CommandType='"Text"', CommandTimeout='30']
SELECT [c0].[Id], [c0].[Name], [s].[Name] AS [StateName], [c0].[StateId], [c1].[Name] AS [CountryName], [s].[CountryId]
FROM (
    SELECT TOP(@__p_0) [c].[Id], [c].[Name], [c].[StateId]
    FROM [Cities] AS [c]
    ORDER BY [c].[Name]
) AS [c0]
INNER JOIN [States] AS [s] ON [c0].[StateId] = [s].[Id]
INNER JOIN [Countries] AS [c1] ON [s].[CountryId] = [c1].[Id]
ORDER BY [c0].[Name]
[09:00:18 INF] (vicente.maria.vm17@gmail.com) Executing OkObjectResult, writing value of type 'AppProject.Models.SummariesResponse`1[[AppProject.Core.Models.General.CitySummary, AppProject.Core.Models, Version=1.0.0.0, Culture=neutral, PublicKeyToken=null]]'.
[09:00:18 INF] (vicente.maria.vm17@gmail.com) Executed action AppProject.Core.Controllers.General.CitySummaryController.GetSummariesAsync (AppProject.Core.Controllers.General) in 6.7783ms
[09:00:18 INF] (vicente.maria.vm17@gmail.com) Executed endpoint 'AppProject.Core.Controllers.General.CitySummaryController.GetSummariesAsync (AppProject.Core.Controllers.General)'
[09:00:18 INF] () Request finished HTTP/2 GET https://localhost:7121/api/general/CitySummary/GetSummaries?Take=100 - 200 null application/json; charset=utf-8 51.4966ms
[09:00:29 INF] () Request starting HTTP/2 OPTIONS https://localhost:7121/api/general/StateSummary/GetSummaries?Take=100 - null null
[09:00:29 INF] () CORS policy execution successful.
[09:00:29 INF] () Request finished HTTP/2 OPTIONS https://localhost:7121/api/general/StateSummary/GetSummaries?Take=100 - 204 null null 4.6424ms
[09:00:29 INF] () Request starting HTTP/2 GET https://localhost:7121/api/general/StateSummary/GetSummaries?Take=100 - null null
[09:00:29 INF] () CORS policy execution successful.
[09:00:29 INF] (vicente.maria.vm17@gmail.com) Executing endpoint 'AppProject.Core.Controllers.General.StateSummaryController.GetSummariesAsync (AppProject.Core.Controllers.General)'
[09:00:29 INF] (vicente.maria.vm17@gmail.com) Route matched with {action = "GetSummaries", controller = "StateSummary"}. Executing controller action with signature System.Threading.Tasks.Task`1[Microsoft.AspNetCore.Mvc.IActionResult] GetSummariesAsync(AppProject.Core.Models.General.StateSummarySearchRequest, System.Threading.CancellationToken) on controller AppProject.Core.Controllers.General.StateSummaryController (AppProject.Core.Controllers.General).
[09:00:29 INF] () Request starting HTTP/2 OPTIONS https://localhost:7121/api/general/City/Get?Id=7f3d42dc-4b9d-4a37-e4ed-08deca2bc236 - null null
[09:00:29 INF] () CORS policy execution successful.
[09:00:30 INF] () Request finished HTTP/2 OPTIONS https://localhost:7121/api/general/City/Get?Id=7f3d42dc-4b9d-4a37-e4ed-08deca2bc236 - 204 null null 5.3216ms
[09:00:30 INF] () Request starting HTTP/2 GET https://localhost:7121/api/general/City/Get?Id=7f3d42dc-4b9d-4a37-e4ed-08deca2bc236 - null null
[09:00:30 INF] () CORS policy execution successful.
[09:00:30 INF] (vicente.maria.vm17@gmail.com) Executing endpoint 'AppProject.Core.Controllers.General.CityController.GetAsync (AppProject.Core.Controllers.General)'
[09:00:30 INF] (vicente.maria.vm17@gmail.com) Executed DbCommand (14ms) [Parameters=[@__p_0='?' (DbType = Int32)], CommandType='"Text"', CommandTimeout='30']
SELECT [s0].[Id], [s0].[Name], [c].[Name] AS [CountryName], [s0].[CountryId]
FROM (
    SELECT TOP(@__p_0) [s].[Id], [s].[CountryId], [s].[Name]
    FROM [States] AS [s]
    ORDER BY [s].[Name]
) AS [s0]
INNER JOIN [Countries] AS [c] ON [s0].[CountryId] = [c].[Id]
ORDER BY [s0].[Name]
[09:00:30 INF] (vicente.maria.vm17@gmail.com) Executing OkObjectResult, writing value of type 'AppProject.Models.SummariesResponse`1[[AppProject.Core.Models.General.StateSummary, AppProject.Core.Models, Version=1.0.0.0, Culture=neutral, PublicKeyToken=null]]'.
[09:00:30 INF] (vicente.maria.vm17@gmail.com) Executed action AppProject.Core.Controllers.General.StateSummaryController.GetSummariesAsync (AppProject.Core.Controllers.General) in 95.3062ms
[09:00:30 INF] (vicente.maria.vm17@gmail.com) Executed endpoint 'AppProject.Core.Controllers.General.StateSummaryController.GetSummariesAsync (AppProject.Core.Controllers.General)'
[09:00:30 INF] () Request finished HTTP/2 GET https://localhost:7121/api/general/StateSummary/GetSummaries?Take=100 - 200 null application/json; charset=utf-8 109.7146ms
[09:00:30 INF] (vicente.maria.vm17@gmail.com) Route matched with {action = "Get", controller = "City"}. Executing controller action with signature System.Threading.Tasks.Task`1[Microsoft.AspNetCore.Mvc.IActionResult] GetAsync(AppProject.Models.GetByIdRequest`1[System.Guid], System.Threading.CancellationToken) on controller AppProject.Core.Controllers.General.CityController (AppProject.Core.Controllers.General).
[09:00:30 INF] (vicente.maria.vm17@gmail.com) Executed DbCommand (3ms) [Parameters=[@__request_Id_0='?' (DbType = Guid)], CommandType='"Text"', CommandTimeout='30']
SELECT [c].[Id], [c].[Name], [c].[Code], [c].[StateId], [c].[RowVersion]
FROM [Cities] AS [c]
WHERE [c].[Id] = @__request_Id_0
[09:00:30 INF] (vicente.maria.vm17@gmail.com) Executing OkObjectResult, writing value of type 'AppProject.Models.EntityResponse`1[[AppProject.Core.Models.General.City, AppProject.Core.Models.General, Version=1.0.0.0, Culture=neutral, PublicKeyToken=null]]'.
[09:00:30 INF] (vicente.maria.vm17@gmail.com) Executed action AppProject.Core.Controllers.General.CityController.GetAsync (AppProject.Core.Controllers.General) in 42.5868ms
[09:00:30 INF] (vicente.maria.vm17@gmail.com) Executed endpoint 'AppProject.Core.Controllers.General.CityController.GetAsync (AppProject.Core.Controllers.General)'
[09:00:30 INF] () Request finished HTTP/2 GET https://localhost:7121/api/general/City/Get?Id=7f3d42dc-4b9d-4a37-e4ed-08deca2bc236 - 200 null application/json; charset=utf-8 131.3571ms
[09:02:00 INF] () Request starting HTTP/2 OPTIONS https://localhost:7121/api/general/City/GetNeighborhoods?ParentId=7f3d42dc-4b9d-4a37-e4ed-08deca2bc236 - null null
[09:02:00 INF] () CORS policy execution successful.
[09:02:00 INF] () Request finished HTTP/2 OPTIONS https://localhost:7121/api/general/City/GetNeighborhoods?ParentId=7f3d42dc-4b9d-4a37-e4ed-08deca2bc236 - 204 null null 34.1937ms
[09:02:00 INF] () Request starting HTTP/2 GET https://localhost:7121/api/general/City/GetNeighborhoods?ParentId=7f3d42dc-4b9d-4a37-e4ed-08deca2bc236 - null null
[09:02:00 INF] () CORS policy execution successful.
[09:02:00 INF] (vicente.maria.vm17@gmail.com) Executing endpoint 'AppProject.Core.Controllers.General.CityController.GetNeighborhoodsAsync (AppProject.Core.Controllers.General)'
[09:02:00 INF] (vicente.maria.vm17@gmail.com) Route matched with {action = "GetNeighborhoods", controller = "City"}. Executing controller action with signature System.Threading.Tasks.Task`1[Microsoft.AspNetCore.Mvc.IActionResult] GetNeighborhoodsAsync(AppProject.Models.GetByParentIdRequest`1[System.Guid], System.Threading.CancellationToken) on controller AppProject.Core.Controllers.General.CityController (AppProject.Core.Controllers.General).
[09:02:00 INF] (vicente.maria.vm17@gmail.com) Executed DbCommand (64ms) [Parameters=[@__request_ParentId_0='?' (DbType = Guid)], CommandType='"Text"', CommandTimeout='30']
SELECT [n].[Id], [n].[Name], [n].[Code], [n].[RowVersion]
FROM [Neighborhoods] AS [n]
WHERE [n].[CityId] = @__request_ParentId_0
[09:02:00 INF] (vicente.maria.vm17@gmail.com) Executing OkObjectResult, writing value of type 'AppProject.Models.EntitiesResponse`1[[AppProject.Core.Models.General.Neighborhood, AppProject.Core.Models.General, Version=1.0.0.0, Culture=neutral, PublicKeyToken=null]]'.
[09:02:00 INF] (vicente.maria.vm17@gmail.com) Executed action AppProject.Core.Controllers.General.CityController.GetNeighborhoodsAsync (AppProject.Core.Controllers.General) in 88.2541ms
[09:02:00 INF] (vicente.maria.vm17@gmail.com) Executed endpoint 'AppProject.Core.Controllers.General.CityController.GetNeighborhoodsAsync (AppProject.Core.Controllers.General)'
[09:02:00 INF] () Request finished HTTP/2 GET https://localhost:7121/api/general/City/GetNeighborhoods?ParentId=7f3d42dc-4b9d-4a37-e4ed-08deca2bc236 - 200 null application/json; charset=utf-8 140.9931ms
[09:02:20 INF] () Request starting HTTP/2 OPTIONS https://localhost:7121/api/general/StateSummary/GetSummaries?Take=100 - null null
[09:02:20 INF] () CORS policy execution successful.
[09:02:20 INF] () Request finished HTTP/2 OPTIONS https://localhost:7121/api/general/StateSummary/GetSummaries?Take=100 - 204 null null 4.124ms
[09:02:20 INF] () Request starting HTTP/2 GET https://localhost:7121/api/general/StateSummary/GetSummaries?Take=100 - null null
[09:02:20 INF] () CORS policy execution successful.
[09:02:20 INF] (vicente.maria.vm17@gmail.com) Executing endpoint 'AppProject.Core.Controllers.General.StateSummaryController.GetSummariesAsync (AppProject.Core.Controllers.General)'
[09:02:20 INF] (vicente.maria.vm17@gmail.com) Route matched with {action = "GetSummaries", controller = "StateSummary"}. Executing controller action with signature System.Threading.Tasks.Task`1[Microsoft.AspNetCore.Mvc.IActionResult] GetSummariesAsync(AppProject.Core.Models.General.StateSummarySearchRequest, System.Threading.CancellationToken) on controller AppProject.Core.Controllers.General.StateSummaryController (AppProject.Core.Controllers.General).
[09:02:20 INF] (vicente.maria.vm17@gmail.com) Executed DbCommand (4ms) [Parameters=[@__p_0='?' (DbType = Int32)], CommandType='"Text"', CommandTimeout='30']
SELECT [s0].[Id], [s0].[Name], [c].[Name] AS [CountryName], [s0].[CountryId]
FROM (
    SELECT TOP(@__p_0) [s].[Id], [s].[CountryId], [s].[Name]
    FROM [States] AS [s]
    ORDER BY [s].[Name]
) AS [s0]
INNER JOIN [Countries] AS [c] ON [s0].[CountryId] = [c].[Id]
ORDER BY [s0].[Name]
[09:02:20 INF] (vicente.maria.vm17@gmail.com) Executing OkObjectResult, writing value of type 'AppProject.Models.SummariesResponse`1[[AppProject.Core.Models.General.StateSummary, AppProject.Core.Models, Version=1.0.0.0, Culture=neutral, PublicKeyToken=null]]'.
[09:02:20 INF] (vicente.maria.vm17@gmail.com) Executed action AppProject.Core.Controllers.General.StateSummaryController.GetSummariesAsync (AppProject.Core.Controllers.General) in 8.6891ms
[09:02:20 INF] (vicente.maria.vm17@gmail.com) Executed endpoint 'AppProject.Core.Controllers.General.StateSummaryController.GetSummariesAsync (AppProject.Core.Controllers.General)'
[09:02:20 INF] () Request finished HTTP/2 GET https://localhost:7121/api/general/StateSummary/GetSummaries?Take=100 - 200 null application/json; charset=utf-8 19.492ms
[09:04:58 INF] () Request starting HTTP/2 OPTIONS https://localhost:7121/api/auth/Permission/GetCurrentUserPermissions - null null
[09:04:58 INF] () CORS policy execution successful.
[09:04:58 INF] () Request finished HTTP/2 OPTIONS https://localhost:7121/api/auth/Permission/GetCurrentUserPermissions - 204 null null 3.2555ms
[09:04:58 INF] () Request starting HTTP/2 GET https://localhost:7121/api/auth/Permission/GetCurrentUserPermissions - null null
[09:04:58 INF] () CORS policy execution successful.
[09:04:58 INF] (vicente.maria.vm17@gmail.com) Executing endpoint 'AppProject.Core.API.Controllers.Auth.PermissionController.GetCurrentUserPermissionsAsync (AppProject.Core.API)'
[09:04:58 INF] (vicente.maria.vm17@gmail.com) Route matched with {action = "GetCurrentUserPermissions", controller = "Permission"}. Executing controller action with signature System.Threading.Tasks.Task`1[Microsoft.AspNetCore.Mvc.IActionResult] GetCurrentUserPermissionsAsync(AppProject.Models.Auth.PermissionContext, System.Threading.CancellationToken) on controller AppProject.Core.API.Controllers.Auth.PermissionController (AppProject.Core.API).
[09:04:58 INF] () Executed DbCommand (4ms) [Parameters=[], CommandType='"Text"', CommandTimeout='30']
SELECT TOP(1) [u].[Id], [u].[CreatedAt], [u].[CreatedByUserId], [u].[CreatedByUserName], [u].[Email], [u].[IsSystemAdmin], [u].[Name], [u].[RowVersion], [u].[UpdatedAt], [u].[UpdatedByUserId], [u].[UpdatedByUserName]
FROM [Users] AS [u]
WHERE [u].[IsSystemAdmin] = CAST(1 AS bit)
[09:04:58 INF] (vicente.maria.vm17@gmail.com) Executing OkObjectResult, writing value of type 'AppProject.Models.Auth.PermissionType[]'.
[09:04:58 INF] (vicente.maria.vm17@gmail.com) Executed action AppProject.Core.API.Controllers.Auth.PermissionController.GetCurrentUserPermissionsAsync (AppProject.Core.API) in 13.1762ms
[09:04:58 INF] (vicente.maria.vm17@gmail.com) Executed endpoint 'AppProject.Core.API.Controllers.Auth.PermissionController.GetCurrentUserPermissionsAsync (AppProject.Core.API)'
[09:04:58 INF] () Request finished HTTP/2 GET https://localhost:7121/api/auth/Permission/GetCurrentUserPermissions - 200 null application/json; charset=utf-8 27.344ms
[09:05:00 INF] () Request starting HTTP/2 OPTIONS https://localhost:7121/api/general/StateSummary/GetSummaries?Take=100 - null null
[09:05:00 INF] () CORS policy execution successful.
[09:05:00 INF] () Request finished HTTP/2 OPTIONS https://localhost:7121/api/general/StateSummary/GetSummaries?Take=100 - 204 null null 3.5964ms
[09:05:00 INF] () Request starting HTTP/2 GET https://localhost:7121/api/general/StateSummary/GetSummaries?Take=100 - null null
[09:05:00 INF] () CORS policy execution successful.
[09:05:00 INF] (vicente.maria.vm17@gmail.com) Executing endpoint 'AppProject.Core.Controllers.General.StateSummaryController.GetSummariesAsync (AppProject.Core.Controllers.General)'
[09:05:00 INF] (vicente.maria.vm17@gmail.com) Route matched with {action = "GetSummaries", controller = "StateSummary"}. Executing controller action with signature System.Threading.Tasks.Task`1[Microsoft.AspNetCore.Mvc.IActionResult] GetSummariesAsync(AppProject.Core.Models.General.StateSummarySearchRequest, System.Threading.CancellationToken) on controller AppProject.Core.Controllers.General.StateSummaryController (AppProject.Core.Controllers.General).
[09:05:00 INF] (vicente.maria.vm17@gmail.com) Executed DbCommand (4ms) [Parameters=[@__p_0='?' (DbType = Int32)], CommandType='"Text"', CommandTimeout='30']
SELECT [s0].[Id], [s0].[Name], [c].[Name] AS [CountryName], [s0].[CountryId]
FROM (
    SELECT TOP(@__p_0) [s].[Id], [s].[CountryId], [s].[Name]
    FROM [States] AS [s]
    ORDER BY [s].[Name]
) AS [s0]
INNER JOIN [Countries] AS [c] ON [s0].[CountryId] = [c].[Id]
ORDER BY [s0].[Name]
[09:05:00 INF] (vicente.maria.vm17@gmail.com) Executing OkObjectResult, writing value of type 'AppProject.Models.SummariesResponse`1[[AppProject.Core.Models.General.StateSummary, AppProject.Core.Models, Version=1.0.0.0, Culture=neutral, PublicKeyToken=null]]'.
[09:05:00 INF] (vicente.maria.vm17@gmail.com) Executed action AppProject.Core.Controllers.General.StateSummaryController.GetSummariesAsync (AppProject.Core.Controllers.General) in 18.9705ms
[09:05:00 INF] (vicente.maria.vm17@gmail.com) Executed endpoint 'AppProject.Core.Controllers.General.StateSummaryController.GetSummariesAsync (AppProject.Core.Controllers.General)'
[09:05:00 INF] () Request finished HTTP/2 GET https://localhost:7121/api/general/StateSummary/GetSummaries?Take=100 - 200 null application/json; charset=utf-8 34.3673ms
[09:05:05 INF] () Request starting HTTP/2 OPTIONS https://localhost:7121/api/general/CitySummary/GetSummaries?Take=100 - null null
[09:05:05 INF] () CORS policy execution successful.
[09:05:05 INF] () Request finished HTTP/2 OPTIONS https://localhost:7121/api/general/CitySummary/GetSummaries?Take=100 - 204 null null 4.3445ms
[09:05:05 INF] () Request starting HTTP/2 GET https://localhost:7121/api/general/CitySummary/GetSummaries?Take=100 - null null
[09:05:05 INF] () CORS policy execution successful.
[09:05:05 INF] (vicente.maria.vm17@gmail.com) Executing endpoint 'AppProject.Core.Controllers.General.CitySummaryController.GetSummariesAsync (AppProject.Core.Controllers.General)'
[09:05:05 INF] (vicente.maria.vm17@gmail.com) Route matched with {action = "GetSummaries", controller = "CitySummary"}. Executing controller action with signature System.Threading.Tasks.Task`1[Microsoft.AspNetCore.Mvc.IActionResult] GetSummariesAsync(AppProject.Core.Models.General.CitySummarySearchRequest, System.Threading.CancellationToken) on controller AppProject.Core.Controllers.General.CitySummaryController (AppProject.Core.Controllers.General).
[09:05:05 INF] (vicente.maria.vm17@gmail.com) Executed DbCommand (4ms) [Parameters=[@__p_0='?' (DbType = Int32)], CommandType='"Text"', CommandTimeout='30']
SELECT [c0].[Id], [c0].[Name], [s].[Name] AS [StateName], [c0].[StateId], [c1].[Name] AS [CountryName], [s].[CountryId]
FROM (
    SELECT TOP(@__p_0) [c].[Id], [c].[Name], [c].[StateId]
    FROM [Cities] AS [c]
    ORDER BY [c].[Name]
) AS [c0]
INNER JOIN [States] AS [s] ON [c0].[StateId] = [s].[Id]
INNER JOIN [Countries] AS [c1] ON [s].[CountryId] = [c1].[Id]
ORDER BY [c0].[Name]
[09:05:05 INF] (vicente.maria.vm17@gmail.com) Executing OkObjectResult, writing value of type 'AppProject.Models.SummariesResponse`1[[AppProject.Core.Models.General.CitySummary, AppProject.Core.Models, Version=1.0.0.0, Culture=neutral, PublicKeyToken=null]]'.
[09:05:05 INF] (vicente.maria.vm17@gmail.com) Executed action AppProject.Core.Controllers.General.CitySummaryController.GetSummariesAsync (AppProject.Core.Controllers.General) in 9.4388ms
[09:05:05 INF] (vicente.maria.vm17@gmail.com) Executed endpoint 'AppProject.Core.Controllers.General.CitySummaryController.GetSummariesAsync (AppProject.Core.Controllers.General)'
[09:05:05 INF] () Request finished HTTP/2 GET https://localhost:7121/api/general/CitySummary/GetSummaries?Take=100 - 200 null application/json; charset=utf-8 52.4211ms
[09:05:19 INF] () Request starting HTTP/2 OPTIONS https://localhost:7121/api/general/StateSummary/GetSummaries?Take=100 - null null
[09:05:19 INF] () CORS policy execution successful.
[09:05:19 INF] () Request finished HTTP/2 OPTIONS https://localhost:7121/api/general/StateSummary/GetSummaries?Take=100 - 204 null null 4.5163ms
[09:05:19 INF] () Request starting HTTP/2 GET https://localhost:7121/api/general/StateSummary/GetSummaries?Take=100 - null null
[09:05:19 INF] () CORS policy execution successful.
[09:05:19 INF] (vicente.maria.vm17@gmail.com) Executing endpoint 'AppProject.Core.Controllers.General.StateSummaryController.GetSummariesAsync (AppProject.Core.Controllers.General)'
[09:05:19 INF] (vicente.maria.vm17@gmail.com) Route matched with {action = "GetSummaries", controller = "StateSummary"}. Executing controller action with signature System.Threading.Tasks.Task`1[Microsoft.AspNetCore.Mvc.IActionResult] GetSummariesAsync(AppProject.Core.Models.General.StateSummarySearchRequest, System.Threading.CancellationToken) on controller AppProject.Core.Controllers.General.StateSummaryController (AppProject.Core.Controllers.General).
[09:05:19 INF] (vicente.maria.vm17@gmail.com) Executed DbCommand (1ms) [Parameters=[@__p_0='?' (DbType = Int32)], CommandType='"Text"', CommandTimeout='30']
SELECT [s0].[Id], [s0].[Name], [c].[Name] AS [CountryName], [s0].[CountryId]
FROM (
    SELECT TOP(@__p_0) [s].[Id], [s].[CountryId], [s].[Name]
    FROM [States] AS [s]
    ORDER BY [s].[Name]
) AS [s0]
INNER JOIN [Countries] AS [c] ON [s0].[CountryId] = [c].[Id]
ORDER BY [s0].[Name]
[09:05:19 INF] (vicente.maria.vm17@gmail.com) Executing OkObjectResult, writing value of type 'AppProject.Models.SummariesResponse`1[[AppProject.Core.Models.General.StateSummary, AppProject.Core.Models, Version=1.0.0.0, Culture=neutral, PublicKeyToken=null]]'.
[09:05:19 INF] () Request starting HTTP/2 OPTIONS https://localhost:7121/api/general/City/Get?Id=7f3d42dc-4b9d-4a37-e4ed-08deca2bc236 - null null
[09:05:19 INF] () CORS policy execution successful.
[09:05:19 INF] (vicente.maria.vm17@gmail.com) Executed action AppProject.Core.Controllers.General.StateSummaryController.GetSummariesAsync (AppProject.Core.Controllers.General) in 68.2985ms
[09:05:19 INF] (vicente.maria.vm17@gmail.com) Executed endpoint 'AppProject.Core.Controllers.General.StateSummaryController.GetSummariesAsync (AppProject.Core.Controllers.General)'
[09:05:19 INF] () Request finished HTTP/2 GET https://localhost:7121/api/general/StateSummary/GetSummaries?Take=100 - 200 null application/json; charset=utf-8 122.8002ms
[09:05:19 INF] () Request finished HTTP/2 OPTIONS https://localhost:7121/api/general/City/Get?Id=7f3d42dc-4b9d-4a37-e4ed-08deca2bc236 - 204 null null 50.7069ms
[09:05:19 INF] () Request starting HTTP/2 GET https://localhost:7121/api/general/City/Get?Id=7f3d42dc-4b9d-4a37-e4ed-08deca2bc236 - null null
[09:05:19 INF] () CORS policy execution successful.
[09:05:19 INF] (vicente.maria.vm17@gmail.com) Executing endpoint 'AppProject.Core.Controllers.General.CityController.GetAsync (AppProject.Core.Controllers.General)'
[09:05:19 INF] (vicente.maria.vm17@gmail.com) Route matched with {action = "Get", controller = "City"}. Executing controller action with signature System.Threading.Tasks.Task`1[Microsoft.AspNetCore.Mvc.IActionResult] GetAsync(AppProject.Models.GetByIdRequest`1[System.Guid], System.Threading.CancellationToken) on controller AppProject.Core.Controllers.General.CityController (AppProject.Core.Controllers.General).
[09:05:19 INF] (vicente.maria.vm17@gmail.com) Executed DbCommand (2ms) [Parameters=[@__request_Id_0='?' (DbType = Guid)], CommandType='"Text"', CommandTimeout='30']
SELECT [c].[Id], [c].[Name], [c].[Code], [c].[StateId], [c].[RowVersion]
FROM [Cities] AS [c]
WHERE [c].[Id] = @__request_Id_0
[09:05:19 INF] (vicente.maria.vm17@gmail.com) Executing OkObjectResult, writing value of type 'AppProject.Models.EntityResponse`1[[AppProject.Core.Models.General.City, AppProject.Core.Models.General, Version=1.0.0.0, Culture=neutral, PublicKeyToken=null]]'.
[09:05:19 INF] (vicente.maria.vm17@gmail.com) Executed action AppProject.Core.Controllers.General.CityController.GetAsync (AppProject.Core.Controllers.General) in 8.8973ms
[09:05:19 INF] (vicente.maria.vm17@gmail.com) Executed endpoint 'AppProject.Core.Controllers.General.CityController.GetAsync (AppProject.Core.Controllers.General)'
[09:05:19 INF] () Request finished HTTP/2 GET https://localhost:7121/api/general/City/Get?Id=7f3d42dc-4b9d-4a37-e4ed-08deca2bc236 - 200 null application/json; charset=utf-8 30.3253ms
[09:05:19 INF] () Request starting HTTP/2 OPTIONS https://localhost:7121/api/general/City/GetNeighborhoods?ParentId=7f3d42dc-4b9d-4a37-e4ed-08deca2bc236 - null null
[09:05:19 INF] () CORS policy execution successful.
[09:05:19 INF] () Request finished HTTP/2 OPTIONS https://localhost:7121/api/general/City/GetNeighborhoods?ParentId=7f3d42dc-4b9d-4a37-e4ed-08deca2bc236 - 204 null null 3.4242ms
[09:05:19 INF] () Request starting HTTP/2 GET https://localhost:7121/api/general/City/GetNeighborhoods?ParentId=7f3d42dc-4b9d-4a37-e4ed-08deca2bc236 - null null
[09:05:19 INF] () CORS policy execution successful.
[09:05:19 INF] (vicente.maria.vm17@gmail.com) Executing endpoint 'AppProject.Core.Controllers.General.CityController.GetNeighborhoodsAsync (AppProject.Core.Controllers.General)'
[09:05:19 INF] (vicente.maria.vm17@gmail.com) Route matched with {action = "GetNeighborhoods", controller = "City"}. Executing controller action with signature System.Threading.Tasks.Task`1[Microsoft.AspNetCore.Mvc.IActionResult] GetNeighborhoodsAsync(AppProject.Models.GetByParentIdRequest`1[System.Guid], System.Threading.CancellationToken) on controller AppProject.Core.Controllers.General.CityController (AppProject.Core.Controllers.General).
[09:05:19 INF] (vicente.maria.vm17@gmail.com) Executed DbCommand (5ms) [Parameters=[@__request_ParentId_0='?' (DbType = Guid)], CommandType='"Text"', CommandTimeout='30']
SELECT [n].[Id], [n].[Name], [n].[Code], [n].[RowVersion]
FROM [Neighborhoods] AS [n]
WHERE [n].[CityId] = @__request_ParentId_0
[09:05:19 INF] (vicente.maria.vm17@gmail.com) Executing OkObjectResult, writing value of type 'AppProject.Models.EntitiesResponse`1[[AppProject.Core.Models.General.Neighborhood, AppProject.Core.Models.General, Version=1.0.0.0, Culture=neutral, PublicKeyToken=null]]'.
[09:05:19 INF] (vicente.maria.vm17@gmail.com) Executed action AppProject.Core.Controllers.General.CityController.GetNeighborhoodsAsync (AppProject.Core.Controllers.General) in 10.526ms
[09:05:19 INF] (vicente.maria.vm17@gmail.com) Executed endpoint 'AppProject.Core.Controllers.General.CityController.GetNeighborhoodsAsync (AppProject.Core.Controllers.General)'
[09:05:19 INF] () Request finished HTTP/2 GET https://localhost:7121/api/general/City/GetNeighborhoods?ParentId=7f3d42dc-4b9d-4a37-e4ed-08deca2bc236 - 200 null application/json; charset=utf-8 23.0659ms
[09:05:19 INF] () Request starting HTTP/2 GET https://localhost:7121/api/general/StateSummary/GetSummaries?Take=100 - null null
[09:05:19 INF] () CORS policy execution successful.
[09:05:19 INF] (vicente.maria.vm17@gmail.com) Executing endpoint 'AppProject.Core.Controllers.General.StateSummaryController.GetSummariesAsync (AppProject.Core.Controllers.General)'
[09:05:19 INF] (vicente.maria.vm17@gmail.com) Route matched with {action = "GetSummaries", controller = "StateSummary"}. Executing controller action with signature System.Threading.Tasks.Task`1[Microsoft.AspNetCore.Mvc.IActionResult] GetSummariesAsync(AppProject.Core.Models.General.StateSummarySearchRequest, System.Threading.CancellationToken) on controller AppProject.Core.Controllers.General.StateSummaryController (AppProject.Core.Controllers.General).
[09:05:19 INF] (vicente.maria.vm17@gmail.com) Executed DbCommand (1ms) [Parameters=[@__p_0='?' (DbType = Int32)], CommandType='"Text"', CommandTimeout='30']
SELECT [s0].[Id], [s0].[Name], [c].[Name] AS [CountryName], [s0].[CountryId]
FROM (
    SELECT TOP(@__p_0) [s].[Id], [s].[CountryId], [s].[Name]
    FROM [States] AS [s]
    ORDER BY [s].[Name]
) AS [s0]
INNER JOIN [Countries] AS [c] ON [s0].[CountryId] = [c].[Id]
ORDER BY [s0].[Name]
[09:05:19 INF] (vicente.maria.vm17@gmail.com) Executing OkObjectResult, writing value of type 'AppProject.Models.SummariesResponse`1[[AppProject.Core.Models.General.StateSummary, AppProject.Core.Models, Version=1.0.0.0, Culture=neutral, PublicKeyToken=null]]'.
[09:05:19 INF] (vicente.maria.vm17@gmail.com) Executed action AppProject.Core.Controllers.General.StateSummaryController.GetSummariesAsync (AppProject.Core.Controllers.General) in 5.302ms
[09:05:19 INF] (vicente.maria.vm17@gmail.com) Executed endpoint 'AppProject.Core.Controllers.General.StateSummaryController.GetSummariesAsync (AppProject.Core.Controllers.General)'
[09:05:19 INF] () Request finished HTTP/2 GET https://localhost:7121/api/general/StateSummary/GetSummaries?Take=100 - 200 null application/json; charset=utf-8 15.5619ms
[12:15:43 INF] () Start installing Hangfire SQL objects...
[12:15:44 INF] () Hangfire SQL objects installed.
[12:15:45 INF] () Executed DbCommand (13ms) [Parameters=[], CommandType='"Text"', CommandTimeout='30']
SELECT 1
[12:15:45 INF] () Acquiring an exclusive lock for migration application. See https://aka.ms/efcore-docs-migrations-lock for more information if this takes too long.
[12:15:45 INF] () Executed DbCommand (10ms) [Parameters=[], CommandType='"Text"', CommandTimeout='30']
DECLARE @result int;
EXEC @result = sp_getapplock @Resource = '__EFMigrationsLock', @LockOwner = 'Session', @LockMode = 'Exclusive';
SELECT @result
[12:15:45 INF] () Executed DbCommand (7ms) [Parameters=[], CommandType='"Text"', CommandTimeout='30']
IF OBJECT_ID(N'[__EFMigrationsHistory]') IS NULL
BEGIN
    CREATE TABLE [__EFMigrationsHistory] (
        [MigrationId] nvarchar(150) NOT NULL,
        [ProductVersion] nvarchar(32) NOT NULL,
        CONSTRAINT [PK___EFMigrationsHistory] PRIMARY KEY ([MigrationId])
    );
END;
[12:15:46 INF] () Executed DbCommand (1ms) [Parameters=[], CommandType='"Text"', CommandTimeout='30']
SELECT 1
[12:15:46 INF] () Executed DbCommand (1ms) [Parameters=[], CommandType='"Text"', CommandTimeout='30']
SELECT OBJECT_ID(N'[__EFMigrationsHistory]');
[12:15:46 INF] () Executed DbCommand (3ms) [Parameters=[], CommandType='"Text"', CommandTimeout='30']
SELECT [MigrationId], [ProductVersion]
FROM [__EFMigrationsHistory]
ORDER BY [MigrationId];
[12:15:46 INF] () No migrations were applied. The database is already up to date.
[12:15:46 INF] () Executed DbCommand (1ms) [Parameters=[], CommandType='"Text"', CommandTimeout='30']
DECLARE @result int;
EXEC @result = sp_releaseapplock @Resource = '__EFMigrationsLock', @LockOwner = 'Session';
SELECT @result
[12:15:46 INF] () Executed DbCommand (3ms) [Parameters=[], CommandType='"Text"', CommandTimeout='30']
SELECT TOP(1) [u].[Id], [u].[CreatedAt], [u].[CreatedByUserId], [u].[CreatedByUserName], [u].[Email], [u].[IsSystemAdmin], [u].[Name], [u].[RowVersion], [u].[UpdatedAt], [u].[UpdatedByUserId], [u].[UpdatedByUserName]
FROM [Users] AS [u]
WHERE [u].[IsSystemAdmin] = CAST(1 AS bit)
[12:15:46 INF] () User profile is available. Using 'C:\Users\vicen\AppData\Local\ASP.NET\DataProtection-Keys' as key repository and Windows DPAPI to encrypt keys at rest.
[12:15:46 INF] () Now listening on: https://localhost:7121
[12:15:46 INF] () Starting Hangfire Server using job storage: 'SQL Server: localhost\SQLEXPRESS@AppProject'
[12:15:46 INF] () Using the following options for SQL Server job storage: Queue poll interval: 00:00:00.
[12:15:46 INF] () Using the following options for Hangfire Server:
    Worker count: 20
    Listening queues: 'default'
    Shutdown timeout: 00:00:15
    Schedule polling interval: 00:00:15
[12:15:46 INF] () Application started. Press Ctrl+C to shut down.
[12:15:46 INF] () Hosting environment: Development
[12:15:46 INF] () Content root path: C:\Course\dotnet-template\AppProject.Core.API
[12:15:46 INF] () Server desktop-0fm4m6s:35724:e1f2baef successfully announced in 22.7652 ms
[12:15:46 INF] () Server desktop-0fm4m6s:35724:e1f2baef is starting the registered dispatchers: ServerWatchdog, ServerJobCancellationWatcher, SqlServerHeartbeatProcess, ExpirationManager, CountersAggregator, Worker, DelayedJobScheduler, RecurringJobScheduler...
[12:15:46 INF] () 1 servers were removed due to timeout
[12:15:46 INF] () Server desktop-0fm4m6s:35724:e1f2baef all the dispatchers started
[12:17:47 INF] () Request starting HTTP/2 OPTIONS https://localhost:7121/api/auth/Permission/GetCurrentUserPermissions - null null
[12:17:47 INF] () CORS policy execution successful.
[12:17:47 INF] () Request finished HTTP/2 OPTIONS https://localhost:7121/api/auth/Permission/GetCurrentUserPermissions - 204 null null 105.1878ms
[12:17:47 INF] () Request starting HTTP/2 GET https://localhost:7121/api/auth/Permission/GetCurrentUserPermissions - null null
[12:17:47 INF] () CORS policy execution successful.
[12:17:49 INF] (vicente.maria.vm17@gmail.com) Executing endpoint 'AppProject.Core.API.Controllers.Auth.PermissionController.GetCurrentUserPermissionsAsync (AppProject.Core.API)'
[12:17:49 INF] (vicente.maria.vm17@gmail.com) Route matched with {action = "GetCurrentUserPermissions", controller = "Permission"}. Executing controller action with signature System.Threading.Tasks.Task`1[Microsoft.AspNetCore.Mvc.IActionResult] GetCurrentUserPermissionsAsync(AppProject.Models.Auth.PermissionContext, System.Threading.CancellationToken) on controller AppProject.Core.API.Controllers.Auth.PermissionController (AppProject.Core.API).
[12:17:49 INF] () Executed DbCommand (3ms) [Parameters=[], CommandType='"Text"', CommandTimeout='30']
SELECT TOP(1) [u].[Id], [u].[CreatedAt], [u].[CreatedByUserId], [u].[CreatedByUserName], [u].[Email], [u].[IsSystemAdmin], [u].[Name], [u].[RowVersion], [u].[UpdatedAt], [u].[UpdatedByUserId], [u].[UpdatedByUserName]
FROM [Users] AS [u]
WHERE [u].[IsSystemAdmin] = CAST(1 AS bit)
[12:17:49 INF] (vicente.maria.vm17@gmail.com) Executing OkObjectResult, writing value of type 'AppProject.Models.Auth.PermissionType[]'.
[12:17:49 INF] (vicente.maria.vm17@gmail.com) Executed action AppProject.Core.API.Controllers.Auth.PermissionController.GetCurrentUserPermissionsAsync (AppProject.Core.API) in 146.2732ms
[12:17:49 INF] (vicente.maria.vm17@gmail.com) Executed endpoint 'AppProject.Core.API.Controllers.Auth.PermissionController.GetCurrentUserPermissionsAsync (AppProject.Core.API)'
[12:17:49 INF] () Request finished HTTP/2 GET https://localhost:7121/api/auth/Permission/GetCurrentUserPermissions - 200 null application/json; charset=utf-8 1900.0012ms
[12:17:51 INF] () Request starting HTTP/2 OPTIONS https://localhost:7121/api/general/StateSummary/GetSummaries?Take=100 - null null
[12:17:51 INF] () CORS policy execution successful.
[12:17:51 INF] () Request finished HTTP/2 OPTIONS https://localhost:7121/api/general/StateSummary/GetSummaries?Take=100 - 204 null null 10.8913ms
[12:17:51 INF] () Request starting HTTP/2 GET https://localhost:7121/api/general/StateSummary/GetSummaries?Take=100 - null null
[12:17:51 INF] () CORS policy execution successful.
[12:17:51 INF] (vicente.maria.vm17@gmail.com) Executing endpoint 'AppProject.Core.Controllers.General.StateSummaryController.GetSummariesAsync (AppProject.Core.Controllers.General)'
[12:17:51 INF] (vicente.maria.vm17@gmail.com) Route matched with {action = "GetSummaries", controller = "StateSummary"}. Executing controller action with signature System.Threading.Tasks.Task`1[Microsoft.AspNetCore.Mvc.IActionResult] GetSummariesAsync(AppProject.Core.Models.General.StateSummarySearchRequest, System.Threading.CancellationToken) on controller AppProject.Core.Controllers.General.StateSummaryController (AppProject.Core.Controllers.General).
[12:17:51 INF] (vicente.maria.vm17@gmail.com) Executed DbCommand (8ms) [Parameters=[@__p_0='?' (DbType = Int32)], CommandType='"Text"', CommandTimeout='30']
SELECT [s0].[Id], [s0].[Name], [c].[Name] AS [CountryName], [s0].[CountryId]
FROM (
    SELECT TOP(@__p_0) [s].[Id], [s].[CountryId], [s].[Name]
    FROM [States] AS [s]
    ORDER BY [s].[Name]
) AS [s0]
INNER JOIN [Countries] AS [c] ON [s0].[CountryId] = [c].[Id]
ORDER BY [s0].[Name]
[12:17:51 INF] (vicente.maria.vm17@gmail.com) Executing OkObjectResult, writing value of type 'AppProject.Models.SummariesResponse`1[[AppProject.Core.Models.General.StateSummary, AppProject.Core.Models, Version=1.0.0.0, Culture=neutral, PublicKeyToken=null]]'.
[12:17:51 INF] (vicente.maria.vm17@gmail.com) Executed action AppProject.Core.Controllers.General.StateSummaryController.GetSummariesAsync (AppProject.Core.Controllers.General) in 212.568ms
[12:17:51 INF] (vicente.maria.vm17@gmail.com) Executed endpoint 'AppProject.Core.Controllers.General.StateSummaryController.GetSummariesAsync (AppProject.Core.Controllers.General)'
[12:17:51 INF] () Request finished HTTP/2 GET https://localhost:7121/api/general/StateSummary/GetSummaries?Take=100 - 200 null application/json; charset=utf-8 245.7603ms
[12:21:25 INF] () Request starting HTTP/2 OPTIONS https://localhost:7121/api/general/CitySummary/GetSummaries?Take=100 - null null
[12:21:25 INF] () CORS policy execution successful.
[12:21:25 INF] () Request finished HTTP/2 OPTIONS https://localhost:7121/api/general/CitySummary/GetSummaries?Take=100 - 204 null null 32.5654ms
[12:21:25 INF] () Request starting HTTP/2 GET https://localhost:7121/api/general/CitySummary/GetSummaries?Take=100 - null null
[12:21:25 INF] () CORS policy execution successful.
[12:21:25 INF] (vicente.maria.vm17@gmail.com) Executing endpoint 'AppProject.Core.Controllers.General.CitySummaryController.GetSummariesAsync (AppProject.Core.Controllers.General)'
[12:21:25 INF] (vicente.maria.vm17@gmail.com) Route matched with {action = "GetSummaries", controller = "CitySummary"}. Executing controller action with signature System.Threading.Tasks.Task`1[Microsoft.AspNetCore.Mvc.IActionResult] GetSummariesAsync(AppProject.Core.Models.General.CitySummarySearchRequest, System.Threading.CancellationToken) on controller AppProject.Core.Controllers.General.CitySummaryController (AppProject.Core.Controllers.General).
[12:21:25 INF] (vicente.maria.vm17@gmail.com) Executed DbCommand (8ms) [Parameters=[@__p_0='?' (DbType = Int32)], CommandType='"Text"', CommandTimeout='30']
SELECT [c0].[Id], [c0].[Name], [s].[Name] AS [StateName], [c0].[StateId], [c1].[Name] AS [CountryName], [s].[CountryId]
FROM (
    SELECT TOP(@__p_0) [c].[Id], [c].[Name], [c].[StateId]
    FROM [Cities] AS [c]
    ORDER BY [c].[Name]
) AS [c0]
INNER JOIN [States] AS [s] ON [c0].[StateId] = [s].[Id]
INNER JOIN [Countries] AS [c1] ON [s].[CountryId] = [c1].[Id]
ORDER BY [c0].[Name]
[12:21:25 INF] (vicente.maria.vm17@gmail.com) Executing OkObjectResult, writing value of type 'AppProject.Models.SummariesResponse`1[[AppProject.Core.Models.General.CitySummary, AppProject.Core.Models, Version=1.0.0.0, Culture=neutral, PublicKeyToken=null]]'.
[12:21:25 INF] (vicente.maria.vm17@gmail.com) Executed action AppProject.Core.Controllers.General.CitySummaryController.GetSummariesAsync (AppProject.Core.Controllers.General) in 40.4791ms
[12:21:25 INF] (vicente.maria.vm17@gmail.com) Executed endpoint 'AppProject.Core.Controllers.General.CitySummaryController.GetSummariesAsync (AppProject.Core.Controllers.General)'
[12:21:25 INF] () Request finished HTTP/2 GET https://localhost:7121/api/general/CitySummary/GetSummaries?Take=100 - 200 null application/json; charset=utf-8 61.9707ms
[12:21:31 INF] () Request starting HTTP/2 OPTIONS https://localhost:7121/api/general/City/Get?Id=7f3d42dc-4b9d-4a37-e4ed-08deca2bc236 - null null
[12:21:31 INF] () CORS policy execution successful.
[12:21:31 INF] () Request starting HTTP/2 OPTIONS https://localhost:7121/api/general/StateSummary/GetSummaries?Take=100 - null null
[12:21:31 INF] () Request finished HTTP/2 OPTIONS https://localhost:7121/api/general/City/Get?Id=7f3d42dc-4b9d-4a37-e4ed-08deca2bc236 - 204 null null 35.6981ms
[12:21:31 INF] () CORS policy execution successful.
[12:21:31 INF] () Request starting HTTP/2 GET https://localhost:7121/api/general/City/Get?Id=7f3d42dc-4b9d-4a37-e4ed-08deca2bc236 - null null
[12:21:31 INF] () Request finished HTTP/2 OPTIONS https://localhost:7121/api/general/StateSummary/GetSummaries?Take=100 - 204 null null 36.1902ms
[12:21:31 INF] () CORS policy execution successful.
[12:21:31 INF] (vicente.maria.vm17@gmail.com) Executing endpoint 'AppProject.Core.Controllers.General.CityController.GetAsync (AppProject.Core.Controllers.General)'
[12:21:31 INF] () Request starting HTTP/2 GET https://localhost:7121/api/general/StateSummary/GetSummaries?Take=100 - null null
[12:21:31 INF] () CORS policy execution successful.
[12:21:31 INF] (vicente.maria.vm17@gmail.com) Executing endpoint 'AppProject.Core.Controllers.General.StateSummaryController.GetSummariesAsync (AppProject.Core.Controllers.General)'
[12:21:31 INF] (vicente.maria.vm17@gmail.com) Route matched with {action = "GetSummaries", controller = "StateSummary"}. Executing controller action with signature System.Threading.Tasks.Task`1[Microsoft.AspNetCore.Mvc.IActionResult] GetSummariesAsync(AppProject.Core.Models.General.StateSummarySearchRequest, System.Threading.CancellationToken) on controller AppProject.Core.Controllers.General.StateSummaryController (AppProject.Core.Controllers.General).
[12:21:31 INF] (vicente.maria.vm17@gmail.com) Route matched with {action = "Get", controller = "City"}. Executing controller action with signature System.Threading.Tasks.Task`1[Microsoft.AspNetCore.Mvc.IActionResult] GetAsync(AppProject.Models.GetByIdRequest`1[System.Guid], System.Threading.CancellationToken) on controller AppProject.Core.Controllers.General.CityController (AppProject.Core.Controllers.General).
[12:21:31 INF] (vicente.maria.vm17@gmail.com) Executed DbCommand (33ms) [Parameters=[@__p_0='?' (DbType = Int32)], CommandType='"Text"', CommandTimeout='30']
SELECT [s0].[Id], [s0].[Name], [c].[Name] AS [CountryName], [s0].[CountryId]
FROM (
    SELECT TOP(@__p_0) [s].[Id], [s].[CountryId], [s].[Name]
    FROM [States] AS [s]
    ORDER BY [s].[Name]
) AS [s0]
INNER JOIN [Countries] AS [c] ON [s0].[CountryId] = [c].[Id]
ORDER BY [s0].[Name]
[12:21:31 INF] (vicente.maria.vm17@gmail.com) Executing OkObjectResult, writing value of type 'AppProject.Models.SummariesResponse`1[[AppProject.Core.Models.General.StateSummary, AppProject.Core.Models, Version=1.0.0.0, Culture=neutral, PublicKeyToken=null]]'.
[12:21:31 INF] (vicente.maria.vm17@gmail.com) Executed action AppProject.Core.Controllers.General.StateSummaryController.GetSummariesAsync (AppProject.Core.Controllers.General) in 39.9024ms
[12:21:31 INF] (vicente.maria.vm17@gmail.com) Executed endpoint 'AppProject.Core.Controllers.General.StateSummaryController.GetSummariesAsync (AppProject.Core.Controllers.General)'
[12:21:31 INF] () Request finished HTTP/2 GET https://localhost:7121/api/general/StateSummary/GetSummaries?Take=100 - 200 null application/json; charset=utf-8 79.2952ms
[12:21:31 INF] (vicente.maria.vm17@gmail.com) Executed DbCommand (1ms) [Parameters=[@__request_Id_0='?' (DbType = Guid)], CommandType='"Text"', CommandTimeout='30']
SELECT [c].[Id], [c].[Name], [c].[Code], [c].[StateId], [c].[RowVersion]
FROM [Cities] AS [c]
WHERE [c].[Id] = @__request_Id_0
[12:21:31 INF] (vicente.maria.vm17@gmail.com) Executing OkObjectResult, writing value of type 'AppProject.Models.EntityResponse`1[[AppProject.Core.Models.General.City, AppProject.Core.Models.General, Version=1.0.0.0, Culture=neutral, PublicKeyToken=null]]'.
[12:21:31 INF] (vicente.maria.vm17@gmail.com) Executed action AppProject.Core.Controllers.General.CityController.GetAsync (AppProject.Core.Controllers.General) in 58.292ms
[12:21:31 INF] (vicente.maria.vm17@gmail.com) Executed endpoint 'AppProject.Core.Controllers.General.CityController.GetAsync (AppProject.Core.Controllers.General)'
[12:21:31 INF] () Request finished HTTP/2 GET https://localhost:7121/api/general/City/Get?Id=7f3d42dc-4b9d-4a37-e4ed-08deca2bc236 - 200 null application/json; charset=utf-8 180.9472ms
[12:21:31 INF] () Request starting HTTP/2 OPTIONS https://localhost:7121/api/general/City/GetNeighborhoods?ParentId=7f3d42dc-4b9d-4a37-e4ed-08deca2bc236 - null null
[12:21:31 INF] () CORS policy execution successful.
[12:21:31 INF] () Request finished HTTP/2 OPTIONS https://localhost:7121/api/general/City/GetNeighborhoods?ParentId=7f3d42dc-4b9d-4a37-e4ed-08deca2bc236 - 204 null null 3.8305ms
[12:21:31 INF] () Request starting HTTP/2 GET https://localhost:7121/api/general/City/GetNeighborhoods?ParentId=7f3d42dc-4b9d-4a37-e4ed-08deca2bc236 - null null
[12:21:31 INF] () CORS policy execution successful.
[12:21:31 INF] (vicente.maria.vm17@gmail.com) Executing endpoint 'AppProject.Core.Controllers.General.CityController.GetNeighborhoodsAsync (AppProject.Core.Controllers.General)'
[12:21:31 INF] (vicente.maria.vm17@gmail.com) Route matched with {action = "GetNeighborhoods", controller = "City"}. Executing controller action with signature System.Threading.Tasks.Task`1[Microsoft.AspNetCore.Mvc.IActionResult] GetNeighborhoodsAsync(AppProject.Models.GetByParentIdRequest`1[System.Guid], System.Threading.CancellationToken) on controller AppProject.Core.Controllers.General.CityController (AppProject.Core.Controllers.General).
[12:21:31 INF] (vicente.maria.vm17@gmail.com) Executed DbCommand (4ms) [Parameters=[@__request_ParentId_0='?' (DbType = Guid)], CommandType='"Text"', CommandTimeout='30']
SELECT [n].[Id], [n].[Name], [n].[Code], [n].[RowVersion]
FROM [Neighborhoods] AS [n]
WHERE [n].[CityId] = @__request_ParentId_0
[12:21:31 INF] (vicente.maria.vm17@gmail.com) Executing OkObjectResult, writing value of type 'AppProject.Models.EntitiesResponse`1[[AppProject.Core.Models.General.Neighborhood, AppProject.Core.Models.General, Version=1.0.0.0, Culture=neutral, PublicKeyToken=null]]'.
[12:21:31 INF] (vicente.maria.vm17@gmail.com) Executed action AppProject.Core.Controllers.General.CityController.GetNeighborhoodsAsync (AppProject.Core.Controllers.General) in 22.8906ms
[12:21:31 INF] (vicente.maria.vm17@gmail.com) Executed endpoint 'AppProject.Core.Controllers.General.CityController.GetNeighborhoodsAsync (AppProject.Core.Controllers.General)'
[12:21:31 INF] () Request finished HTTP/2 GET https://localhost:7121/api/general/City/GetNeighborhoods?ParentId=7f3d42dc-4b9d-4a37-e4ed-08deca2bc236 - 200 null application/json; charset=utf-8 38.581ms
[12:21:31 INF] () Request starting HTTP/2 GET https://localhost:7121/api/general/StateSummary/GetSummaries?Take=100 - null null
[12:21:31 INF] () CORS policy execution successful.
[12:21:31 INF] (vicente.maria.vm17@gmail.com) Executing endpoint 'AppProject.Core.Controllers.General.StateSummaryController.GetSummariesAsync (AppProject.Core.Controllers.General)'
[12:21:31 INF] (vicente.maria.vm17@gmail.com) Route matched with {action = "GetSummaries", controller = "StateSummary"}. Executing controller action with signature System.Threading.Tasks.Task`1[Microsoft.AspNetCore.Mvc.IActionResult] GetSummariesAsync(AppProject.Core.Models.General.StateSummarySearchRequest, System.Threading.CancellationToken) on controller AppProject.Core.Controllers.General.StateSummaryController (AppProject.Core.Controllers.General).
[12:21:31 INF] (vicente.maria.vm17@gmail.com) Executed DbCommand (1ms) [Parameters=[@__p_0='?' (DbType = Int32)], CommandType='"Text"', CommandTimeout='30']
SELECT [s0].[Id], [s0].[Name], [c].[Name] AS [CountryName], [s0].[CountryId]
FROM (
    SELECT TOP(@__p_0) [s].[Id], [s].[CountryId], [s].[Name]
    FROM [States] AS [s]
    ORDER BY [s].[Name]
) AS [s0]
INNER JOIN [Countries] AS [c] ON [s0].[CountryId] = [c].[Id]
ORDER BY [s0].[Name]
[12:21:31 INF] (vicente.maria.vm17@gmail.com) Executing OkObjectResult, writing value of type 'AppProject.Models.SummariesResponse`1[[AppProject.Core.Models.General.StateSummary, AppProject.Core.Models, Version=1.0.0.0, Culture=neutral, PublicKeyToken=null]]'.
[12:21:31 INF] (vicente.maria.vm17@gmail.com) Executed action AppProject.Core.Controllers.General.StateSummaryController.GetSummariesAsync (AppProject.Core.Controllers.General) in 6.9806ms
[12:21:31 INF] (vicente.maria.vm17@gmail.com) Executed endpoint 'AppProject.Core.Controllers.General.StateSummaryController.GetSummariesAsync (AppProject.Core.Controllers.General)'
[12:21:31 INF] () Request finished HTTP/2 GET https://localhost:7121/api/general/StateSummary/GetSummaries?Take=100 - 200 null application/json; charset=utf-8 16.5235ms
[12:30:55 INF] () Request starting HTTP/2 OPTIONS https://localhost:7121/api/general/StateSummary/GetSummaries?Take=100 - null null
[12:30:55 INF] () CORS policy execution successful.
[12:30:55 INF] () Request finished HTTP/2 OPTIONS https://localhost:7121/api/general/StateSummary/GetSummaries?Take=100 - 204 null null 7.509ms
[12:30:55 INF] () Request starting HTTP/2 GET https://localhost:7121/api/general/StateSummary/GetSummaries?Take=100 - null null
[12:30:55 INF] () Request starting HTTP/2 OPTIONS https://localhost:7121/api/auth/Permission/GetCurrentUserPermissions - null null
[12:30:55 INF] () CORS policy execution successful.
[12:30:55 INF] () CORS policy execution successful.
[12:30:55 INF] () Request finished HTTP/2 OPTIONS https://localhost:7121/api/auth/Permission/GetCurrentUserPermissions - 204 null null 36.0596ms
[12:30:55 INF] (vicente.maria.vm17@gmail.com) Executing endpoint 'AppProject.Core.Controllers.General.StateSummaryController.GetSummariesAsync (AppProject.Core.Controllers.General)'
[12:30:55 INF] (vicente.maria.vm17@gmail.com) Route matched with {action = "GetSummaries", controller = "StateSummary"}. Executing controller action with signature System.Threading.Tasks.Task`1[Microsoft.AspNetCore.Mvc.IActionResult] GetSummariesAsync(AppProject.Core.Models.General.StateSummarySearchRequest, System.Threading.CancellationToken) on controller AppProject.Core.Controllers.General.StateSummaryController (AppProject.Core.Controllers.General).
[12:30:55 INF] () Request starting HTTP/2 GET https://localhost:7121/api/auth/Permission/GetCurrentUserPermissions - null null
[12:30:55 INF] (vicente.maria.vm17@gmail.com) Executed DbCommand (31ms) [Parameters=[@__p_0='?' (DbType = Int32)], CommandType='"Text"', CommandTimeout='30']
SELECT [s0].[Id], [s0].[Name], [c].[Name] AS [CountryName], [s0].[CountryId]
FROM (
    SELECT TOP(@__p_0) [s].[Id], [s].[CountryId], [s].[Name]
    FROM [States] AS [s]
    ORDER BY [s].[Name]
) AS [s0]
INNER JOIN [Countries] AS [c] ON [s0].[CountryId] = [c].[Id]
ORDER BY [s0].[Name]
[12:30:55 INF] () CORS policy execution successful.
[12:30:55 INF] (vicente.maria.vm17@gmail.com) Executing OkObjectResult, writing value of type 'AppProject.Models.SummariesResponse`1[[AppProject.Core.Models.General.StateSummary, AppProject.Core.Models, Version=1.0.0.0, Culture=neutral, PublicKeyToken=null]]'.
[12:30:55 INF] (vicente.maria.vm17@gmail.com) Executing endpoint 'AppProject.Core.API.Controllers.Auth.PermissionController.GetCurrentUserPermissionsAsync (AppProject.Core.API)'
[12:30:55 INF] (vicente.maria.vm17@gmail.com) Executed action AppProject.Core.Controllers.General.StateSummaryController.GetSummariesAsync (AppProject.Core.Controllers.General) in 115.4995ms
[12:30:55 INF] (vicente.maria.vm17@gmail.com) Route matched with {action = "GetCurrentUserPermissions", controller = "Permission"}. Executing controller action with signature System.Threading.Tasks.Task`1[Microsoft.AspNetCore.Mvc.IActionResult] GetCurrentUserPermissionsAsync(AppProject.Models.Auth.PermissionContext, System.Threading.CancellationToken) on controller AppProject.Core.API.Controllers.Auth.PermissionController (AppProject.Core.API).
[12:30:55 INF] (vicente.maria.vm17@gmail.com) Executed endpoint 'AppProject.Core.Controllers.General.StateSummaryController.GetSummariesAsync (AppProject.Core.Controllers.General)'
[12:30:55 INF] () Request finished HTTP/2 GET https://localhost:7121/api/general/StateSummary/GetSummaries?Take=100 - 200 null application/json; charset=utf-8 259.5599ms
[12:30:55 INF] () Executed DbCommand (7ms) [Parameters=[], CommandType='"Text"', CommandTimeout='30']
SELECT TOP(1) [u].[Id], [u].[CreatedAt], [u].[CreatedByUserId], [u].[CreatedByUserName], [u].[Email], [u].[IsSystemAdmin], [u].[Name], [u].[RowVersion], [u].[UpdatedAt], [u].[UpdatedByUserId], [u].[UpdatedByUserName]
FROM [Users] AS [u]
WHERE [u].[IsSystemAdmin] = CAST(1 AS bit)
[12:30:55 INF] (vicente.maria.vm17@gmail.com) Executing OkObjectResult, writing value of type 'AppProject.Models.Auth.PermissionType[]'.
[12:30:55 INF] (vicente.maria.vm17@gmail.com) Executed action AppProject.Core.API.Controllers.Auth.PermissionController.GetCurrentUserPermissionsAsync (AppProject.Core.API) in 49.3009ms
[12:30:55 INF] (vicente.maria.vm17@gmail.com) Executed endpoint 'AppProject.Core.API.Controllers.Auth.PermissionController.GetCurrentUserPermissionsAsync (AppProject.Core.API)'
[12:30:55 INF] () Request finished HTTP/2 GET https://localhost:7121/api/auth/Permission/GetCurrentUserPermissions - 200 null application/json; charset=utf-8 179.8029ms
[12:31:06 INF] () Request starting HTTP/2 OPTIONS https://localhost:7121/api/general/CitySummary/GetSummaries?Take=100 - null null
[12:31:06 INF] () CORS policy execution successful.
[12:31:06 INF] () Request finished HTTP/2 OPTIONS https://localhost:7121/api/general/CitySummary/GetSummaries?Take=100 - 204 null null 42.0171ms
[12:31:06 INF] () Request starting HTTP/2 GET https://localhost:7121/api/general/CitySummary/GetSummaries?Take=100 - null null
[12:31:06 INF] () CORS policy execution successful.
[12:31:06 INF] (vicente.maria.vm17@gmail.com) Executing endpoint 'AppProject.Core.Controllers.General.CitySummaryController.GetSummariesAsync (AppProject.Core.Controllers.General)'
[12:31:06 INF] (vicente.maria.vm17@gmail.com) Route matched with {action = "GetSummaries", controller = "CitySummary"}. Executing controller action with signature System.Threading.Tasks.Task`1[Microsoft.AspNetCore.Mvc.IActionResult] GetSummariesAsync(AppProject.Core.Models.General.CitySummarySearchRequest, System.Threading.CancellationToken) on controller AppProject.Core.Controllers.General.CitySummaryController (AppProject.Core.Controllers.General).
[12:31:06 INF] (vicente.maria.vm17@gmail.com) Executed DbCommand (14ms) [Parameters=[@__p_0='?' (DbType = Int32)], CommandType='"Text"', CommandTimeout='30']
SELECT [c0].[Id], [c0].[Name], [s].[Name] AS [StateName], [c0].[StateId], [c1].[Name] AS [CountryName], [s].[CountryId]
FROM (
    SELECT TOP(@__p_0) [c].[Id], [c].[Name], [c].[StateId]
    FROM [Cities] AS [c]
    ORDER BY [c].[Name]
) AS [c0]
INNER JOIN [States] AS [s] ON [c0].[StateId] = [s].[Id]
INNER JOIN [Countries] AS [c1] ON [s].[CountryId] = [c1].[Id]
ORDER BY [c0].[Name]
[12:31:06 INF] (vicente.maria.vm17@gmail.com) Executing OkObjectResult, writing value of type 'AppProject.Models.SummariesResponse`1[[AppProject.Core.Models.General.CitySummary, AppProject.Core.Models, Version=1.0.0.0, Culture=neutral, PublicKeyToken=null]]'.
[12:31:06 INF] (vicente.maria.vm17@gmail.com) Executed action AppProject.Core.Controllers.General.CitySummaryController.GetSummariesAsync (AppProject.Core.Controllers.General) in 23.6926ms
[12:31:06 INF] (vicente.maria.vm17@gmail.com) Executed endpoint 'AppProject.Core.Controllers.General.CitySummaryController.GetSummariesAsync (AppProject.Core.Controllers.General)'
[12:31:06 INF] () Request finished HTTP/2 GET https://localhost:7121/api/general/CitySummary/GetSummaries?Take=100 - 200 null application/json; charset=utf-8 72.4597ms
[12:31:13 INF] () Request starting HTTP/2 OPTIONS https://localhost:7121/api/general/StateSummary/GetSummaries?Take=100 - null null
[12:31:13 INF] () CORS policy execution successful.
[12:31:13 INF] () Request finished HTTP/2 OPTIONS https://localhost:7121/api/general/StateSummary/GetSummaries?Take=100 - 204 null null 6.9167ms
[12:31:13 INF] () Request starting HTTP/2 GET https://localhost:7121/api/general/StateSummary/GetSummaries?Take=100 - null null
[12:31:13 INF] () CORS policy execution successful.
[12:31:13 INF] (vicente.maria.vm17@gmail.com) Executing endpoint 'AppProject.Core.Controllers.General.StateSummaryController.GetSummariesAsync (AppProject.Core.Controllers.General)'
[12:31:13 INF] (vicente.maria.vm17@gmail.com) Route matched with {action = "GetSummaries", controller = "StateSummary"}. Executing controller action with signature System.Threading.Tasks.Task`1[Microsoft.AspNetCore.Mvc.IActionResult] GetSummariesAsync(AppProject.Core.Models.General.StateSummarySearchRequest, System.Threading.CancellationToken) on controller AppProject.Core.Controllers.General.StateSummaryController (AppProject.Core.Controllers.General).
[12:31:13 INF] (vicente.maria.vm17@gmail.com) Executed DbCommand (1ms) [Parameters=[@__p_0='?' (DbType = Int32)], CommandType='"Text"', CommandTimeout='30']
SELECT [s0].[Id], [s0].[Name], [c].[Name] AS [CountryName], [s0].[CountryId]
FROM (
    SELECT TOP(@__p_0) [s].[Id], [s].[CountryId], [s].[Name]
    FROM [States] AS [s]
    ORDER BY [s].[Name]
) AS [s0]
INNER JOIN [Countries] AS [c] ON [s0].[CountryId] = [c].[Id]
ORDER BY [s0].[Name]
[12:31:13 INF] () Request starting HTTP/2 OPTIONS https://localhost:7121/api/general/City/Get?Id=7f3d42dc-4b9d-4a37-e4ed-08deca2bc236 - null null
[12:31:13 INF] (vicente.maria.vm17@gmail.com) Executing OkObjectResult, writing value of type 'AppProject.Models.SummariesResponse`1[[AppProject.Core.Models.General.StateSummary, AppProject.Core.Models, Version=1.0.0.0, Culture=neutral, PublicKeyToken=null]]'.
[12:31:13 INF] () CORS policy execution successful.
[12:31:13 INF] (vicente.maria.vm17@gmail.com) Executed action AppProject.Core.Controllers.General.StateSummaryController.GetSummariesAsync (AppProject.Core.Controllers.General) in 73.4344ms
[12:31:13 INF] () Request finished HTTP/2 OPTIONS https://localhost:7121/api/general/City/Get?Id=7f3d42dc-4b9d-4a37-e4ed-08deca2bc236 - 204 null null 93.6781ms
[12:31:13 INF] (vicente.maria.vm17@gmail.com) Executed endpoint 'AppProject.Core.Controllers.General.StateSummaryController.GetSummariesAsync (AppProject.Core.Controllers.General)'
[12:31:13 INF] () Request finished HTTP/2 GET https://localhost:7121/api/general/StateSummary/GetSummaries?Take=100 - 200 null application/json; charset=utf-8 128.3413ms
[12:31:13 INF] () Request starting HTTP/2 GET https://localhost:7121/api/general/City/Get?Id=7f3d42dc-4b9d-4a37-e4ed-08deca2bc236 - null null
[12:31:13 INF] () CORS policy execution successful.
[12:31:13 INF] (vicente.maria.vm17@gmail.com) Executing endpoint 'AppProject.Core.Controllers.General.CityController.GetAsync (AppProject.Core.Controllers.General)'
[12:31:13 INF] (vicente.maria.vm17@gmail.com) Route matched with {action = "Get", controller = "City"}. Executing controller action with signature System.Threading.Tasks.Task`1[Microsoft.AspNetCore.Mvc.IActionResult] GetAsync(AppProject.Models.GetByIdRequest`1[System.Guid], System.Threading.CancellationToken) on controller AppProject.Core.Controllers.General.CityController (AppProject.Core.Controllers.General).
[12:31:13 INF] (vicente.maria.vm17@gmail.com) Executed DbCommand (3ms) [Parameters=[@__request_Id_0='?' (DbType = Guid)], CommandType='"Text"', CommandTimeout='30']
SELECT [c].[Id], [c].[Name], [c].[Code], [c].[StateId], [c].[RowVersion]
FROM [Cities] AS [c]
WHERE [c].[Id] = @__request_Id_0
[12:31:13 INF] (vicente.maria.vm17@gmail.com) Executing OkObjectResult, writing value of type 'AppProject.Models.EntityResponse`1[[AppProject.Core.Models.General.City, AppProject.Core.Models.General, Version=1.0.0.0, Culture=neutral, PublicKeyToken=null]]'.
[12:31:13 INF] (vicente.maria.vm17@gmail.com) Executed action AppProject.Core.Controllers.General.CityController.GetAsync (AppProject.Core.Controllers.General) in 16.9396ms
[12:31:13 INF] (vicente.maria.vm17@gmail.com) Executed endpoint 'AppProject.Core.Controllers.General.CityController.GetAsync (AppProject.Core.Controllers.General)'
[12:31:13 INF] () Request finished HTTP/2 GET https://localhost:7121/api/general/City/Get?Id=7f3d42dc-4b9d-4a37-e4ed-08deca2bc236 - 200 null application/json; charset=utf-8 64.524ms
[12:31:13 INF] () Request starting HTTP/2 OPTIONS https://localhost:7121/api/general/City/GetNeighborhoods?ParentId=7f3d42dc-4b9d-4a37-e4ed-08deca2bc236 - null null
[12:31:13 INF] () CORS policy execution successful.
[12:31:13 INF] () Request finished HTTP/2 OPTIONS https://localhost:7121/api/general/City/GetNeighborhoods?ParentId=7f3d42dc-4b9d-4a37-e4ed-08deca2bc236 - 204 null null 6.5554ms
[12:31:13 INF] () Request starting HTTP/2 GET https://localhost:7121/api/general/City/GetNeighborhoods?ParentId=7f3d42dc-4b9d-4a37-e4ed-08deca2bc236 - null null
[12:31:13 INF] () CORS policy execution successful.
[12:31:13 INF] (vicente.maria.vm17@gmail.com) Executing endpoint 'AppProject.Core.Controllers.General.CityController.GetNeighborhoodsAsync (AppProject.Core.Controllers.General)'
[12:31:13 INF] (vicente.maria.vm17@gmail.com) Route matched with {action = "GetNeighborhoods", controller = "City"}. Executing controller action with signature System.Threading.Tasks.Task`1[Microsoft.AspNetCore.Mvc.IActionResult] GetNeighborhoodsAsync(AppProject.Models.GetByParentIdRequest`1[System.Guid], System.Threading.CancellationToken) on controller AppProject.Core.Controllers.General.CityController (AppProject.Core.Controllers.General).
[12:31:13 INF] (vicente.maria.vm17@gmail.com) Executed DbCommand (7ms) [Parameters=[@__request_ParentId_0='?' (DbType = Guid)], CommandType='"Text"', CommandTimeout='30']
SELECT [n].[Id], [n].[Name], [n].[Code], [n].[RowVersion]
FROM [Neighborhoods] AS [n]
WHERE [n].[CityId] = @__request_ParentId_0
[12:31:13 INF] (vicente.maria.vm17@gmail.com) Executing OkObjectResult, writing value of type 'AppProject.Models.EntitiesResponse`1[[AppProject.Core.Models.General.Neighborhood, AppProject.Core.Models.General, Version=1.0.0.0, Culture=neutral, PublicKeyToken=null]]'.
[12:31:13 INF] (vicente.maria.vm17@gmail.com) Executed action AppProject.Core.Controllers.General.CityController.GetNeighborhoodsAsync (AppProject.Core.Controllers.General) in 15.9283ms
[12:31:13 INF] (vicente.maria.vm17@gmail.com) Executed endpoint 'AppProject.Core.Controllers.General.CityController.GetNeighborhoodsAsync (AppProject.Core.Controllers.General)'
[12:31:13 INF] () Request finished HTTP/2 GET https://localhost:7121/api/general/City/GetNeighborhoods?ParentId=7f3d42dc-4b9d-4a37-e4ed-08deca2bc236 - 200 null application/json; charset=utf-8 35.3524ms
[12:31:14 INF] () Request starting HTTP/2 GET https://localhost:7121/api/general/StateSummary/GetSummaries?Take=100 - null null
[12:31:14 INF] () CORS policy execution successful.
[12:31:14 INF] (vicente.maria.vm17@gmail.com) Executing endpoint 'AppProject.Core.Controllers.General.StateSummaryController.GetSummariesAsync (AppProject.Core.Controllers.General)'
[12:31:14 INF] (vicente.maria.vm17@gmail.com) Route matched with {action = "GetSummaries", controller = "StateSummary"}. Executing controller action with signature System.Threading.Tasks.Task`1[Microsoft.AspNetCore.Mvc.IActionResult] GetSummariesAsync(AppProject.Core.Models.General.StateSummarySearchRequest, System.Threading.CancellationToken) on controller AppProject.Core.Controllers.General.StateSummaryController (AppProject.Core.Controllers.General).
[12:31:14 INF] (vicente.maria.vm17@gmail.com) Executed DbCommand (1ms) [Parameters=[@__p_0='?' (DbType = Int32)], CommandType='"Text"', CommandTimeout='30']
SELECT [s0].[Id], [s0].[Name], [c].[Name] AS [CountryName], [s0].[CountryId]
FROM (
    SELECT TOP(@__p_0) [s].[Id], [s].[CountryId], [s].[Name]
    FROM [States] AS [s]
    ORDER BY [s].[Name]
) AS [s0]
INNER JOIN [Countries] AS [c] ON [s0].[CountryId] = [c].[Id]
ORDER BY [s0].[Name]
[12:31:14 INF] (vicente.maria.vm17@gmail.com) Executing OkObjectResult, writing value of type 'AppProject.Models.SummariesResponse`1[[AppProject.Core.Models.General.StateSummary, AppProject.Core.Models, Version=1.0.0.0, Culture=neutral, PublicKeyToken=null]]'.
[12:31:14 INF] (vicente.maria.vm17@gmail.com) Executed action AppProject.Core.Controllers.General.StateSummaryController.GetSummariesAsync (AppProject.Core.Controllers.General) in 9.0107ms
[12:31:14 INF] (vicente.maria.vm17@gmail.com) Executed endpoint 'AppProject.Core.Controllers.General.StateSummaryController.GetSummariesAsync (AppProject.Core.Controllers.General)'
[12:31:14 INF] () Request finished HTTP/2 GET https://localhost:7121/api/general/StateSummary/GetSummaries?Take=100 - 200 null application/json; charset=utf-8 27.0699ms
[12:32:43 INF] () Start installing Hangfire SQL objects...
[12:32:45 INF] () Hangfire SQL objects installed.
[12:32:47 INF] () Executed DbCommand (30ms) [Parameters=[], CommandType='"Text"', CommandTimeout='30']
SELECT 1
[12:32:47 INF] () Acquiring an exclusive lock for migration application. See https://aka.ms/efcore-docs-migrations-lock for more information if this takes too long.
[12:32:47 INF] () Executed DbCommand (65ms) [Parameters=[], CommandType='"Text"', CommandTimeout='30']
DECLARE @result int;
EXEC @result = sp_getapplock @Resource = '__EFMigrationsLock', @LockOwner = 'Session', @LockMode = 'Exclusive';
SELECT @result
[12:32:47 INF] () Executed DbCommand (4ms) [Parameters=[], CommandType='"Text"', CommandTimeout='30']
IF OBJECT_ID(N'[__EFMigrationsHistory]') IS NULL
BEGIN
    CREATE TABLE [__EFMigrationsHistory] (
        [MigrationId] nvarchar(150) NOT NULL,
        [ProductVersion] nvarchar(32) NOT NULL,
        CONSTRAINT [PK___EFMigrationsHistory] PRIMARY KEY ([MigrationId])
    );
END;
[12:32:48 INF] () Executed DbCommand (3ms) [Parameters=[], CommandType='"Text"', CommandTimeout='30']
SELECT 1
[12:32:48 INF] () Executed DbCommand (1ms) [Parameters=[], CommandType='"Text"', CommandTimeout='30']
SELECT OBJECT_ID(N'[__EFMigrationsHistory]');
[12:32:48 INF] () Executed DbCommand (7ms) [Parameters=[], CommandType='"Text"', CommandTimeout='30']
SELECT [MigrationId], [ProductVersion]
FROM [__EFMigrationsHistory]
ORDER BY [MigrationId];
[12:32:48 INF] () No migrations were applied. The database is already up to date.
[12:32:48 INF] () Executed DbCommand (3ms) [Parameters=[], CommandType='"Text"', CommandTimeout='30']
DECLARE @result int;
EXEC @result = sp_releaseapplock @Resource = '__EFMigrationsLock', @LockOwner = 'Session';
SELECT @result
[12:32:48 INF] () Executed DbCommand (7ms) [Parameters=[], CommandType='"Text"', CommandTimeout='30']
SELECT TOP(1) [u].[Id], [u].[CreatedAt], [u].[CreatedByUserId], [u].[CreatedByUserName], [u].[Email], [u].[IsSystemAdmin], [u].[Name], [u].[RowVersion], [u].[UpdatedAt], [u].[UpdatedByUserId], [u].[UpdatedByUserName]
FROM [Users] AS [u]
WHERE [u].[IsSystemAdmin] = CAST(1 AS bit)
[12:32:48 INF] () User profile is available. Using 'C:\Users\vicen\AppData\Local\ASP.NET\DataProtection-Keys' as key repository and Windows DPAPI to encrypt keys at rest.
[12:32:49 INF] () Now listening on: https://localhost:7121
[12:32:49 INF] () Starting Hangfire Server using job storage: 'SQL Server: localhost\SQLEXPRESS@AppProject'
[12:32:49 INF] () Using the following options for SQL Server job storage: Queue poll interval: 00:00:00.
[12:32:49 INF] () Using the following options for Hangfire Server:
    Worker count: 20
    Listening queues: 'default'
    Shutdown timeout: 00:00:15
    Schedule polling interval: 00:00:15
[12:32:49 INF] () Application started. Press Ctrl+C to shut down.
[12:32:49 INF] () Hosting environment: Development
[12:32:49 INF] () Content root path: C:\Course\dotnet-template\AppProject.Core.API
[12:32:49 INF] () Server desktop-0fm4m6s:18852:cad482e1 successfully announced in 40.9003 ms
[12:32:49 INF] () Server desktop-0fm4m6s:18852:cad482e1 is starting the registered dispatchers: ServerWatchdog, ServerJobCancellationWatcher, SqlServerHeartbeatProcess, ExpirationManager, CountersAggregator, Worker, DelayedJobScheduler, RecurringJobScheduler...
[12:32:49 INF] () Server desktop-0fm4m6s:18852:cad482e1 all the dispatchers started
[12:34:33 INF] () Request starting HTTP/2 OPTIONS https://localhost:7121/api/auth/Permission/GetCurrentUserPermissions - null null
[12:34:33 INF] () CORS policy execution successful.
[12:34:33 INF] () Request finished HTTP/2 OPTIONS https://localhost:7121/api/auth/Permission/GetCurrentUserPermissions - 204 null null 137.0415ms
[12:34:33 INF] () Request starting HTTP/2 GET https://localhost:7121/api/auth/Permission/GetCurrentUserPermissions - null null
[12:34:33 INF] () CORS policy execution successful.
[12:34:34 INF] (vicente.maria.vm17@gmail.com) Executing endpoint 'AppProject.Core.API.Controllers.Auth.PermissionController.GetCurrentUserPermissionsAsync (AppProject.Core.API)'
[12:34:34 INF] (vicente.maria.vm17@gmail.com) Route matched with {action = "GetCurrentUserPermissions", controller = "Permission"}. Executing controller action with signature System.Threading.Tasks.Task`1[Microsoft.AspNetCore.Mvc.IActionResult] GetCurrentUserPermissionsAsync(AppProject.Models.Auth.PermissionContext, System.Threading.CancellationToken) on controller AppProject.Core.API.Controllers.Auth.PermissionController (AppProject.Core.API).
[12:34:35 INF] () Executed DbCommand (5ms) [Parameters=[], CommandType='"Text"', CommandTimeout='30']
SELECT TOP(1) [u].[Id], [u].[CreatedAt], [u].[CreatedByUserId], [u].[CreatedByUserName], [u].[Email], [u].[IsSystemAdmin], [u].[Name], [u].[RowVersion], [u].[UpdatedAt], [u].[UpdatedByUserId], [u].[UpdatedByUserName]
FROM [Users] AS [u]
WHERE [u].[IsSystemAdmin] = CAST(1 AS bit)
[12:34:35 INF] (vicente.maria.vm17@gmail.com) Executing OkObjectResult, writing value of type 'AppProject.Models.Auth.PermissionType[]'.
[12:34:35 INF] (vicente.maria.vm17@gmail.com) Executed action AppProject.Core.API.Controllers.Auth.PermissionController.GetCurrentUserPermissionsAsync (AppProject.Core.API) in 318.2346ms
[12:34:35 INF] (vicente.maria.vm17@gmail.com) Executed endpoint 'AppProject.Core.API.Controllers.Auth.PermissionController.GetCurrentUserPermissionsAsync (AppProject.Core.API)'
[12:34:35 INF] () Request finished HTTP/2 GET https://localhost:7121/api/auth/Permission/GetCurrentUserPermissions - 200 null application/json; charset=utf-8 1899.0505ms
[12:34:40 INF] () Request starting HTTP/2 OPTIONS https://localhost:7121/api/general/StateSummary/GetSummaries?Take=100 - null null
[12:34:40 INF] () CORS policy execution successful.
[12:34:40 INF] () Request finished HTTP/2 OPTIONS https://localhost:7121/api/general/StateSummary/GetSummaries?Take=100 - 204 null null 33.6563ms
[12:34:40 INF] () Request starting HTTP/2 GET https://localhost:7121/api/general/StateSummary/GetSummaries?Take=100 - null null
[12:34:40 INF] () CORS policy execution successful.
[12:34:40 INF] (vicente.maria.vm17@gmail.com) Executing endpoint 'AppProject.Core.Controllers.General.StateSummaryController.GetSummariesAsync (AppProject.Core.Controllers.General)'
[12:34:40 INF] (vicente.maria.vm17@gmail.com) Route matched with {action = "GetSummaries", controller = "StateSummary"}. Executing controller action with signature System.Threading.Tasks.Task`1[Microsoft.AspNetCore.Mvc.IActionResult] GetSummariesAsync(AppProject.Core.Models.General.StateSummarySearchRequest, System.Threading.CancellationToken) on controller AppProject.Core.Controllers.General.StateSummaryController (AppProject.Core.Controllers.General).
[12:34:40 INF] (vicente.maria.vm17@gmail.com) Executed DbCommand (11ms) [Parameters=[@__p_0='?' (DbType = Int32)], CommandType='"Text"', CommandTimeout='30']
SELECT [s0].[Id], [s0].[Name], [c].[Name] AS [CountryName], [s0].[CountryId]
FROM (
    SELECT TOP(@__p_0) [s].[Id], [s].[CountryId], [s].[Name]
    FROM [States] AS [s]
    ORDER BY [s].[Name]
) AS [s0]
INNER JOIN [Countries] AS [c] ON [s0].[CountryId] = [c].[Id]
ORDER BY [s0].[Name]
[12:34:40 INF] (vicente.maria.vm17@gmail.com) Executing OkObjectResult, writing value of type 'AppProject.Models.SummariesResponse`1[[AppProject.Core.Models.General.StateSummary, AppProject.Core.Models, Version=1.0.0.0, Culture=neutral, PublicKeyToken=null]]'.
[12:34:40 INF] (vicente.maria.vm17@gmail.com) Executed action AppProject.Core.Controllers.General.StateSummaryController.GetSummariesAsync (AppProject.Core.Controllers.General) in 410.8715ms
[12:34:40 INF] (vicente.maria.vm17@gmail.com) Executed endpoint 'AppProject.Core.Controllers.General.StateSummaryController.GetSummariesAsync (AppProject.Core.Controllers.General)'
[12:34:40 INF] () Request finished HTTP/2 GET https://localhost:7121/api/general/StateSummary/GetSummaries?Take=100 - 200 null application/json; charset=utf-8 501.5ms
[12:37:49 INF] () 1 servers were removed due to timeout
[12:39:23 INF] () Request starting HTTP/2 OPTIONS https://localhost:7121/api/general/CitySummary/GetSummaries?Take=100 - null null
[12:39:23 INF] () CORS policy execution successful.
[12:39:23 INF] () Request finished HTTP/2 OPTIONS https://localhost:7121/api/general/CitySummary/GetSummaries?Take=100 - 204 null null 52.0692ms
[12:39:23 INF] () Request starting HTTP/2 GET https://localhost:7121/api/general/CitySummary/GetSummaries?Take=100 - null null
[12:39:23 INF] () CORS policy execution successful.
[12:39:23 INF] (vicente.maria.vm17@gmail.com) Executing endpoint 'AppProject.Core.Controllers.General.CitySummaryController.GetSummariesAsync (AppProject.Core.Controllers.General)'
[12:39:23 INF] (vicente.maria.vm17@gmail.com) Route matched with {action = "GetSummaries", controller = "CitySummary"}. Executing controller action with signature System.Threading.Tasks.Task`1[Microsoft.AspNetCore.Mvc.IActionResult] GetSummariesAsync(AppProject.Core.Models.General.CitySummarySearchRequest, System.Threading.CancellationToken) on controller AppProject.Core.Controllers.General.CitySummaryController (AppProject.Core.Controllers.General).
[12:39:23 INF] (vicente.maria.vm17@gmail.com) Executed DbCommand (18ms) [Parameters=[@__p_0='?' (DbType = Int32)], CommandType='"Text"', CommandTimeout='30']
SELECT [c0].[Id], [c0].[Name], [s].[Name] AS [StateName], [c0].[StateId], [c1].[Name] AS [CountryName], [s].[CountryId]
FROM (
    SELECT TOP(@__p_0) [c].[Id], [c].[Name], [c].[StateId]
    FROM [Cities] AS [c]
    ORDER BY [c].[Name]
) AS [c0]
INNER JOIN [States] AS [s] ON [c0].[StateId] = [s].[Id]
INNER JOIN [Countries] AS [c1] ON [s].[CountryId] = [c1].[Id]
ORDER BY [c0].[Name]
[12:39:23 INF] (vicente.maria.vm17@gmail.com) Executing OkObjectResult, writing value of type 'AppProject.Models.SummariesResponse`1[[AppProject.Core.Models.General.CitySummary, AppProject.Core.Models, Version=1.0.0.0, Culture=neutral, PublicKeyToken=null]]'.
[12:39:23 INF] (vicente.maria.vm17@gmail.com) Executed action AppProject.Core.Controllers.General.CitySummaryController.GetSummariesAsync (AppProject.Core.Controllers.General) in 83.0119ms
[12:39:23 INF] (vicente.maria.vm17@gmail.com) Executed endpoint 'AppProject.Core.Controllers.General.CitySummaryController.GetSummariesAsync (AppProject.Core.Controllers.General)'
[12:39:23 INF] () Request finished HTTP/2 GET https://localhost:7121/api/general/CitySummary/GetSummaries?Take=100 - 200 null application/json; charset=utf-8 162.9769ms
[12:39:31 INF] () Request starting HTTP/2 OPTIONS https://localhost:7121/api/general/City/Get?Id=7f3d42dc-4b9d-4a37-e4ed-08deca2bc236 - null null
[12:39:31 INF] () CORS policy execution successful.
[12:39:31 INF] () Request finished HTTP/2 OPTIONS https://localhost:7121/api/general/City/Get?Id=7f3d42dc-4b9d-4a37-e4ed-08deca2bc236 - 204 null null 15.8335ms
[12:39:31 INF] () Request starting HTTP/2 OPTIONS https://localhost:7121/api/general/StateSummary/GetSummaries?Take=100 - null null
[12:39:31 INF] () CORS policy execution successful.
[12:39:31 INF] () Request finished HTTP/2 OPTIONS https://localhost:7121/api/general/StateSummary/GetSummaries?Take=100 - 204 null null 45.3877ms
[12:39:31 INF] () Request starting HTTP/2 GET https://localhost:7121/api/general/City/Get?Id=7f3d42dc-4b9d-4a37-e4ed-08deca2bc236 - null null
[12:39:31 INF] () Request starting HTTP/2 GET https://localhost:7121/api/general/StateSummary/GetSummaries?Take=100 - null null
[12:39:31 INF] () CORS policy execution successful.
[12:39:31 INF] () CORS policy execution successful.
[12:39:31 INF] (vicente.maria.vm17@gmail.com) Executing endpoint 'AppProject.Core.Controllers.General.StateSummaryController.GetSummariesAsync (AppProject.Core.Controllers.General)'
[12:39:31 INF] (vicente.maria.vm17@gmail.com) Executing endpoint 'AppProject.Core.Controllers.General.CityController.GetAsync (AppProject.Core.Controllers.General)'
[12:39:31 INF] (vicente.maria.vm17@gmail.com) Route matched with {action = "GetSummaries", controller = "StateSummary"}. Executing controller action with signature System.Threading.Tasks.Task`1[Microsoft.AspNetCore.Mvc.IActionResult] GetSummariesAsync(AppProject.Core.Models.General.StateSummarySearchRequest, System.Threading.CancellationToken) on controller AppProject.Core.Controllers.General.StateSummaryController (AppProject.Core.Controllers.General).
[12:39:31 INF] (vicente.maria.vm17@gmail.com) Route matched with {action = "Get", controller = "City"}. Executing controller action with signature System.Threading.Tasks.Task`1[Microsoft.AspNetCore.Mvc.IActionResult] GetAsync(AppProject.Models.GetByIdRequest`1[System.Guid], System.Threading.CancellationToken) on controller AppProject.Core.Controllers.General.CityController (AppProject.Core.Controllers.General).
[12:39:31 INF] (vicente.maria.vm17@gmail.com) Executed DbCommand (10ms) [Parameters=[@__p_0='?' (DbType = Int32)], CommandType='"Text"', CommandTimeout='30']
SELECT [s0].[Id], [s0].[Name], [c].[Name] AS [CountryName], [s0].[CountryId]
FROM (
    SELECT TOP(@__p_0) [s].[Id], [s].[CountryId], [s].[Name]
    FROM [States] AS [s]
    ORDER BY [s].[Name]
) AS [s0]
INNER JOIN [Countries] AS [c] ON [s0].[CountryId] = [c].[Id]
ORDER BY [s0].[Name]
[12:39:31 INF] (vicente.maria.vm17@gmail.com) Executing OkObjectResult, writing value of type 'AppProject.Models.SummariesResponse`1[[AppProject.Core.Models.General.StateSummary, AppProject.Core.Models, Version=1.0.0.0, Culture=neutral, PublicKeyToken=null]]'.
[12:39:31 INF] (vicente.maria.vm17@gmail.com) Executed action AppProject.Core.Controllers.General.StateSummaryController.GetSummariesAsync (AppProject.Core.Controllers.General) in 21.0257ms
[12:39:31 INF] (vicente.maria.vm17@gmail.com) Executed endpoint 'AppProject.Core.Controllers.General.StateSummaryController.GetSummariesAsync (AppProject.Core.Controllers.General)'
[12:39:31 INF] () Request finished HTTP/2 GET https://localhost:7121/api/general/StateSummary/GetSummaries?Take=100 - 200 null application/json; charset=utf-8 149.282ms
[12:39:32 INF] (vicente.maria.vm17@gmail.com) Executed DbCommand (3ms) [Parameters=[@__request_Id_0='?' (DbType = Guid)], CommandType='"Text"', CommandTimeout='30']
SELECT [c].[Id], [c].[Name], [c].[Code], [c].[StateId], [c].[RowVersion]
FROM [Cities] AS [c]
WHERE [c].[Id] = @__request_Id_0
[12:39:32 INF] (vicente.maria.vm17@gmail.com) Executing OkObjectResult, writing value of type 'AppProject.Models.EntityResponse`1[[AppProject.Core.Models.General.City, AppProject.Core.Models.General, Version=1.0.0.0, Culture=neutral, PublicKeyToken=null]]'.
[12:39:32 INF] (vicente.maria.vm17@gmail.com) Executed action AppProject.Core.Controllers.General.CityController.GetAsync (AppProject.Core.Controllers.General) in 131.2311ms
[12:39:32 INF] (vicente.maria.vm17@gmail.com) Executed endpoint 'AppProject.Core.Controllers.General.CityController.GetAsync (AppProject.Core.Controllers.General)'
[12:39:32 INF] () Request finished HTTP/2 GET https://localhost:7121/api/general/City/Get?Id=7f3d42dc-4b9d-4a37-e4ed-08deca2bc236 - 200 null application/json; charset=utf-8 349.212ms
[12:39:32 INF] () Request starting HTTP/2 OPTIONS https://localhost:7121/api/general/City/GetNeighborhoods?ParentId=7f3d42dc-4b9d-4a37-e4ed-08deca2bc236 - null null
[12:39:32 INF] () CORS policy execution successful.
[12:39:32 INF] () Request finished HTTP/2 OPTIONS https://localhost:7121/api/general/City/GetNeighborhoods?ParentId=7f3d42dc-4b9d-4a37-e4ed-08deca2bc236 - 204 null null 9.1137ms
[12:39:32 INF] () Request starting HTTP/2 GET https://localhost:7121/api/general/City/GetNeighborhoods?ParentId=7f3d42dc-4b9d-4a37-e4ed-08deca2bc236 - null null
[12:39:32 INF] () CORS policy execution successful.
[12:39:32 INF] (vicente.maria.vm17@gmail.com) Executing endpoint 'AppProject.Core.Controllers.General.CityController.GetNeighborhoodsAsync (AppProject.Core.Controllers.General)'
[12:39:32 INF] (vicente.maria.vm17@gmail.com) Route matched with {action = "GetNeighborhoods", controller = "City"}. Executing controller action with signature System.Threading.Tasks.Task`1[Microsoft.AspNetCore.Mvc.IActionResult] GetNeighborhoodsAsync(AppProject.Models.GetByParentIdRequest`1[System.Guid], System.Threading.CancellationToken) on controller AppProject.Core.Controllers.General.CityController (AppProject.Core.Controllers.General).
[12:39:32 INF] (vicente.maria.vm17@gmail.com) Executed DbCommand (9ms) [Parameters=[@__request_ParentId_0='?' (DbType = Guid)], CommandType='"Text"', CommandTimeout='30']
SELECT [n].[Id], [n].[Name], [n].[Code], [n].[RowVersion]
FROM [Neighborhoods] AS [n]
WHERE [n].[CityId] = @__request_ParentId_0
[12:39:32 INF] (vicente.maria.vm17@gmail.com) Executing OkObjectResult, writing value of type 'AppProject.Models.EntitiesResponse`1[[AppProject.Core.Models.General.Neighborhood, AppProject.Core.Models.General, Version=1.0.0.0, Culture=neutral, PublicKeyToken=null]]'.
[12:39:32 INF] (vicente.maria.vm17@gmail.com) Executed action AppProject.Core.Controllers.General.CityController.GetNeighborhoodsAsync (AppProject.Core.Controllers.General) in 52.7887ms
[12:39:32 INF] (vicente.maria.vm17@gmail.com) Executed endpoint 'AppProject.Core.Controllers.General.CityController.GetNeighborhoodsAsync (AppProject.Core.Controllers.General)'
[12:39:32 INF] () Request finished HTTP/2 GET https://localhost:7121/api/general/City/GetNeighborhoods?ParentId=7f3d42dc-4b9d-4a37-e4ed-08deca2bc236 - 200 null application/json; charset=utf-8 89.5523ms
[12:39:33 INF] () Request starting HTTP/2 GET https://localhost:7121/api/general/StateSummary/GetSummaries?Take=100 - null null
[12:39:33 INF] () CORS policy execution successful.
[12:39:33 INF] (vicente.maria.vm17@gmail.com) Executing endpoint 'AppProject.Core.Controllers.General.StateSummaryController.GetSummariesAsync (AppProject.Core.Controllers.General)'
[12:39:33 INF] (vicente.maria.vm17@gmail.com) Route matched with {action = "GetSummaries", controller = "StateSummary"}. Executing controller action with signature System.Threading.Tasks.Task`1[Microsoft.AspNetCore.Mvc.IActionResult] GetSummariesAsync(AppProject.Core.Models.General.StateSummarySearchRequest, System.Threading.CancellationToken) on controller AppProject.Core.Controllers.General.StateSummaryController (AppProject.Core.Controllers.General).
[12:39:33 INF] (vicente.maria.vm17@gmail.com) Executed DbCommand (1ms) [Parameters=[@__p_0='?' (DbType = Int32)], CommandType='"Text"', CommandTimeout='30']
SELECT [s0].[Id], [s0].[Name], [c].[Name] AS [CountryName], [s0].[CountryId]
FROM (
    SELECT TOP(@__p_0) [s].[Id], [s].[CountryId], [s].[Name]
    FROM [States] AS [s]
    ORDER BY [s].[Name]
) AS [s0]
INNER JOIN [Countries] AS [c] ON [s0].[CountryId] = [c].[Id]
ORDER BY [s0].[Name]
[12:39:33 INF] (vicente.maria.vm17@gmail.com) Executing OkObjectResult, writing value of type 'AppProject.Models.SummariesResponse`1[[AppProject.Core.Models.General.StateSummary, AppProject.Core.Models, Version=1.0.0.0, Culture=neutral, PublicKeyToken=null]]'.
[12:39:33 INF] (vicente.maria.vm17@gmail.com) Executed action AppProject.Core.Controllers.General.StateSummaryController.GetSummariesAsync (AppProject.Core.Controllers.General) in 22.7616ms
[12:39:33 INF] (vicente.maria.vm17@gmail.com) Executed endpoint 'AppProject.Core.Controllers.General.StateSummaryController.GetSummariesAsync (AppProject.Core.Controllers.General)'
[12:39:33 INF] () Request finished HTTP/2 GET https://localhost:7121/api/general/StateSummary/GetSummaries?Take=100 - 200 null application/json; charset=utf-8 50.8413ms
[12:40:16 INF] () Request starting HTTP/2 OPTIONS https://localhost:7121/api/general/StateSummary/GetSummaries?Take=100 - null null
[12:40:16 INF] () CORS policy execution successful.
[12:40:16 INF] () Request finished HTTP/2 OPTIONS https://localhost:7121/api/general/StateSummary/GetSummaries?Take=100 - 204 null null 9.7905ms
[12:40:16 INF] () Request starting HTTP/2 GET https://localhost:7121/api/general/StateSummary/GetSummaries?Take=100 - null null
[12:40:16 INF] () CORS policy execution successful.
[12:40:16 INF] () Request starting HTTP/2 OPTIONS https://localhost:7121/api/auth/Permission/GetCurrentUserPermissions - null null
[12:40:16 INF] () CORS policy execution successful.
[12:40:16 INF] () Request finished HTTP/2 OPTIONS https://localhost:7121/api/auth/Permission/GetCurrentUserPermissions - 204 null null 47.5704ms
[12:40:16 INF] (vicente.maria.vm17@gmail.com) Executing endpoint 'AppProject.Core.Controllers.General.StateSummaryController.GetSummariesAsync (AppProject.Core.Controllers.General)'
[12:40:16 INF] (vicente.maria.vm17@gmail.com) Route matched with {action = "GetSummaries", controller = "StateSummary"}. Executing controller action with signature System.Threading.Tasks.Task`1[Microsoft.AspNetCore.Mvc.IActionResult] GetSummariesAsync(AppProject.Core.Models.General.StateSummarySearchRequest, System.Threading.CancellationToken) on controller AppProject.Core.Controllers.General.StateSummaryController (AppProject.Core.Controllers.General).
[12:40:16 INF] (vicente.maria.vm17@gmail.com) Executed DbCommand (5ms) [Parameters=[@__p_0='?' (DbType = Int32)], CommandType='"Text"', CommandTimeout='30']
SELECT [s0].[Id], [s0].[Name], [c].[Name] AS [CountryName], [s0].[CountryId]
FROM (
    SELECT TOP(@__p_0) [s].[Id], [s].[CountryId], [s].[Name]
    FROM [States] AS [s]
    ORDER BY [s].[Name]
) AS [s0]
INNER JOIN [Countries] AS [c] ON [s0].[CountryId] = [c].[Id]
ORDER BY [s0].[Name]
[12:40:16 INF] (vicente.maria.vm17@gmail.com) Executing OkObjectResult, writing value of type 'AppProject.Models.SummariesResponse`1[[AppProject.Core.Models.General.StateSummary, AppProject.Core.Models, Version=1.0.0.0, Culture=neutral, PublicKeyToken=null]]'.
[12:40:16 INF] (vicente.maria.vm17@gmail.com) Executed action AppProject.Core.Controllers.General.StateSummaryController.GetSummariesAsync (AppProject.Core.Controllers.General) in 29.274ms
[12:40:16 INF] (vicente.maria.vm17@gmail.com) Executed endpoint 'AppProject.Core.Controllers.General.StateSummaryController.GetSummariesAsync (AppProject.Core.Controllers.General)'
[12:40:16 INF] () Request starting HTTP/2 GET https://localhost:7121/api/auth/Permission/GetCurrentUserPermissions - null null
[12:40:16 INF] () Request finished HTTP/2 GET https://localhost:7121/api/general/StateSummary/GetSummaries?Take=100 - 200 null application/json; charset=utf-8 185.4384ms
[12:40:16 INF] () CORS policy execution successful.
[12:40:16 INF] (vicente.maria.vm17@gmail.com) Executing endpoint 'AppProject.Core.API.Controllers.Auth.PermissionController.GetCurrentUserPermissionsAsync (AppProject.Core.API)'
[12:40:16 INF] (vicente.maria.vm17@gmail.com) Route matched with {action = "GetCurrentUserPermissions", controller = "Permission"}. Executing controller action with signature System.Threading.Tasks.Task`1[Microsoft.AspNetCore.Mvc.IActionResult] GetCurrentUserPermissionsAsync(AppProject.Models.Auth.PermissionContext, System.Threading.CancellationToken) on controller AppProject.Core.API.Controllers.Auth.PermissionController (AppProject.Core.API).
[12:40:16 INF] () Executed DbCommand (7ms) [Parameters=[], CommandType='"Text"', CommandTimeout='30']
SELECT TOP(1) [u].[Id], [u].[CreatedAt], [u].[CreatedByUserId], [u].[CreatedByUserName], [u].[Email], [u].[IsSystemAdmin], [u].[Name], [u].[RowVersion], [u].[UpdatedAt], [u].[UpdatedByUserId], [u].[UpdatedByUserName]
FROM [Users] AS [u]
WHERE [u].[IsSystemAdmin] = CAST(1 AS bit)
[12:40:16 INF] (vicente.maria.vm17@gmail.com) Executing OkObjectResult, writing value of type 'AppProject.Models.Auth.PermissionType[]'.
[12:40:16 INF] (vicente.maria.vm17@gmail.com) Executed action AppProject.Core.API.Controllers.Auth.PermissionController.GetCurrentUserPermissionsAsync (AppProject.Core.API) in 22.5871ms
[12:40:16 INF] (vicente.maria.vm17@gmail.com) Executed endpoint 'AppProject.Core.API.Controllers.Auth.PermissionController.GetCurrentUserPermissionsAsync (AppProject.Core.API)'
[12:40:16 INF] () Request finished HTTP/2 GET https://localhost:7121/api/auth/Permission/GetCurrentUserPermissions - 200 null application/json; charset=utf-8 124.5917ms
[12:40:23 INF] () Request starting HTTP/2 OPTIONS https://localhost:7121/api/general/CitySummary/GetSummaries?Take=100 - null null
[12:40:23 INF] () CORS policy execution successful.
[12:40:23 INF] () Request finished HTTP/2 OPTIONS https://localhost:7121/api/general/CitySummary/GetSummaries?Take=100 - 204 null null 10.9746ms
[12:40:23 INF] () Request starting HTTP/2 GET https://localhost:7121/api/general/CitySummary/GetSummaries?Take=100 - null null
[12:40:23 INF] () CORS policy execution successful.
[12:40:23 INF] (vicente.maria.vm17@gmail.com) Executing endpoint 'AppProject.Core.Controllers.General.CitySummaryController.GetSummariesAsync (AppProject.Core.Controllers.General)'
[12:40:23 INF] (vicente.maria.vm17@gmail.com) Route matched with {action = "GetSummaries", controller = "CitySummary"}. Executing controller action with signature System.Threading.Tasks.Task`1[Microsoft.AspNetCore.Mvc.IActionResult] GetSummariesAsync(AppProject.Core.Models.General.CitySummarySearchRequest, System.Threading.CancellationToken) on controller AppProject.Core.Controllers.General.CitySummaryController (AppProject.Core.Controllers.General).
[12:40:23 INF] (vicente.maria.vm17@gmail.com) Executed DbCommand (23ms) [Parameters=[@__p_0='?' (DbType = Int32)], CommandType='"Text"', CommandTimeout='30']
SELECT [c0].[Id], [c0].[Name], [s].[Name] AS [StateName], [c0].[StateId], [c1].[Name] AS [CountryName], [s].[CountryId]
FROM (
    SELECT TOP(@__p_0) [c].[Id], [c].[Name], [c].[StateId]
    FROM [Cities] AS [c]
    ORDER BY [c].[Name]
) AS [c0]
INNER JOIN [States] AS [s] ON [c0].[StateId] = [s].[Id]
INNER JOIN [Countries] AS [c1] ON [s].[CountryId] = [c1].[Id]
ORDER BY [c0].[Name]
[12:40:23 INF] (vicente.maria.vm17@gmail.com) Executing OkObjectResult, writing value of type 'AppProject.Models.SummariesResponse`1[[AppProject.Core.Models.General.CitySummary, AppProject.Core.Models, Version=1.0.0.0, Culture=neutral, PublicKeyToken=null]]'.
[12:40:23 INF] (vicente.maria.vm17@gmail.com) Executed action AppProject.Core.Controllers.General.CitySummaryController.GetSummariesAsync (AppProject.Core.Controllers.General) in 49.8005ms
[12:40:23 INF] (vicente.maria.vm17@gmail.com) Executed endpoint 'AppProject.Core.Controllers.General.CitySummaryController.GetSummariesAsync (AppProject.Core.Controllers.General)'
[12:40:23 INF] () Request finished HTTP/2 GET https://localhost:7121/api/general/CitySummary/GetSummaries?Take=100 - 200 null application/json; charset=utf-8 90.9933ms
[12:40:36 INF] () Request starting HTTP/2 OPTIONS https://localhost:7121/api/general/StateSummary/GetSummaries?Take=100 - null null
[12:40:36 INF] () CORS policy execution successful.
[12:40:36 INF] () Request finished HTTP/2 OPTIONS https://localhost:7121/api/general/StateSummary/GetSummaries?Take=100 - 204 null null 21.8944ms
[12:40:36 INF] () Request starting HTTP/2 GET https://localhost:7121/api/general/StateSummary/GetSummaries?Take=100 - null null
[12:40:36 INF] () Request starting HTTP/2 OPTIONS https://localhost:7121/api/general/City/Get?Id=7f3d42dc-4b9d-4a37-e4ed-08deca2bc236 - null null
[12:40:36 INF] () CORS policy execution successful.
[12:40:36 INF] () CORS policy execution successful.
[12:40:36 INF] () Request finished HTTP/2 OPTIONS https://localhost:7121/api/general/City/Get?Id=7f3d42dc-4b9d-4a37-e4ed-08deca2bc236 - 204 null null 87.6051ms
[12:40:36 INF] (vicente.maria.vm17@gmail.com) Executing endpoint 'AppProject.Core.Controllers.General.StateSummaryController.GetSummariesAsync (AppProject.Core.Controllers.General)'
[12:40:37 INF] (vicente.maria.vm17@gmail.com) Route matched with {action = "GetSummaries", controller = "StateSummary"}. Executing controller action with signature System.Threading.Tasks.Task`1[Microsoft.AspNetCore.Mvc.IActionResult] GetSummariesAsync(AppProject.Core.Models.General.StateSummarySearchRequest, System.Threading.CancellationToken) on controller AppProject.Core.Controllers.General.StateSummaryController (AppProject.Core.Controllers.General).
[12:40:37 INF] () Request starting HTTP/2 GET https://localhost:7121/api/general/City/Get?Id=7f3d42dc-4b9d-4a37-e4ed-08deca2bc236 - null null
[12:40:37 INF] () CORS policy execution successful.
[12:40:37 INF] (vicente.maria.vm17@gmail.com) Executing endpoint 'AppProject.Core.Controllers.General.CityController.GetAsync (AppProject.Core.Controllers.General)'
[12:40:37 INF] (vicente.maria.vm17@gmail.com) Route matched with {action = "Get", controller = "City"}. Executing controller action with signature System.Threading.Tasks.Task`1[Microsoft.AspNetCore.Mvc.IActionResult] GetAsync(AppProject.Models.GetByIdRequest`1[System.Guid], System.Threading.CancellationToken) on controller AppProject.Core.Controllers.General.CityController (AppProject.Core.Controllers.General).
[12:40:37 INF] (vicente.maria.vm17@gmail.com) Executed DbCommand (11ms) [Parameters=[@__p_0='?' (DbType = Int32)], CommandType='"Text"', CommandTimeout='30']
SELECT [s0].[Id], [s0].[Name], [c].[Name] AS [CountryName], [s0].[CountryId]
FROM (
    SELECT TOP(@__p_0) [s].[Id], [s].[CountryId], [s].[Name]
    FROM [States] AS [s]
    ORDER BY [s].[Name]
) AS [s0]
INNER JOIN [Countries] AS [c] ON [s0].[CountryId] = [c].[Id]
ORDER BY [s0].[Name]
[12:40:37 INF] (vicente.maria.vm17@gmail.com) Executed DbCommand (5ms) [Parameters=[@__request_Id_0='?' (DbType = Guid)], CommandType='"Text"', CommandTimeout='30']
SELECT [c].[Id], [c].[Name], [c].[Code], [c].[StateId], [c].[RowVersion]
FROM [Cities] AS [c]
WHERE [c].[Id] = @__request_Id_0
[12:40:37 INF] (vicente.maria.vm17@gmail.com) Executing OkObjectResult, writing value of type 'AppProject.Models.EntityResponse`1[[AppProject.Core.Models.General.City, AppProject.Core.Models.General, Version=1.0.0.0, Culture=neutral, PublicKeyToken=null]]'.
[12:40:37 INF] (vicente.maria.vm17@gmail.com) Executing OkObjectResult, writing value of type 'AppProject.Models.SummariesResponse`1[[AppProject.Core.Models.General.StateSummary, AppProject.Core.Models, Version=1.0.0.0, Culture=neutral, PublicKeyToken=null]]'.
[12:40:37 INF] (vicente.maria.vm17@gmail.com) Executed action AppProject.Core.Controllers.General.CityController.GetAsync (AppProject.Core.Controllers.General) in 44.5752ms
[12:40:37 INF] (vicente.maria.vm17@gmail.com) Executed action AppProject.Core.Controllers.General.StateSummaryController.GetSummariesAsync (AppProject.Core.Controllers.General) in 57.2061ms
[12:40:37 INF] (vicente.maria.vm17@gmail.com) Executed endpoint 'AppProject.Core.Controllers.General.CityController.GetAsync (AppProject.Core.Controllers.General)'
[12:40:37 INF] (vicente.maria.vm17@gmail.com) Executed endpoint 'AppProject.Core.Controllers.General.StateSummaryController.GetSummariesAsync (AppProject.Core.Controllers.General)'
[12:40:37 INF] () Request finished HTTP/2 GET https://localhost:7121/api/general/City/Get?Id=7f3d42dc-4b9d-4a37-e4ed-08deca2bc236 - 200 null application/json; charset=utf-8 141.3021ms
[12:40:37 INF] () Request finished HTTP/2 GET https://localhost:7121/api/general/StateSummary/GetSummaries?Take=100 - 200 null application/json; charset=utf-8 307.2302ms
[12:40:37 INF] () Request starting HTTP/2 OPTIONS https://localhost:7121/api/general/City/GetNeighborhoods?ParentId=7f3d42dc-4b9d-4a37-e4ed-08deca2bc236 - null null
[12:40:37 INF] () CORS policy execution successful.
[12:40:37 INF] () Request finished HTTP/2 OPTIONS https://localhost:7121/api/general/City/GetNeighborhoods?ParentId=7f3d42dc-4b9d-4a37-e4ed-08deca2bc236 - 204 null null 6.4647ms
[12:40:37 INF] () Request starting HTTP/2 GET https://localhost:7121/api/general/City/GetNeighborhoods?ParentId=7f3d42dc-4b9d-4a37-e4ed-08deca2bc236 - null null
[12:40:37 INF] () CORS policy execution successful.
[12:40:37 INF] (vicente.maria.vm17@gmail.com) Executing endpoint 'AppProject.Core.Controllers.General.CityController.GetNeighborhoodsAsync (AppProject.Core.Controllers.General)'
[12:40:37 INF] (vicente.maria.vm17@gmail.com) Route matched with {action = "GetNeighborhoods", controller = "City"}. Executing controller action with signature System.Threading.Tasks.Task`1[Microsoft.AspNetCore.Mvc.IActionResult] GetNeighborhoodsAsync(AppProject.Models.GetByParentIdRequest`1[System.Guid], System.Threading.CancellationToken) on controller AppProject.Core.Controllers.General.CityController (AppProject.Core.Controllers.General).
[12:40:37 INF] (vicente.maria.vm17@gmail.com) Executed DbCommand (4ms) [Parameters=[@__request_ParentId_0='?' (DbType = Guid)], CommandType='"Text"', CommandTimeout='30']
SELECT [n].[Id], [n].[Name], [n].[Code], [n].[RowVersion]
FROM [Neighborhoods] AS [n]
WHERE [n].[CityId] = @__request_ParentId_0
[12:40:37 INF] (vicente.maria.vm17@gmail.com) Executing OkObjectResult, writing value of type 'AppProject.Models.EntitiesResponse`1[[AppProject.Core.Models.General.Neighborhood, AppProject.Core.Models.General, Version=1.0.0.0, Culture=neutral, PublicKeyToken=null]]'.
[12:40:37 INF] (vicente.maria.vm17@gmail.com) Executed action AppProject.Core.Controllers.General.CityController.GetNeighborhoodsAsync (AppProject.Core.Controllers.General) in 12.9972ms
[12:40:37 INF] (vicente.maria.vm17@gmail.com) Executed endpoint 'AppProject.Core.Controllers.General.CityController.GetNeighborhoodsAsync (AppProject.Core.Controllers.General)'
[12:40:37 INF] () Request finished HTTP/2 GET https://localhost:7121/api/general/City/GetNeighborhoods?ParentId=7f3d42dc-4b9d-4a37-e4ed-08deca2bc236 - 200 null application/json; charset=utf-8 32.9135ms
[12:40:38 INF] () Request starting HTTP/2 GET https://localhost:7121/api/general/StateSummary/GetSummaries?Take=100 - null null
[12:40:38 INF] () CORS policy execution successful.
[12:40:38 INF] (vicente.maria.vm17@gmail.com) Executing endpoint 'AppProject.Core.Controllers.General.StateSummaryController.GetSummariesAsync (AppProject.Core.Controllers.General)'
[12:40:38 INF] (vicente.maria.vm17@gmail.com) Route matched with {action = "GetSummaries", controller = "StateSummary"}. Executing controller action with signature System.Threading.Tasks.Task`1[Microsoft.AspNetCore.Mvc.IActionResult] GetSummariesAsync(AppProject.Core.Models.General.StateSummarySearchRequest, System.Threading.CancellationToken) on controller AppProject.Core.Controllers.General.StateSummaryController (AppProject.Core.Controllers.General).
[12:40:38 INF] (vicente.maria.vm17@gmail.com) Executed DbCommand (1ms) [Parameters=[@__p_0='?' (DbType = Int32)], CommandType='"Text"', CommandTimeout='30']
SELECT [s0].[Id], [s0].[Name], [c].[Name] AS [CountryName], [s0].[CountryId]
FROM (
    SELECT TOP(@__p_0) [s].[Id], [s].[CountryId], [s].[Name]
    FROM [States] AS [s]
    ORDER BY [s].[Name]
) AS [s0]
INNER JOIN [Countries] AS [c] ON [s0].[CountryId] = [c].[Id]
ORDER BY [s0].[Name]
[12:40:38 INF] (vicente.maria.vm17@gmail.com) Executing OkObjectResult, writing value of type 'AppProject.Models.SummariesResponse`1[[AppProject.Core.Models.General.StateSummary, AppProject.Core.Models, Version=1.0.0.0, Culture=neutral, PublicKeyToken=null]]'.
[12:40:38 INF] (vicente.maria.vm17@gmail.com) Executed action AppProject.Core.Controllers.General.StateSummaryController.GetSummariesAsync (AppProject.Core.Controllers.General) in 10.255ms
[12:40:38 INF] (vicente.maria.vm17@gmail.com) Executed endpoint 'AppProject.Core.Controllers.General.StateSummaryController.GetSummariesAsync (AppProject.Core.Controllers.General)'
[12:40:38 INF] () Request finished HTTP/2 GET https://localhost:7121/api/general/StateSummary/GetSummaries?Take=100 - 200 null application/json; charset=utf-8 31.4846ms
[12:42:41 INF] () Request starting HTTP/2 OPTIONS https://localhost:7121/api/general/StateSummary/GetSummaries?Take=100 - null null
[12:42:41 INF] () CORS policy execution successful.
[12:42:41 INF] () Request finished HTTP/2 OPTIONS https://localhost:7121/api/general/StateSummary/GetSummaries?Take=100 - 204 null null 9.9568ms
[12:42:41 INF] () Request starting HTTP/2 GET https://localhost:7121/api/general/StateSummary/GetSummaries?Take=100 - null null
[12:42:41 INF] () CORS policy execution successful.
[12:42:41 INF] () Request starting HTTP/2 OPTIONS https://localhost:7121/api/auth/Permission/GetCurrentUserPermissions - null null
[12:42:41 INF] () CORS policy execution successful.
[12:42:41 INF] () Request finished HTTP/2 OPTIONS https://localhost:7121/api/auth/Permission/GetCurrentUserPermissions - 204 null null 9.0345ms
[12:42:41 INF] (vicente.maria.vm17@gmail.com) Executing endpoint 'AppProject.Core.Controllers.General.StateSummaryController.GetSummariesAsync (AppProject.Core.Controllers.General)'
[12:42:41 INF] (vicente.maria.vm17@gmail.com) Route matched with {action = "GetSummaries", controller = "StateSummary"}. Executing controller action with signature System.Threading.Tasks.Task`1[Microsoft.AspNetCore.Mvc.IActionResult] GetSummariesAsync(AppProject.Core.Models.General.StateSummarySearchRequest, System.Threading.CancellationToken) on controller AppProject.Core.Controllers.General.StateSummaryController (AppProject.Core.Controllers.General).
[12:42:42 INF] () Request starting HTTP/2 GET https://localhost:7121/api/auth/Permission/GetCurrentUserPermissions - null null
[12:42:42 INF] () CORS policy execution successful.
[12:42:42 INF] (vicente.maria.vm17@gmail.com) Executing endpoint 'AppProject.Core.API.Controllers.Auth.PermissionController.GetCurrentUserPermissionsAsync (AppProject.Core.API)'
[12:42:42 INF] (vicente.maria.vm17@gmail.com) Route matched with {action = "GetCurrentUserPermissions", controller = "Permission"}. Executing controller action with signature System.Threading.Tasks.Task`1[Microsoft.AspNetCore.Mvc.IActionResult] GetCurrentUserPermissionsAsync(AppProject.Models.Auth.PermissionContext, System.Threading.CancellationToken) on controller AppProject.Core.API.Controllers.Auth.PermissionController (AppProject.Core.API).
[12:42:42 INF] (vicente.maria.vm17@gmail.com) Executing OkObjectResult, writing value of type 'AppProject.Models.Auth.PermissionType[]'.
[12:42:42 INF] (vicente.maria.vm17@gmail.com) Executed DbCommand (17ms) [Parameters=[@__p_0='?' (DbType = Int32)], CommandType='"Text"', CommandTimeout='30']
SELECT [s0].[Id], [s0].[Name], [c].[Name] AS [CountryName], [s0].[CountryId]
FROM (
    SELECT TOP(@__p_0) [s].[Id], [s].[CountryId], [s].[Name]
    FROM [States] AS [s]
    ORDER BY [s].[Name]
) AS [s0]
INNER JOIN [Countries] AS [c] ON [s0].[CountryId] = [c].[Id]
ORDER BY [s0].[Name]
[12:42:42 INF] (vicente.maria.vm17@gmail.com) Executed action AppProject.Core.API.Controllers.Auth.PermissionController.GetCurrentUserPermissionsAsync (AppProject.Core.API) in 5.8487ms
[12:42:42 INF] (vicente.maria.vm17@gmail.com) Executed endpoint 'AppProject.Core.API.Controllers.Auth.PermissionController.GetCurrentUserPermissionsAsync (AppProject.Core.API)'
[12:42:42 INF] (vicente.maria.vm17@gmail.com) Executing OkObjectResult, writing value of type 'AppProject.Models.SummariesResponse`1[[AppProject.Core.Models.General.StateSummary, AppProject.Core.Models, Version=1.0.0.0, Culture=neutral, PublicKeyToken=null]]'.
[12:42:42 INF] () Request finished HTTP/2 GET https://localhost:7121/api/auth/Permission/GetCurrentUserPermissions - 200 null application/json; charset=utf-8 78.1277ms
[12:42:42 INF] (vicente.maria.vm17@gmail.com) Executed action AppProject.Core.Controllers.General.StateSummaryController.GetSummariesAsync (AppProject.Core.Controllers.General) in 88.6928ms
[12:42:42 INF] (vicente.maria.vm17@gmail.com) Executed endpoint 'AppProject.Core.Controllers.General.StateSummaryController.GetSummariesAsync (AppProject.Core.Controllers.General)'
[12:42:42 INF] () Request finished HTTP/2 GET https://localhost:7121/api/general/StateSummary/GetSummaries?Take=100 - 200 null application/json; charset=utf-8 138.0899ms
[12:42:47 INF] () Request starting HTTP/2 OPTIONS https://localhost:7121/api/general/CitySummary/GetSummaries?Take=100 - null null
[12:42:47 INF] () CORS policy execution successful.
[12:42:47 INF] () Request finished HTTP/2 OPTIONS https://localhost:7121/api/general/CitySummary/GetSummaries?Take=100 - 204 null null 19.384ms
[12:42:47 INF] () Request starting HTTP/2 GET https://localhost:7121/api/general/CitySummary/GetSummaries?Take=100 - null null
[12:42:47 INF] () CORS policy execution successful.
[12:42:47 INF] (vicente.maria.vm17@gmail.com) Executing endpoint 'AppProject.Core.Controllers.General.CitySummaryController.GetSummariesAsync (AppProject.Core.Controllers.General)'
[12:42:47 INF] (vicente.maria.vm17@gmail.com) Route matched with {action = "GetSummaries", controller = "CitySummary"}. Executing controller action with signature System.Threading.Tasks.Task`1[Microsoft.AspNetCore.Mvc.IActionResult] GetSummariesAsync(AppProject.Core.Models.General.CitySummarySearchRequest, System.Threading.CancellationToken) on controller AppProject.Core.Controllers.General.CitySummaryController (AppProject.Core.Controllers.General).
[12:42:47 INF] (vicente.maria.vm17@gmail.com) Executed DbCommand (25ms) [Parameters=[@__p_0='?' (DbType = Int32)], CommandType='"Text"', CommandTimeout='30']
SELECT [c0].[Id], [c0].[Name], [s].[Name] AS [StateName], [c0].[StateId], [c1].[Name] AS [CountryName], [s].[CountryId]
FROM (
    SELECT TOP(@__p_0) [c].[Id], [c].[Name], [c].[StateId]
    FROM [Cities] AS [c]
    ORDER BY [c].[Name]
) AS [c0]
INNER JOIN [States] AS [s] ON [c0].[StateId] = [s].[Id]
INNER JOIN [Countries] AS [c1] ON [s].[CountryId] = [c1].[Id]
ORDER BY [c0].[Name]
[12:42:47 INF] (vicente.maria.vm17@gmail.com) Executing OkObjectResult, writing value of type 'AppProject.Models.SummariesResponse`1[[AppProject.Core.Models.General.CitySummary, AppProject.Core.Models, Version=1.0.0.0, Culture=neutral, PublicKeyToken=null]]'.
[12:42:47 INF] (vicente.maria.vm17@gmail.com) Executed action AppProject.Core.Controllers.General.CitySummaryController.GetSummariesAsync (AppProject.Core.Controllers.General) in 47.0419ms
[12:42:47 INF] (vicente.maria.vm17@gmail.com) Executed endpoint 'AppProject.Core.Controllers.General.CitySummaryController.GetSummariesAsync (AppProject.Core.Controllers.General)'
[12:42:47 INF] () Request finished HTTP/2 GET https://localhost:7121/api/general/CitySummary/GetSummaries?Take=100 - 200 null application/json; charset=utf-8 105.9772ms
[12:42:55 INF] () Request starting HTTP/2 OPTIONS https://localhost:7121/api/general/StateSummary/GetSummaries?Take=100 - null null
[12:42:55 INF] () CORS policy execution successful.
[12:42:55 INF] () Request finished HTTP/2 OPTIONS https://localhost:7121/api/general/StateSummary/GetSummaries?Take=100 - 204 null null 7.9719ms
[12:42:55 INF] () Request starting HTTP/2 GET https://localhost:7121/api/general/StateSummary/GetSummaries?Take=100 - null null
[12:42:55 INF] () CORS policy execution successful.
[12:42:55 INF] (vicente.maria.vm17@gmail.com) Executing endpoint 'AppProject.Core.Controllers.General.StateSummaryController.GetSummariesAsync (AppProject.Core.Controllers.General)'
[12:42:55 INF] (vicente.maria.vm17@gmail.com) Route matched with {action = "GetSummaries", controller = "StateSummary"}. Executing controller action with signature System.Threading.Tasks.Task`1[Microsoft.AspNetCore.Mvc.IActionResult] GetSummariesAsync(AppProject.Core.Models.General.StateSummarySearchRequest, System.Threading.CancellationToken) on controller AppProject.Core.Controllers.General.StateSummaryController (AppProject.Core.Controllers.General).
[12:42:55 INF] () Request starting HTTP/2 OPTIONS https://localhost:7121/api/general/City/Get?Id=7f3d42dc-4b9d-4a37-e4ed-08deca2bc236 - null null
[12:42:55 INF] (vicente.maria.vm17@gmail.com) Executed DbCommand (11ms) [Parameters=[@__p_0='?' (DbType = Int32)], CommandType='"Text"', CommandTimeout='30']
SELECT [s0].[Id], [s0].[Name], [c].[Name] AS [CountryName], [s0].[CountryId]
FROM (
    SELECT TOP(@__p_0) [s].[Id], [s].[CountryId], [s].[Name]
    FROM [States] AS [s]
    ORDER BY [s].[Name]
) AS [s0]
INNER JOIN [Countries] AS [c] ON [s0].[CountryId] = [c].[Id]
ORDER BY [s0].[Name]
[12:42:55 INF] () CORS policy execution successful.
[12:42:55 INF] () Request finished HTTP/2 OPTIONS https://localhost:7121/api/general/City/Get?Id=7f3d42dc-4b9d-4a37-e4ed-08deca2bc236 - 204 null null 42.5647ms
[12:42:55 INF] (vicente.maria.vm17@gmail.com) Executing OkObjectResult, writing value of type 'AppProject.Models.SummariesResponse`1[[AppProject.Core.Models.General.StateSummary, AppProject.Core.Models, Version=1.0.0.0, Culture=neutral, PublicKeyToken=null]]'.
[12:42:55 INF] (vicente.maria.vm17@gmail.com) Executed action AppProject.Core.Controllers.General.StateSummaryController.GetSummariesAsync (AppProject.Core.Controllers.General) in 96.3394ms
[12:42:55 INF] (vicente.maria.vm17@gmail.com) Executed endpoint 'AppProject.Core.Controllers.General.StateSummaryController.GetSummariesAsync (AppProject.Core.Controllers.General)'
[12:42:55 INF] () Request starting HTTP/2 GET https://localhost:7121/api/general/City/Get?Id=7f3d42dc-4b9d-4a37-e4ed-08deca2bc236 - null null
[12:42:55 INF] () Request finished HTTP/2 GET https://localhost:7121/api/general/StateSummary/GetSummaries?Take=100 - 200 null application/json; charset=utf-8 144.6063ms
[12:42:55 INF] () CORS policy execution successful.
[12:42:55 INF] (vicente.maria.vm17@gmail.com) Executing endpoint 'AppProject.Core.Controllers.General.CityController.GetAsync (AppProject.Core.Controllers.General)'
[12:42:55 INF] (vicente.maria.vm17@gmail.com) Route matched with {action = "Get", controller = "City"}. Executing controller action with signature System.Threading.Tasks.Task`1[Microsoft.AspNetCore.Mvc.IActionResult] GetAsync(AppProject.Models.GetByIdRequest`1[System.Guid], System.Threading.CancellationToken) on controller AppProject.Core.Controllers.General.CityController (AppProject.Core.Controllers.General).
[12:42:55 INF] (vicente.maria.vm17@gmail.com) Executed DbCommand (4ms) [Parameters=[@__request_Id_0='?' (DbType = Guid)], CommandType='"Text"', CommandTimeout='30']
SELECT [c].[Id], [c].[Name], [c].[Code], [c].[StateId], [c].[RowVersion]
FROM [Cities] AS [c]
WHERE [c].[Id] = @__request_Id_0
[12:42:55 INF] (vicente.maria.vm17@gmail.com) Executing OkObjectResult, writing value of type 'AppProject.Models.EntityResponse`1[[AppProject.Core.Models.General.City, AppProject.Core.Models.General, Version=1.0.0.0, Culture=neutral, PublicKeyToken=null]]'.
[12:42:55 INF] (vicente.maria.vm17@gmail.com) Executed action AppProject.Core.Controllers.General.CityController.GetAsync (AppProject.Core.Controllers.General) in 18.3816ms
[12:42:55 INF] (vicente.maria.vm17@gmail.com) Executed endpoint 'AppProject.Core.Controllers.General.CityController.GetAsync (AppProject.Core.Controllers.General)'
[12:42:55 INF] () Request finished HTTP/2 GET https://localhost:7121/api/general/City/Get?Id=7f3d42dc-4b9d-4a37-e4ed-08deca2bc236 - 200 null application/json; charset=utf-8 95.0671ms
[12:42:56 INF] () Request starting HTTP/2 OPTIONS https://localhost:7121/api/general/City/GetNeighborhoods?ParentId=7f3d42dc-4b9d-4a37-e4ed-08deca2bc236 - null null
[12:42:56 INF] () CORS policy execution successful.
[12:42:56 INF] () Request finished HTTP/2 OPTIONS https://localhost:7121/api/general/City/GetNeighborhoods?ParentId=7f3d42dc-4b9d-4a37-e4ed-08deca2bc236 - 204 null null 32.0228ms
[12:42:56 INF] () Request starting HTTP/2 GET https://localhost:7121/api/general/City/GetNeighborhoods?ParentId=7f3d42dc-4b9d-4a37-e4ed-08deca2bc236 - null null
[12:42:56 INF] () CORS policy execution successful.
[12:42:56 INF] (vicente.maria.vm17@gmail.com) Executing endpoint 'AppProject.Core.Controllers.General.CityController.GetNeighborhoodsAsync (AppProject.Core.Controllers.General)'
[12:42:56 INF] (vicente.maria.vm17@gmail.com) Route matched with {action = "GetNeighborhoods", controller = "City"}. Executing controller action with signature System.Threading.Tasks.Task`1[Microsoft.AspNetCore.Mvc.IActionResult] GetNeighborhoodsAsync(AppProject.Models.GetByParentIdRequest`1[System.Guid], System.Threading.CancellationToken) on controller AppProject.Core.Controllers.General.CityController (AppProject.Core.Controllers.General).
[12:42:56 INF] (vicente.maria.vm17@gmail.com) Executed DbCommand (6ms) [Parameters=[@__request_ParentId_0='?' (DbType = Guid)], CommandType='"Text"', CommandTimeout='30']
SELECT [n].[Id], [n].[Name], [n].[Code], [n].[RowVersion]
FROM [Neighborhoods] AS [n]
WHERE [n].[CityId] = @__request_ParentId_0
[12:42:56 INF] (vicente.maria.vm17@gmail.com) Executing OkObjectResult, writing value of type 'AppProject.Models.EntitiesResponse`1[[AppProject.Core.Models.General.Neighborhood, AppProject.Core.Models.General, Version=1.0.0.0, Culture=neutral, PublicKeyToken=null]]'.
[12:42:56 INF] (vicente.maria.vm17@gmail.com) Executed action AppProject.Core.Controllers.General.CityController.GetNeighborhoodsAsync (AppProject.Core.Controllers.General) in 18.2504ms
[12:42:56 INF] (vicente.maria.vm17@gmail.com) Executed endpoint 'AppProject.Core.Controllers.General.CityController.GetNeighborhoodsAsync (AppProject.Core.Controllers.General)'
[12:42:56 INF] () Request finished HTTP/2 GET https://localhost:7121/api/general/City/GetNeighborhoods?ParentId=7f3d42dc-4b9d-4a37-e4ed-08deca2bc236 - 200 null application/json; charset=utf-8 116.1194ms
[12:42:56 INF] () Request starting HTTP/2 GET https://localhost:7121/api/general/StateSummary/GetSummaries?Take=100 - null null
[12:42:56 INF] () CORS policy execution successful.
[12:42:56 INF] (vicente.maria.vm17@gmail.com) Executing endpoint 'AppProject.Core.Controllers.General.StateSummaryController.GetSummariesAsync (AppProject.Core.Controllers.General)'
[12:42:56 INF] (vicente.maria.vm17@gmail.com) Route matched with {action = "GetSummaries", controller = "StateSummary"}. Executing controller action with signature System.Threading.Tasks.Task`1[Microsoft.AspNetCore.Mvc.IActionResult] GetSummariesAsync(AppProject.Core.Models.General.StateSummarySearchRequest, System.Threading.CancellationToken) on controller AppProject.Core.Controllers.General.StateSummaryController (AppProject.Core.Controllers.General).
[12:42:56 INF] (vicente.maria.vm17@gmail.com) Executed DbCommand (1ms) [Parameters=[@__p_0='?' (DbType = Int32)], CommandType='"Text"', CommandTimeout='30']
SELECT [s0].[Id], [s0].[Name], [c].[Name] AS [CountryName], [s0].[CountryId]
FROM (
    SELECT TOP(@__p_0) [s].[Id], [s].[CountryId], [s].[Name]
    FROM [States] AS [s]
    ORDER BY [s].[Name]
) AS [s0]
INNER JOIN [Countries] AS [c] ON [s0].[CountryId] = [c].[Id]
ORDER BY [s0].[Name]
[12:42:56 INF] (vicente.maria.vm17@gmail.com) Executing OkObjectResult, writing value of type 'AppProject.Models.SummariesResponse`1[[AppProject.Core.Models.General.StateSummary, AppProject.Core.Models, Version=1.0.0.0, Culture=neutral, PublicKeyToken=null]]'.
[12:42:56 INF] (vicente.maria.vm17@gmail.com) Executed action AppProject.Core.Controllers.General.StateSummaryController.GetSummariesAsync (AppProject.Core.Controllers.General) in 9.8232ms
[12:42:56 INF] (vicente.maria.vm17@gmail.com) Executed endpoint 'AppProject.Core.Controllers.General.StateSummaryController.GetSummariesAsync (AppProject.Core.Controllers.General)'
[12:42:56 INF] () Request finished HTTP/2 GET https://localhost:7121/api/general/StateSummary/GetSummaries?Take=100 - 200 null application/json; charset=utf-8 30.4567ms
[12:43:15 INF] () Request starting HTTP/2 OPTIONS https://localhost:7121/api/general/CitySummary/GetSummaries?Take=100 - null null
[12:43:15 INF] () CORS policy execution successful.
[12:43:15 INF] () Request finished HTTP/2 OPTIONS https://localhost:7121/api/general/CitySummary/GetSummaries?Take=100 - 204 null null 9.1999ms
[12:43:15 INF] () Request starting HTTP/2 GET https://localhost:7121/api/general/CitySummary/GetSummaries?Take=100 - null null
[12:43:15 INF] () CORS policy execution successful.
[12:43:15 INF] (vicente.maria.vm17@gmail.com) Executing endpoint 'AppProject.Core.Controllers.General.CitySummaryController.GetSummariesAsync (AppProject.Core.Controllers.General)'
[12:43:15 INF] (vicente.maria.vm17@gmail.com) Route matched with {action = "GetSummaries", controller = "CitySummary"}. Executing controller action with signature System.Threading.Tasks.Task`1[Microsoft.AspNetCore.Mvc.IActionResult] GetSummariesAsync(AppProject.Core.Models.General.CitySummarySearchRequest, System.Threading.CancellationToken) on controller AppProject.Core.Controllers.General.CitySummaryController (AppProject.Core.Controllers.General).
[12:43:15 INF] (vicente.maria.vm17@gmail.com) Executed DbCommand (2ms) [Parameters=[@__p_0='?' (DbType = Int32)], CommandType='"Text"', CommandTimeout='30']
SELECT [c0].[Id], [c0].[Name], [s].[Name] AS [StateName], [c0].[StateId], [c1].[Name] AS [CountryName], [s].[CountryId]
FROM (
    SELECT TOP(@__p_0) [c].[Id], [c].[Name], [c].[StateId]
    FROM [Cities] AS [c]
    ORDER BY [c].[Name]
) AS [c0]
INNER JOIN [States] AS [s] ON [c0].[StateId] = [s].[Id]
INNER JOIN [Countries] AS [c1] ON [s].[CountryId] = [c1].[Id]
ORDER BY [c0].[Name]
[12:43:15 INF] (vicente.maria.vm17@gmail.com) Executing OkObjectResult, writing value of type 'AppProject.Models.SummariesResponse`1[[AppProject.Core.Models.General.CitySummary, AppProject.Core.Models, Version=1.0.0.0, Culture=neutral, PublicKeyToken=null]]'.
[12:43:15 INF] (vicente.maria.vm17@gmail.com) Executed action AppProject.Core.Controllers.General.CitySummaryController.GetSummariesAsync (AppProject.Core.Controllers.General) in 14.5781ms
[12:43:15 INF] (vicente.maria.vm17@gmail.com) Executed endpoint 'AppProject.Core.Controllers.General.CitySummaryController.GetSummariesAsync (AppProject.Core.Controllers.General)'
[12:43:15 INF] () Request finished HTTP/2 GET https://localhost:7121/api/general/CitySummary/GetSummaries?Take=100 - 200 null application/json; charset=utf-8 41.1879ms
[12:43:21 INF] () Request starting HTTP/2 OPTIONS https://localhost:7121/api/general/City/Get?Id=7f3d42dc-4b9d-4a37-e4ed-08deca2bc236 - null null
[12:43:21 INF] () CORS policy execution successful.
[12:43:21 INF] () Request finished HTTP/2 OPTIONS https://localhost:7121/api/general/City/Get?Id=7f3d42dc-4b9d-4a37-e4ed-08deca2bc236 - 204 null null 12.0851ms
[12:43:21 INF] () Request starting HTTP/2 GET https://localhost:7121/api/general/City/Get?Id=7f3d42dc-4b9d-4a37-e4ed-08deca2bc236 - null null
[12:43:21 INF] () CORS policy execution successful.
[12:43:21 INF] (vicente.maria.vm17@gmail.com) Executing endpoint 'AppProject.Core.Controllers.General.CityController.GetAsync (AppProject.Core.Controllers.General)'
[12:43:21 INF] (vicente.maria.vm17@gmail.com) Route matched with {action = "Get", controller = "City"}. Executing controller action with signature System.Threading.Tasks.Task`1[Microsoft.AspNetCore.Mvc.IActionResult] GetAsync(AppProject.Models.GetByIdRequest`1[System.Guid], System.Threading.CancellationToken) on controller AppProject.Core.Controllers.General.CityController (AppProject.Core.Controllers.General).
[12:43:21 INF] (vicente.maria.vm17@gmail.com) Executed DbCommand (1ms) [Parameters=[@__request_Id_0='?' (DbType = Guid)], CommandType='"Text"', CommandTimeout='30']
SELECT [c].[Id], [c].[Name], [c].[Code], [c].[StateId], [c].[RowVersion]
FROM [Cities] AS [c]
WHERE [c].[Id] = @__request_Id_0
[12:43:21 INF] (vicente.maria.vm17@gmail.com) Executing OkObjectResult, writing value of type 'AppProject.Models.EntityResponse`1[[AppProject.Core.Models.General.City, AppProject.Core.Models.General, Version=1.0.0.0, Culture=neutral, PublicKeyToken=null]]'.
[12:43:21 INF] (vicente.maria.vm17@gmail.com) Executed action AppProject.Core.Controllers.General.CityController.GetAsync (AppProject.Core.Controllers.General) in 17.183ms
[12:43:21 INF] (vicente.maria.vm17@gmail.com) Executed endpoint 'AppProject.Core.Controllers.General.CityController.GetAsync (AppProject.Core.Controllers.General)'
[12:43:21 INF] () Request finished HTTP/2 GET https://localhost:7121/api/general/City/Get?Id=7f3d42dc-4b9d-4a37-e4ed-08deca2bc236 - 200 null application/json; charset=utf-8 48.1008ms
[12:43:21 INF] () Request starting HTTP/2 OPTIONS https://localhost:7121/api/general/StateSummary/GetSummaries?Take=100 - null null
[12:43:21 INF] () CORS policy execution successful.
[12:43:21 INF] () Request finished HTTP/2 OPTIONS https://localhost:7121/api/general/StateSummary/GetSummaries?Take=100 - 204 null null 42.5556ms
[12:43:21 INF] () Request starting HTTP/2 GET https://localhost:7121/api/general/StateSummary/GetSummaries?Take=100 - null null
[12:43:21 INF] () CORS policy execution successful.
[12:43:21 INF] (vicente.maria.vm17@gmail.com) Executing endpoint 'AppProject.Core.Controllers.General.StateSummaryController.GetSummariesAsync (AppProject.Core.Controllers.General)'
[12:43:21 INF] (vicente.maria.vm17@gmail.com) Route matched with {action = "GetSummaries", controller = "StateSummary"}. Executing controller action with signature System.Threading.Tasks.Task`1[Microsoft.AspNetCore.Mvc.IActionResult] GetSummariesAsync(AppProject.Core.Models.General.StateSummarySearchRequest, System.Threading.CancellationToken) on controller AppProject.Core.Controllers.General.StateSummaryController (AppProject.Core.Controllers.General).
[12:43:21 INF] (vicente.maria.vm17@gmail.com) Executed DbCommand (2ms) [Parameters=[@__p_0='?' (DbType = Int32)], CommandType='"Text"', CommandTimeout='30']
SELECT [s0].[Id], [s0].[Name], [c].[Name] AS [CountryName], [s0].[CountryId]
FROM (
    SELECT TOP(@__p_0) [s].[Id], [s].[CountryId], [s].[Name]
    FROM [States] AS [s]
    ORDER BY [s].[Name]
) AS [s0]
INNER JOIN [Countries] AS [c] ON [s0].[CountryId] = [c].[Id]
ORDER BY [s0].[Name]
[12:43:21 INF] (vicente.maria.vm17@gmail.com) Executing OkObjectResult, writing value of type 'AppProject.Models.SummariesResponse`1[[AppProject.Core.Models.General.StateSummary, AppProject.Core.Models, Version=1.0.0.0, Culture=neutral, PublicKeyToken=null]]'.
[12:43:22 INF] (vicente.maria.vm17@gmail.com) Executed action AppProject.Core.Controllers.General.StateSummaryController.GetSummariesAsync (AppProject.Core.Controllers.General) in 18.885ms
[12:43:22 INF] (vicente.maria.vm17@gmail.com) Executed endpoint 'AppProject.Core.Controllers.General.StateSummaryController.GetSummariesAsync (AppProject.Core.Controllers.General)'
[12:43:22 INF] () Request finished HTTP/2 GET https://localhost:7121/api/general/StateSummary/GetSummaries?Take=100 - 200 null application/json; charset=utf-8 84.5304ms
[12:43:22 INF] () Request starting HTTP/2 OPTIONS https://localhost:7121/api/general/City/GetNeighborhoods?ParentId=7f3d42dc-4b9d-4a37-e4ed-08deca2bc236 - null null
[12:43:22 INF] () CORS policy execution successful.
[12:43:22 INF] () Request finished HTTP/2 OPTIONS https://localhost:7121/api/general/City/GetNeighborhoods?ParentId=7f3d42dc-4b9d-4a37-e4ed-08deca2bc236 - 204 null null 15.1727ms
[12:43:22 INF] () Request starting HTTP/2 GET https://localhost:7121/api/general/City/GetNeighborhoods?ParentId=7f3d42dc-4b9d-4a37-e4ed-08deca2bc236 - null null
[12:43:22 INF] () CORS policy execution successful.
[12:43:22 INF] (vicente.maria.vm17@gmail.com) Executing endpoint 'AppProject.Core.Controllers.General.CityController.GetNeighborhoodsAsync (AppProject.Core.Controllers.General)'
[12:43:22 INF] (vicente.maria.vm17@gmail.com) Route matched with {action = "GetNeighborhoods", controller = "City"}. Executing controller action with signature System.Threading.Tasks.Task`1[Microsoft.AspNetCore.Mvc.IActionResult] GetNeighborhoodsAsync(AppProject.Models.GetByParentIdRequest`1[System.Guid], System.Threading.CancellationToken) on controller AppProject.Core.Controllers.General.CityController (AppProject.Core.Controllers.General).
[12:43:22 INF] (vicente.maria.vm17@gmail.com) Executed DbCommand (2ms) [Parameters=[@__request_ParentId_0='?' (DbType = Guid)], CommandType='"Text"', CommandTimeout='30']
SELECT [n].[Id], [n].[Name], [n].[Code], [n].[RowVersion]
FROM [Neighborhoods] AS [n]
WHERE [n].[CityId] = @__request_ParentId_0
[12:43:22 INF] (vicente.maria.vm17@gmail.com) Executing OkObjectResult, writing value of type 'AppProject.Models.EntitiesResponse`1[[AppProject.Core.Models.General.Neighborhood, AppProject.Core.Models.General, Version=1.0.0.0, Culture=neutral, PublicKeyToken=null]]'.
[12:43:22 INF] (vicente.maria.vm17@gmail.com) Executed action AppProject.Core.Controllers.General.CityController.GetNeighborhoodsAsync (AppProject.Core.Controllers.General) in 12.4141ms
[12:43:22 INF] (vicente.maria.vm17@gmail.com) Executed endpoint 'AppProject.Core.Controllers.General.CityController.GetNeighborhoodsAsync (AppProject.Core.Controllers.General)'
[12:43:22 INF] () Request finished HTTP/2 GET https://localhost:7121/api/general/City/GetNeighborhoods?ParentId=7f3d42dc-4b9d-4a37-e4ed-08deca2bc236 - 200 null application/json; charset=utf-8 67.9207ms
[12:43:22 INF] () Request starting HTTP/2 GET https://localhost:7121/api/general/StateSummary/GetSummaries?Take=100 - null null
[12:43:22 INF] () CORS policy execution successful.
[12:43:22 INF] (vicente.maria.vm17@gmail.com) Executing endpoint 'AppProject.Core.Controllers.General.StateSummaryController.GetSummariesAsync (AppProject.Core.Controllers.General)'
[12:43:22 INF] (vicente.maria.vm17@gmail.com) Route matched with {action = "GetSummaries", controller = "StateSummary"}. Executing controller action with signature System.Threading.Tasks.Task`1[Microsoft.AspNetCore.Mvc.IActionResult] GetSummariesAsync(AppProject.Core.Models.General.StateSummarySearchRequest, System.Threading.CancellationToken) on controller AppProject.Core.Controllers.General.StateSummaryController (AppProject.Core.Controllers.General).
[12:43:22 INF] (vicente.maria.vm17@gmail.com) Executed DbCommand (1ms) [Parameters=[@__p_0='?' (DbType = Int32)], CommandType='"Text"', CommandTimeout='30']
SELECT [s0].[Id], [s0].[Name], [c].[Name] AS [CountryName], [s0].[CountryId]
FROM (
    SELECT TOP(@__p_0) [s].[Id], [s].[CountryId], [s].[Name]
    FROM [States] AS [s]
    ORDER BY [s].[Name]
) AS [s0]
INNER JOIN [Countries] AS [c] ON [s0].[CountryId] = [c].[Id]
ORDER BY [s0].[Name]
[12:43:22 INF] (vicente.maria.vm17@gmail.com) Executing OkObjectResult, writing value of type 'AppProject.Models.SummariesResponse`1[[AppProject.Core.Models.General.StateSummary, AppProject.Core.Models, Version=1.0.0.0, Culture=neutral, PublicKeyToken=null]]'.
[12:43:22 INF] (vicente.maria.vm17@gmail.com) Executed action AppProject.Core.Controllers.General.StateSummaryController.GetSummariesAsync (AppProject.Core.Controllers.General) in 12.1501ms
[12:43:22 INF] (vicente.maria.vm17@gmail.com) Executed endpoint 'AppProject.Core.Controllers.General.StateSummaryController.GetSummariesAsync (AppProject.Core.Controllers.General)'
[12:43:22 INF] () Request finished HTTP/2 GET https://localhost:7121/api/general/StateSummary/GetSummaries?Take=100 - 200 null application/json; charset=utf-8 59.1427ms
[15:27:59 INF] () Request starting HTTP/2 OPTIONS https://localhost:7121/api/general/CitySummary/GetSummaries?Take=100 - null null
[15:27:59 INF] () CORS policy execution successful.
[15:27:59 INF] () Request finished HTTP/2 OPTIONS https://localhost:7121/api/general/CitySummary/GetSummaries?Take=100 - 204 null null 6.1355ms
[15:27:59 INF] () Request starting HTTP/2 GET https://localhost:7121/api/general/CitySummary/GetSummaries?Take=100 - null null
[15:27:59 INF] () CORS policy execution successful.
[15:27:59 INF] (vicente.maria.vm17@gmail.com) Executing endpoint 'AppProject.Core.Controllers.General.CitySummaryController.GetSummariesAsync (AppProject.Core.Controllers.General)'
[15:27:59 INF] (vicente.maria.vm17@gmail.com) Route matched with {action = "GetSummaries", controller = "CitySummary"}. Executing controller action with signature System.Threading.Tasks.Task`1[Microsoft.AspNetCore.Mvc.IActionResult] GetSummariesAsync(AppProject.Core.Models.General.CitySummarySearchRequest, System.Threading.CancellationToken) on controller AppProject.Core.Controllers.General.CitySummaryController (AppProject.Core.Controllers.General).
[15:27:59 INF] (vicente.maria.vm17@gmail.com) Executed DbCommand (7ms) [Parameters=[@__p_0='?' (DbType = Int32)], CommandType='"Text"', CommandTimeout='30']
SELECT [c0].[Id], [c0].[Name], [s].[Name] AS [StateName], [c0].[StateId], [c1].[Name] AS [CountryName], [s].[CountryId]
FROM (
    SELECT TOP(@__p_0) [c].[Id], [c].[Name], [c].[StateId]
    FROM [Cities] AS [c]
    ORDER BY [c].[Name]
) AS [c0]
INNER JOIN [States] AS [s] ON [c0].[StateId] = [s].[Id]
INNER JOIN [Countries] AS [c1] ON [s].[CountryId] = [c1].[Id]
ORDER BY [c0].[Name]
[15:27:59 INF] (vicente.maria.vm17@gmail.com) Executing OkObjectResult, writing value of type 'AppProject.Models.SummariesResponse`1[[AppProject.Core.Models.General.CitySummary, AppProject.Core.Models, Version=1.0.0.0, Culture=neutral, PublicKeyToken=null]]'.
[15:27:59 INF] (vicente.maria.vm17@gmail.com) Executed action AppProject.Core.Controllers.General.CitySummaryController.GetSummariesAsync (AppProject.Core.Controllers.General) in 15.0443ms
[15:27:59 INF] (vicente.maria.vm17@gmail.com) Executed endpoint 'AppProject.Core.Controllers.General.CitySummaryController.GetSummariesAsync (AppProject.Core.Controllers.General)'
[15:27:59 INF] () Request finished HTTP/2 GET https://localhost:7121/api/general/CitySummary/GetSummaries?Take=100 - 200 null application/json; charset=utf-8 51.3232ms
[15:28:03 INF] () Request starting HTTP/2 OPTIONS https://localhost:7121/api/general/City/Get?Id=7f3d42dc-4b9d-4a37-e4ed-08deca2bc236 - null null
[15:28:03 INF] () CORS policy execution successful.
[15:28:03 INF] () Request finished HTTP/2 OPTIONS https://localhost:7121/api/general/City/Get?Id=7f3d42dc-4b9d-4a37-e4ed-08deca2bc236 - 204 null null 3.1053ms
[15:28:03 INF] () Request starting HTTP/2 OPTIONS https://localhost:7121/api/general/StateSummary/GetSummaries?Take=100 - null null
[15:28:03 INF] () CORS policy execution successful.
[15:28:03 INF] () Request finished HTTP/2 OPTIONS https://localhost:7121/api/general/StateSummary/GetSummaries?Take=100 - 204 null null 3.1201ms
[15:28:03 INF] () Request starting HTTP/2 GET https://localhost:7121/api/general/City/Get?Id=7f3d42dc-4b9d-4a37-e4ed-08deca2bc236 - null null
[15:28:03 INF] () Request starting HTTP/2 GET https://localhost:7121/api/general/StateSummary/GetSummaries?Take=100 - null null
[15:28:03 INF] () CORS policy execution successful.
[15:28:03 INF] () CORS policy execution successful.
[15:28:03 INF] (vicente.maria.vm17@gmail.com) Executing endpoint 'AppProject.Core.Controllers.General.StateSummaryController.GetSummariesAsync (AppProject.Core.Controllers.General)'
[15:28:03 INF] (vicente.maria.vm17@gmail.com) Executing endpoint 'AppProject.Core.Controllers.General.CityController.GetAsync (AppProject.Core.Controllers.General)'
[15:28:03 INF] (vicente.maria.vm17@gmail.com) Route matched with {action = "GetSummaries", controller = "StateSummary"}. Executing controller action with signature System.Threading.Tasks.Task`1[Microsoft.AspNetCore.Mvc.IActionResult] GetSummariesAsync(AppProject.Core.Models.General.StateSummarySearchRequest, System.Threading.CancellationToken) on controller AppProject.Core.Controllers.General.StateSummaryController (AppProject.Core.Controllers.General).
[15:28:03 INF] (vicente.maria.vm17@gmail.com) Route matched with {action = "Get", controller = "City"}. Executing controller action with signature System.Threading.Tasks.Task`1[Microsoft.AspNetCore.Mvc.IActionResult] GetAsync(AppProject.Models.GetByIdRequest`1[System.Guid], System.Threading.CancellationToken) on controller AppProject.Core.Controllers.General.CityController (AppProject.Core.Controllers.General).
[15:28:03 INF] (vicente.maria.vm17@gmail.com) Executed DbCommand (7ms) [Parameters=[@__p_0='?' (DbType = Int32)], CommandType='"Text"', CommandTimeout='30']
SELECT [s0].[Id], [s0].[Name], [c].[Name] AS [CountryName], [s0].[CountryId]
FROM (
    SELECT TOP(@__p_0) [s].[Id], [s].[CountryId], [s].[Name]
    FROM [States] AS [s]
    ORDER BY [s].[Name]
) AS [s0]
INNER JOIN [Countries] AS [c] ON [s0].[CountryId] = [c].[Id]
ORDER BY [s0].[Name]
[15:28:03 INF] (vicente.maria.vm17@gmail.com) Executing OkObjectResult, writing value of type 'AppProject.Models.SummariesResponse`1[[AppProject.Core.Models.General.StateSummary, AppProject.Core.Models, Version=1.0.0.0, Culture=neutral, PublicKeyToken=null]]'.
[15:28:03 INF] (vicente.maria.vm17@gmail.com) Executed action AppProject.Core.Controllers.General.StateSummaryController.GetSummariesAsync (AppProject.Core.Controllers.General) in 13.1701ms
[15:28:03 INF] (vicente.maria.vm17@gmail.com) Executed endpoint 'AppProject.Core.Controllers.General.StateSummaryController.GetSummariesAsync (AppProject.Core.Controllers.General)'
[15:28:03 INF] () Executed DbCommand (7ms) [Parameters=[], CommandType='"Text"', CommandTimeout='30']
SELECT TOP(1) [u].[Id], [u].[CreatedAt], [u].[CreatedByUserId], [u].[CreatedByUserName], [u].[Email], [u].[IsSystemAdmin], [u].[Name], [u].[RowVersion], [u].[UpdatedAt], [u].[UpdatedByUserId], [u].[UpdatedByUserName]
FROM [Users] AS [u]
WHERE [u].[IsSystemAdmin] = CAST(1 AS bit)
[15:28:03 INF] () Request finished HTTP/2 GET https://localhost:7121/api/general/StateSummary/GetSummaries?Take=100 - 200 null application/json; charset=utf-8 28.5097ms
[15:28:03 INF] (vicente.maria.vm17@gmail.com) Executed DbCommand (2ms) [Parameters=[@__request_Id_0='?' (DbType = Guid)], CommandType='"Text"', CommandTimeout='30']
SELECT [c].[Id], [c].[Name], [c].[Code], [c].[StateId], [c].[RowVersion]
FROM [Cities] AS [c]
WHERE [c].[Id] = @__request_Id_0
[15:28:03 INF] (vicente.maria.vm17@gmail.com) Executing OkObjectResult, writing value of type 'AppProject.Models.EntityResponse`1[[AppProject.Core.Models.General.City, AppProject.Core.Models.General, Version=1.0.0.0, Culture=neutral, PublicKeyToken=null]]'.
[15:28:03 INF] (vicente.maria.vm17@gmail.com) Executed action AppProject.Core.Controllers.General.CityController.GetAsync (AppProject.Core.Controllers.General) in 29.5998ms
[15:28:03 INF] (vicente.maria.vm17@gmail.com) Executed endpoint 'AppProject.Core.Controllers.General.CityController.GetAsync (AppProject.Core.Controllers.General)'
[15:28:03 INF] () Request finished HTTP/2 GET https://localhost:7121/api/general/City/Get?Id=7f3d42dc-4b9d-4a37-e4ed-08deca2bc236 - 200 null application/json; charset=utf-8 115.4868ms
[15:28:04 INF] () Request starting HTTP/2 OPTIONS https://localhost:7121/api/general/City/GetNeighborhoods?ParentId=7f3d42dc-4b9d-4a37-e4ed-08deca2bc236 - null null
[15:28:04 INF] () CORS policy execution successful.
[15:28:04 INF] () Request finished HTTP/2 OPTIONS https://localhost:7121/api/general/City/GetNeighborhoods?ParentId=7f3d42dc-4b9d-4a37-e4ed-08deca2bc236 - 204 null null 3.4375ms
[15:28:04 INF] () Request starting HTTP/2 GET https://localhost:7121/api/general/City/GetNeighborhoods?ParentId=7f3d42dc-4b9d-4a37-e4ed-08deca2bc236 - null null
[15:28:04 INF] () CORS policy execution successful.
[15:28:04 INF] (vicente.maria.vm17@gmail.com) Executing endpoint 'AppProject.Core.Controllers.General.CityController.GetNeighborhoodsAsync (AppProject.Core.Controllers.General)'
[15:28:04 INF] (vicente.maria.vm17@gmail.com) Route matched with {action = "GetNeighborhoods", controller = "City"}. Executing controller action with signature System.Threading.Tasks.Task`1[Microsoft.AspNetCore.Mvc.IActionResult] GetNeighborhoodsAsync(AppProject.Models.GetByParentIdRequest`1[System.Guid], System.Threading.CancellationToken) on controller AppProject.Core.Controllers.General.CityController (AppProject.Core.Controllers.General).
[15:28:04 INF] (vicente.maria.vm17@gmail.com) Executed DbCommand (5ms) [Parameters=[@__request_ParentId_0='?' (DbType = Guid)], CommandType='"Text"', CommandTimeout='30']
SELECT [n].[Id], [n].[Name], [n].[Code], [n].[RowVersion]
FROM [Neighborhoods] AS [n]
WHERE [n].[CityId] = @__request_ParentId_0
[15:28:04 INF] (vicente.maria.vm17@gmail.com) Executing OkObjectResult, writing value of type 'AppProject.Models.EntitiesResponse`1[[AppProject.Core.Models.General.Neighborhood, AppProject.Core.Models.General, Version=1.0.0.0, Culture=neutral, PublicKeyToken=null]]'.
[15:28:04 INF] (vicente.maria.vm17@gmail.com) Executed action AppProject.Core.Controllers.General.CityController.GetNeighborhoodsAsync (AppProject.Core.Controllers.General) in 8.7082ms
[15:28:04 INF] (vicente.maria.vm17@gmail.com) Executed endpoint 'AppProject.Core.Controllers.General.CityController.GetNeighborhoodsAsync (AppProject.Core.Controllers.General)'
[15:28:04 INF] () Request finished HTTP/2 GET https://localhost:7121/api/general/City/GetNeighborhoods?ParentId=7f3d42dc-4b9d-4a37-e4ed-08deca2bc236 - 200 null application/json; charset=utf-8 17.4098ms
[15:28:04 INF] () Request starting HTTP/2 GET https://localhost:7121/api/general/StateSummary/GetSummaries?Take=100 - null null
[15:28:04 INF] () CORS policy execution successful.
[15:28:04 INF] (vicente.maria.vm17@gmail.com) Executing endpoint 'AppProject.Core.Controllers.General.StateSummaryController.GetSummariesAsync (AppProject.Core.Controllers.General)'
[15:28:04 INF] (vicente.maria.vm17@gmail.com) Route matched with {action = "GetSummaries", controller = "StateSummary"}. Executing controller action with signature System.Threading.Tasks.Task`1[Microsoft.AspNetCore.Mvc.IActionResult] GetSummariesAsync(AppProject.Core.Models.General.StateSummarySearchRequest, System.Threading.CancellationToken) on controller AppProject.Core.Controllers.General.StateSummaryController (AppProject.Core.Controllers.General).
[15:28:04 INF] (vicente.maria.vm17@gmail.com) Executed DbCommand (1ms) [Parameters=[@__p_0='?' (DbType = Int32)], CommandType='"Text"', CommandTimeout='30']
SELECT [s0].[Id], [s0].[Name], [c].[Name] AS [CountryName], [s0].[CountryId]
FROM (
    SELECT TOP(@__p_0) [s].[Id], [s].[CountryId], [s].[Name]
    FROM [States] AS [s]
    ORDER BY [s].[Name]
) AS [s0]
INNER JOIN [Countries] AS [c] ON [s0].[CountryId] = [c].[Id]
ORDER BY [s0].[Name]
[15:28:04 INF] (vicente.maria.vm17@gmail.com) Executing OkObjectResult, writing value of type 'AppProject.Models.SummariesResponse`1[[AppProject.Core.Models.General.StateSummary, AppProject.Core.Models, Version=1.0.0.0, Culture=neutral, PublicKeyToken=null]]'.
[15:28:04 INF] (vicente.maria.vm17@gmail.com) Executed action AppProject.Core.Controllers.General.StateSummaryController.GetSummariesAsync (AppProject.Core.Controllers.General) in 4.9518ms
[15:28:04 INF] (vicente.maria.vm17@gmail.com) Executed endpoint 'AppProject.Core.Controllers.General.StateSummaryController.GetSummariesAsync (AppProject.Core.Controllers.General)'
[15:28:04 INF] () Request finished HTTP/2 GET https://localhost:7121/api/general/StateSummary/GetSummaries?Take=100 - 200 null application/json; charset=utf-8 15.1855ms
[15:31:19 INF] () Request starting HTTP/2 OPTIONS https://localhost:7121/api/general/City/Put - null null
[15:31:19 INF] () CORS policy execution successful.
[15:31:19 INF] () Request finished HTTP/2 OPTIONS https://localhost:7121/api/general/City/Put - 204 null null 3.1389ms
[15:31:19 INF] () Request starting HTTP/2 PUT https://localhost:7121/api/general/City/Put - application/json; charset=utf-8 443
[15:31:19 INF] () CORS policy execution successful.
[15:31:19 INF] (vicente.maria.vm17@gmail.com) Executing endpoint 'AppProject.Core.Controllers.General.CityController.PutAsync (AppProject.Core.Controllers.General)'
[15:31:19 INF] (vicente.maria.vm17@gmail.com) Route matched with {action = "Put", controller = "City"}. Executing controller action with signature System.Threading.Tasks.Task`1[Microsoft.AspNetCore.Mvc.IActionResult] PutAsync(AppProject.Models.CreateOrUpdateRequest`1[AppProject.Core.Models.General.City], System.Threading.CancellationToken) on controller AppProject.Core.Controllers.General.CityController (AppProject.Core.Controllers.General).
[15:31:46 INF] (vicente.maria.vm17@gmail.com) Executed action AppProject.Core.Controllers.General.CityController.PutAsync (AppProject.Core.Controllers.General) in 27629.578ms
[15:31:46 INF] (vicente.maria.vm17@gmail.com) Executed endpoint 'AppProject.Core.Controllers.General.CityController.PutAsync (AppProject.Core.Controllers.General)'
[15:31:46 ERR] () AppProject.Exceptions.AppException: Exception of type 'AppProject.Exceptions.AppException' was thrown.
   at AppProject.Core.API.Bootstraps.Bootstrap.<>c.<ConfigureValidations>b__7_0(ActionContext context) in C:\Course\dotnet-template\AppProject.Core.API\Bootstraps\Bootstrap.cs:line 239
   at Microsoft.AspNetCore.Mvc.Infrastructure.ModelStateInvalidFilter.OnActionExecuting(ActionExecutingContext context)
   at Microsoft.AspNetCore.Mvc.Infrastructure.ControllerActionInvoker.Next(State& next, Scope& scope, Object& state, Boolean& isCompleted)
   at Microsoft.AspNetCore.Mvc.Infrastructure.ControllerActionInvoker.InvokeNextActionFilterAsync()
--- End of stack trace from previous location ---
   at Microsoft.AspNetCore.Mvc.Infrastructure.ControllerActionInvoker.Rethrow(ActionExecutedContextSealed context)
   at Microsoft.AspNetCore.Mvc.Infrastructure.ControllerActionInvoker.Next(State& next, Scope& scope, Object& state, Boolean& isCompleted)
   at Microsoft.AspNetCore.Mvc.Infrastructure.ControllerActionInvoker.InvokeInnerFilterAsync()
--- End of stack trace from previous location ---
   at Microsoft.AspNetCore.Mvc.Infrastructure.ResourceInvoker.<InvokeFilterPipelineAsync>g__Awaited|20_0(ResourceInvoker invoker, Task lastTask, State next, Scope scope, Object state, Boolean isCompleted)
   at Microsoft.AspNetCore.Mvc.Infrastructure.ResourceInvoker.<InvokeAsync>g__Logged|17_1(ResourceInvoker invoker)
   at Microsoft.AspNetCore.Mvc.Infrastructure.ResourceInvoker.<InvokeAsync>g__Logged|17_1(ResourceInvoker invoker)
   at Microsoft.AspNetCore.Routing.EndpointMiddleware.<Invoke>g__AwaitRequestTask|7_0(Endpoint endpoint, Task requestTask, ILogger logger)
   at AppProject.Core.API.Middlewares.SerilogUserEnricherMiddleware.Invoke(HttpContext context) in C:\Course\dotnet-template\AppProject.Core.API\Middlewares\SerilogUserEnricherMiddleware.cs:line 17
   at Microsoft.AspNetCore.Authorization.AuthorizationMiddleware.Invoke(HttpContext context)
   at Microsoft.AspNetCore.Authentication.AuthenticationMiddleware.Invoke(HttpContext context)
   at Microsoft.AspNetCore.RateLimiting.RateLimitingMiddleware.InvokeInternal(HttpContext context, EnableRateLimitingAttribute enableRateLimitingAttribute)
   at AppProject.Core.API.Middlewares.ExceptionMiddleware.InvokeAsync(HttpContext context) in C:\Course\dotnet-template\AppProject.Core.API\Middlewares\ExceptionMiddleware.cs:line 23
[15:31:46 INF] () Request finished HTTP/2 PUT https://localhost:7121/api/general/City/Put - 400 null application/json 27811.8909ms
[15:31:53 INF] () Request starting HTTP/2 OPTIONS https://localhost:7121/api/general/CitySummary/GetSummaries?Take=100 - null null
[15:31:53 INF] () CORS policy execution successful.
[15:31:53 INF] () Request finished HTTP/2 OPTIONS https://localhost:7121/api/general/CitySummary/GetSummaries?Take=100 - 204 null null 4.6556ms
[15:31:53 INF] () Request starting HTTP/2 GET https://localhost:7121/api/general/CitySummary/GetSummaries?Take=100 - null null
[15:31:53 INF] () CORS policy execution successful.
[15:31:53 INF] (vicente.maria.vm17@gmail.com) Executing endpoint 'AppProject.Core.Controllers.General.CitySummaryController.GetSummariesAsync (AppProject.Core.Controllers.General)'
[15:31:53 INF] (vicente.maria.vm17@gmail.com) Route matched with {action = "GetSummaries", controller = "CitySummary"}. Executing controller action with signature System.Threading.Tasks.Task`1[Microsoft.AspNetCore.Mvc.IActionResult] GetSummariesAsync(AppProject.Core.Models.General.CitySummarySearchRequest, System.Threading.CancellationToken) on controller AppProject.Core.Controllers.General.CitySummaryController (AppProject.Core.Controllers.General).
[15:31:53 INF] (vicente.maria.vm17@gmail.com) Executed DbCommand (7ms) [Parameters=[@__p_0='?' (DbType = Int32)], CommandType='"Text"', CommandTimeout='30']
SELECT [c0].[Id], [c0].[Name], [s].[Name] AS [StateName], [c0].[StateId], [c1].[Name] AS [CountryName], [s].[CountryId]
FROM (
    SELECT TOP(@__p_0) [c].[Id], [c].[Name], [c].[StateId]
    FROM [Cities] AS [c]
    ORDER BY [c].[Name]
) AS [c0]
INNER JOIN [States] AS [s] ON [c0].[StateId] = [s].[Id]
INNER JOIN [Countries] AS [c1] ON [s].[CountryId] = [c1].[Id]
ORDER BY [c0].[Name]
[15:31:53 INF] (vicente.maria.vm17@gmail.com) Executing OkObjectResult, writing value of type 'AppProject.Models.SummariesResponse`1[[AppProject.Core.Models.General.CitySummary, AppProject.Core.Models, Version=1.0.0.0, Culture=neutral, PublicKeyToken=null]]'.
[15:31:53 INF] (vicente.maria.vm17@gmail.com) Executed action AppProject.Core.Controllers.General.CitySummaryController.GetSummariesAsync (AppProject.Core.Controllers.General) in 15.3294ms
[15:31:53 INF] (vicente.maria.vm17@gmail.com) Executed endpoint 'AppProject.Core.Controllers.General.CitySummaryController.GetSummariesAsync (AppProject.Core.Controllers.General)'
[15:31:53 INF] () Request finished HTTP/2 GET https://localhost:7121/api/general/CitySummary/GetSummaries?Take=100 - 200 null application/json; charset=utf-8 31.0474ms
[15:31:58 INF] () Request starting HTTP/2 OPTIONS https://localhost:7121/api/general/City/Get?Id=7f3d42dc-4b9d-4a37-e4ed-08deca2bc236 - null null
[15:31:58 INF] () CORS policy execution successful.
[15:31:58 INF] () Request finished HTTP/2 OPTIONS https://localhost:7121/api/general/City/Get?Id=7f3d42dc-4b9d-4a37-e4ed-08deca2bc236 - 204 null null 5.998ms
[15:31:58 INF] () Request starting HTTP/2 OPTIONS https://localhost:7121/api/general/StateSummary/GetSummaries?Take=100 - null null
[15:31:58 INF] () CORS policy execution successful.
[15:31:58 INF] () Request finished HTTP/2 OPTIONS https://localhost:7121/api/general/StateSummary/GetSummaries?Take=100 - 204 null null 7.767ms
[15:31:58 INF] () Request starting HTTP/2 GET https://localhost:7121/api/general/City/Get?Id=7f3d42dc-4b9d-4a37-e4ed-08deca2bc236 - null null
[15:31:58 INF] () CORS policy execution successful.
[15:31:58 INF] (vicente.maria.vm17@gmail.com) Executing endpoint 'AppProject.Core.Controllers.General.CityController.GetAsync (AppProject.Core.Controllers.General)'
[15:31:58 INF] (vicente.maria.vm17@gmail.com) Route matched with {action = "Get", controller = "City"}. Executing controller action with signature System.Threading.Tasks.Task`1[Microsoft.AspNetCore.Mvc.IActionResult] GetAsync(AppProject.Models.GetByIdRequest`1[System.Guid], System.Threading.CancellationToken) on controller AppProject.Core.Controllers.General.CityController (AppProject.Core.Controllers.General).
[15:31:58 INF] () Request starting HTTP/2 GET https://localhost:7121/api/general/StateSummary/GetSummaries?Take=100 - null null
[15:31:58 INF] () CORS policy execution successful.
[15:31:58 INF] (vicente.maria.vm17@gmail.com) Executing endpoint 'AppProject.Core.Controllers.General.StateSummaryController.GetSummariesAsync (AppProject.Core.Controllers.General)'
[15:31:58 INF] (vicente.maria.vm17@gmail.com) Route matched with {action = "GetSummaries", controller = "StateSummary"}. Executing controller action with signature System.Threading.Tasks.Task`1[Microsoft.AspNetCore.Mvc.IActionResult] GetSummariesAsync(AppProject.Core.Models.General.StateSummarySearchRequest, System.Threading.CancellationToken) on controller AppProject.Core.Controllers.General.StateSummaryController (AppProject.Core.Controllers.General).
[15:31:58 INF] (vicente.maria.vm17@gmail.com) Executed DbCommand (2ms) [Parameters=[@__request_Id_0='?' (DbType = Guid)], CommandType='"Text"', CommandTimeout='30']
SELECT [c].[Id], [c].[Name], [c].[Code], [c].[StateId], [c].[RowVersion]
FROM [Cities] AS [c]
WHERE [c].[Id] = @__request_Id_0
[15:31:58 INF] (vicente.maria.vm17@gmail.com) Executing OkObjectResult, writing value of type 'AppProject.Models.EntityResponse`1[[AppProject.Core.Models.General.City, AppProject.Core.Models.General, Version=1.0.0.0, Culture=neutral, PublicKeyToken=null]]'.
[15:31:58 INF] (vicente.maria.vm17@gmail.com) Executed action AppProject.Core.Controllers.General.CityController.GetAsync (AppProject.Core.Controllers.General) in 42.5707ms
[15:31:58 INF] (vicente.maria.vm17@gmail.com) Executed DbCommand (43ms) [Parameters=[@__p_0='?' (DbType = Int32)], CommandType='"Text"', CommandTimeout='30']
SELECT [s0].[Id], [s0].[Name], [c].[Name] AS [CountryName], [s0].[CountryId]
FROM (
    SELECT TOP(@__p_0) [s].[Id], [s].[CountryId], [s].[Name]
    FROM [States] AS [s]
    ORDER BY [s].[Name]
) AS [s0]
INNER JOIN [Countries] AS [c] ON [s0].[CountryId] = [c].[Id]
ORDER BY [s0].[Name]
[15:31:58 INF] (vicente.maria.vm17@gmail.com) Executed endpoint 'AppProject.Core.Controllers.General.CityController.GetAsync (AppProject.Core.Controllers.General)'
[15:31:58 INF] (vicente.maria.vm17@gmail.com) Executing OkObjectResult, writing value of type 'AppProject.Models.SummariesResponse`1[[AppProject.Core.Models.General.StateSummary, AppProject.Core.Models, Version=1.0.0.0, Culture=neutral, PublicKeyToken=null]]'.
[15:31:58 INF] () Request finished HTTP/2 GET https://localhost:7121/api/general/City/Get?Id=7f3d42dc-4b9d-4a37-e4ed-08deca2bc236 - 200 null application/json; charset=utf-8 119.4239ms
[15:31:58 INF] (vicente.maria.vm17@gmail.com) Executed action AppProject.Core.Controllers.General.StateSummaryController.GetSummariesAsync (AppProject.Core.Controllers.General) in 52.4865ms
[15:31:58 INF] (vicente.maria.vm17@gmail.com) Executed endpoint 'AppProject.Core.Controllers.General.StateSummaryController.GetSummariesAsync (AppProject.Core.Controllers.General)'
[15:31:58 INF] () Request finished HTTP/2 GET https://localhost:7121/api/general/StateSummary/GetSummaries?Take=100 - 200 null application/json; charset=utf-8 119.8353ms
[15:31:58 INF] () Request starting HTTP/2 OPTIONS https://localhost:7121/api/general/City/GetNeighborhoods?ParentId=7f3d42dc-4b9d-4a37-e4ed-08deca2bc236 - null null
[15:31:58 INF] () CORS policy execution successful.
[15:31:58 INF] () Request finished HTTP/2 OPTIONS https://localhost:7121/api/general/City/GetNeighborhoods?ParentId=7f3d42dc-4b9d-4a37-e4ed-08deca2bc236 - 204 null null 14.8678ms
[15:31:58 INF] () Request starting HTTP/2 GET https://localhost:7121/api/general/City/GetNeighborhoods?ParentId=7f3d42dc-4b9d-4a37-e4ed-08deca2bc236 - null null
[15:31:58 INF] () CORS policy execution successful.
[15:31:58 INF] (vicente.maria.vm17@gmail.com) Executing endpoint 'AppProject.Core.Controllers.General.CityController.GetNeighborhoodsAsync (AppProject.Core.Controllers.General)'
[15:31:58 INF] (vicente.maria.vm17@gmail.com) Route matched with {action = "GetNeighborhoods", controller = "City"}. Executing controller action with signature System.Threading.Tasks.Task`1[Microsoft.AspNetCore.Mvc.IActionResult] GetNeighborhoodsAsync(AppProject.Models.GetByParentIdRequest`1[System.Guid], System.Threading.CancellationToken) on controller AppProject.Core.Controllers.General.CityController (AppProject.Core.Controllers.General).
[15:31:58 INF] (vicente.maria.vm17@gmail.com) Executed DbCommand (8ms) [Parameters=[@__request_ParentId_0='?' (DbType = Guid)], CommandType='"Text"', CommandTimeout='30']
SELECT [n].[Id], [n].[Name], [n].[Code], [n].[RowVersion]
FROM [Neighborhoods] AS [n]
WHERE [n].[CityId] = @__request_ParentId_0
[15:31:58 INF] (vicente.maria.vm17@gmail.com) Executing OkObjectResult, writing value of type 'AppProject.Models.EntitiesResponse`1[[AppProject.Core.Models.General.Neighborhood, AppProject.Core.Models.General, Version=1.0.0.0, Culture=neutral, PublicKeyToken=null]]'.
[15:31:58 INF] (vicente.maria.vm17@gmail.com) Executed action AppProject.Core.Controllers.General.CityController.GetNeighborhoodsAsync (AppProject.Core.Controllers.General) in 15.4509ms
[15:31:59 INF] (vicente.maria.vm17@gmail.com) Executed endpoint 'AppProject.Core.Controllers.General.CityController.GetNeighborhoodsAsync (AppProject.Core.Controllers.General)'
[15:31:59 INF] () Request finished HTTP/2 GET https://localhost:7121/api/general/City/GetNeighborhoods?ParentId=7f3d42dc-4b9d-4a37-e4ed-08deca2bc236 - 200 null application/json; charset=utf-8 34.3181ms
[15:31:59 INF] () Request starting HTTP/2 GET https://localhost:7121/api/general/StateSummary/GetSummaries?Take=100 - null null
[15:31:59 INF] () CORS policy execution successful.
[15:31:59 INF] (vicente.maria.vm17@gmail.com) Executing endpoint 'AppProject.Core.Controllers.General.StateSummaryController.GetSummariesAsync (AppProject.Core.Controllers.General)'
[15:31:59 INF] (vicente.maria.vm17@gmail.com) Route matched with {action = "GetSummaries", controller = "StateSummary"}. Executing controller action with signature System.Threading.Tasks.Task`1[Microsoft.AspNetCore.Mvc.IActionResult] GetSummariesAsync(AppProject.Core.Models.General.StateSummarySearchRequest, System.Threading.CancellationToken) on controller AppProject.Core.Controllers.General.StateSummaryController (AppProject.Core.Controllers.General).
[15:31:59 INF] (vicente.maria.vm17@gmail.com) Executed DbCommand (1ms) [Parameters=[@__p_0='?' (DbType = Int32)], CommandType='"Text"', CommandTimeout='30']
SELECT [s0].[Id], [s0].[Name], [c].[Name] AS [CountryName], [s0].[CountryId]
FROM (
    SELECT TOP(@__p_0) [s].[Id], [s].[CountryId], [s].[Name]
    FROM [States] AS [s]
    ORDER BY [s].[Name]
) AS [s0]
INNER JOIN [Countries] AS [c] ON [s0].[CountryId] = [c].[Id]
ORDER BY [s0].[Name]
[15:31:59 INF] (vicente.maria.vm17@gmail.com) Executing OkObjectResult, writing value of type 'AppProject.Models.SummariesResponse`1[[AppProject.Core.Models.General.StateSummary, AppProject.Core.Models, Version=1.0.0.0, Culture=neutral, PublicKeyToken=null]]'.
[15:31:59 INF] (vicente.maria.vm17@gmail.com) Executed action AppProject.Core.Controllers.General.StateSummaryController.GetSummariesAsync (AppProject.Core.Controllers.General) in 6.5259ms
[15:31:59 INF] (vicente.maria.vm17@gmail.com) Executed endpoint 'AppProject.Core.Controllers.General.StateSummaryController.GetSummariesAsync (AppProject.Core.Controllers.General)'
[15:31:59 INF] () Request finished HTTP/2 GET https://localhost:7121/api/general/StateSummary/GetSummaries?Take=100 - 200 null application/json; charset=utf-8 24.3261ms
[15:32:20 INF] () Request starting HTTP/2 OPTIONS https://localhost:7121/api/general/City/Put - null null
[15:32:20 INF] () CORS policy execution successful.
[15:32:20 INF] () Request finished HTTP/2 OPTIONS https://localhost:7121/api/general/City/Put - 204 null null 4.5202ms
[15:32:20 INF] () Request starting HTTP/2 PUT https://localhost:7121/api/general/City/Put - application/json; charset=utf-8 310
[15:32:20 INF] () CORS policy execution successful.
[15:32:20 INF] (vicente.maria.vm17@gmail.com) Executing endpoint 'AppProject.Core.Controllers.General.CityController.PutAsync (AppProject.Core.Controllers.General)'
[15:32:20 INF] (vicente.maria.vm17@gmail.com) Route matched with {action = "Put", controller = "City"}. Executing controller action with signature System.Threading.Tasks.Task`1[Microsoft.AspNetCore.Mvc.IActionResult] PutAsync(AppProject.Models.CreateOrUpdateRequest`1[AppProject.Core.Models.General.City], System.Threading.CancellationToken) on controller AppProject.Core.Controllers.General.CityController (AppProject.Core.Controllers.General).
[15:32:25 INF] (vicente.maria.vm17@gmail.com) Executed DbCommand (17ms) [Parameters=[@__neighborhoodIds_0='?' (Size = 4000), @__city_Id_1='?' (DbType = Guid)], CommandType='"Text"', CommandTimeout='30']
SELECT CASE
    WHEN EXISTS (
        SELECT 1
        FROM [Neighborhoods] AS [n]
        WHERE [n].[Id] IN (
            SELECT [n0].[value]
            FROM OPENJSON(@__neighborhoodIds_0) WITH ([value] uniqueidentifier '$') AS [n0]
        ) AND [n].[CityId] <> @__city_Id_1) THEN CAST(1 AS bit)
    ELSE CAST(0 AS bit)
END
[15:32:25 INF] (vicente.maria.vm17@gmail.com) Executed DbCommand (5ms) [Parameters=[@__city_StateId_0='?' (DbType = Guid), @__city_Name_1='?' (Size = 200), @__city_Id_2='?' (DbType = Guid)], CommandType='"Text"', CommandTimeout='30']
SELECT CASE
    WHEN EXISTS (
        SELECT 1
        FROM [Cities] AS [c]
        WHERE [c].[StateId] = @__city_StateId_0 AND [c].[Name] = @__city_Name_1 AND [c].[Id] <> @__city_Id_2) THEN CAST(1 AS bit)
    ELSE CAST(0 AS bit)
END
[15:32:25 INF] (vicente.maria.vm17@gmail.com) Executed DbCommand (9ms) [Parameters=[@__city_Id_0='?' (DbType = Guid), @__neighborhoodNames_1='?' (Size = 4000), @__neighborhoodIds_2='?' (Size = 4000)], CommandType='"Text"', CommandTimeout='30']
SELECT CASE
    WHEN EXISTS (
        SELECT 1
        FROM [Neighborhoods] AS [n]
        WHERE [n].[CityId] = @__city_Id_0 AND [n].[Name] IN (
            SELECT [n0].[value]
            FROM OPENJSON(@__neighborhoodNames_1) WITH ([value] nvarchar(200) '$') AS [n0]
        ) AND NOT EXISTS (
            SELECT 1
            FROM OPENJSON(@__neighborhoodIds_2) WITH ([value] uniqueidentifier '$') AS [n1]
            WHERE [n1].[value] = [n].[Id])) THEN CAST(1 AS bit)
    ELSE CAST(0 AS bit)
END
[15:32:25 INF] (vicente.maria.vm17@gmail.com) Executed DbCommand (2ms) [Parameters=[@__request_Entity_Id_0='?' (DbType = Guid)], CommandType='"Text"', CommandTimeout='30']
SELECT [c].[Id], [c].[Code], [c].[CreatedAt], [c].[CreatedByUserId], [c].[CreatedByUserName], [c].[Name], [c].[RowVersion], [c].[StateId], [c].[UpdatedAt], [c].[UpdatedByUserId], [c].[UpdatedByUserName]
FROM [Cities] AS [c]
WHERE [c].[Id] = @__request_Entity_Id_0
[15:32:26 INF] (vicente.maria.vm17@gmail.com) Executed DbCommand (1ms) [Parameters=[], CommandType='"Text"', CommandTimeout='30']
SELECT [n].[Id], [n].[CityId], [n].[Code], [n].[CreatedAt], [n].[CreatedByUserId], [n].[CreatedByUserName], [n].[Name], [n].[RowVersion], [n].[UpdatedAt], [n].[UpdatedByUserId], [n].[UpdatedByUserName]
FROM [Neighborhoods] AS [n]
WHERE 0 = 1
[15:32:26 INF] (vicente.maria.vm17@gmail.com) Executed DbCommand (12ms) [Parameters=[@p9='?' (DbType = Guid), @p0='?' (Size = 200), @p1='?' (DbType = DateTimeOffset), @p2='?' (DbType = Guid), @p3='?' (Size = 255), @p4='?' (Size = 200), @p10='?' (Size = 8) (DbType = Binary), @p5='?' (DbType = Guid), @p6='?' (DbType = DateTimeOffset), @p7='?' (DbType = Guid), @p8='?' (Size = 255), @p11='?' (DbType = Guid), @p12='?' (DbType = Guid), @p13='?' (Size = 200), @p14='?' (DbType = DateTimeOffset), @p15='?' (DbType = Guid), @p16='?' (Size = 255), @p17='?' (Size = 200), @p18='?' (DbType = DateTimeOffset), @p19='?' (DbType = Guid), @p20='?' (Size = 255)], CommandType='"Text"', CommandTimeout='30']
SET NOCOUNT ON;
UPDATE [Cities] SET [Code] = @p0, [CreatedAt] = @p1, [CreatedByUserId] = @p2, [CreatedByUserName] = @p3, [Name] = @p4, [StateId] = @p5, [UpdatedAt] = @p6, [UpdatedByUserId] = @p7, [UpdatedByUserName] = @p8
OUTPUT INSERTED.[RowVersion]
WHERE [Id] = @p9 AND [RowVersion] = @p10;
INSERT INTO [Neighborhoods] ([Id], [CityId], [Code], [CreatedAt], [CreatedByUserId], [CreatedByUserName], [Name], [UpdatedAt], [UpdatedByUserId], [UpdatedByUserName])
OUTPUT INSERTED.[RowVersion]
VALUES (@p11, @p12, @p13, @p14, @p15, @p16, @p17, @p18, @p19, @p20);
[15:32:32 INF] (vicente.maria.vm17@gmail.com) Executing OkObjectResult, writing value of type 'AppProject.Models.KeyResponse`1[[System.Guid, System.Private.CoreLib, Version=9.0.0.0, Culture=neutral, PublicKeyToken=7cec85d7bea7798e]]'.
[15:32:34 INF] (vicente.maria.vm17@gmail.com) Executed action AppProject.Core.Controllers.General.CityController.PutAsync (AppProject.Core.Controllers.General) in 14305.9359ms
[15:32:34 INF] (vicente.maria.vm17@gmail.com) Executed endpoint 'AppProject.Core.Controllers.General.CityController.PutAsync (AppProject.Core.Controllers.General)'
[15:32:42 INF] () Request finished HTTP/2 PUT https://localhost:7121/api/general/City/Put - 200 null application/json; charset=utf-8 22109.9759ms
[15:32:42 INF] () Request starting HTTP/2 OPTIONS https://localhost:7121/api/general/CitySummary/GetSummaries?Take=100 - null null
[15:32:42 INF] () CORS policy execution successful.
[15:32:42 INF] () Request finished HTTP/2 OPTIONS https://localhost:7121/api/general/CitySummary/GetSummaries?Take=100 - 204 null null 55.7205ms
[15:32:42 INF] () Request starting HTTP/2 GET https://localhost:7121/api/general/CitySummary/GetSummaries?Take=100 - null null
[15:32:42 INF] () CORS policy execution successful.
[15:32:42 INF] (vicente.maria.vm17@gmail.com) Executing endpoint 'AppProject.Core.Controllers.General.CitySummaryController.GetSummariesAsync (AppProject.Core.Controllers.General)'
[15:32:42 INF] (vicente.maria.vm17@gmail.com) Route matched with {action = "GetSummaries", controller = "CitySummary"}. Executing controller action with signature System.Threading.Tasks.Task`1[Microsoft.AspNetCore.Mvc.IActionResult] GetSummariesAsync(AppProject.Core.Models.General.CitySummarySearchRequest, System.Threading.CancellationToken) on controller AppProject.Core.Controllers.General.CitySummaryController (AppProject.Core.Controllers.General).
[15:32:42 INF] (vicente.maria.vm17@gmail.com) Executed DbCommand (5ms) [Parameters=[@__p_0='?' (DbType = Int32)], CommandType='"Text"', CommandTimeout='30']
SELECT [c0].[Id], [c0].[Name], [s].[Name] AS [StateName], [c0].[StateId], [c1].[Name] AS [CountryName], [s].[CountryId]
FROM (
    SELECT TOP(@__p_0) [c].[Id], [c].[Name], [c].[StateId]
    FROM [Cities] AS [c]
    ORDER BY [c].[Name]
) AS [c0]
INNER JOIN [States] AS [s] ON [c0].[StateId] = [s].[Id]
INNER JOIN [Countries] AS [c1] ON [s].[CountryId] = [c1].[Id]
ORDER BY [c0].[Name]
[15:32:42 INF] (vicente.maria.vm17@gmail.com) Executing OkObjectResult, writing value of type 'AppProject.Models.SummariesResponse`1[[AppProject.Core.Models.General.CitySummary, AppProject.Core.Models, Version=1.0.0.0, Culture=neutral, PublicKeyToken=null]]'.
[15:32:42 INF] (vicente.maria.vm17@gmail.com) Executed action AppProject.Core.Controllers.General.CitySummaryController.GetSummariesAsync (AppProject.Core.Controllers.General) in 10.2849ms
[15:32:42 INF] (vicente.maria.vm17@gmail.com) Executed endpoint 'AppProject.Core.Controllers.General.CitySummaryController.GetSummariesAsync (AppProject.Core.Controllers.General)'
[15:32:42 INF] () Request finished HTTP/2 GET https://localhost:7121/api/general/CitySummary/GetSummaries?Take=100 - 200 null application/json; charset=utf-8 25.2487ms
[15:32:56 INF] () Request starting HTTP/2 OPTIONS https://localhost:7121/api/general/CitySummary/GetSummaries?Take=100 - null null
[15:33:04 INF] () CORS policy execution successful.
[15:33:04 INF] () Request finished HTTP/2 OPTIONS https://localhost:7121/api/general/CitySummary/GetSummaries?Take=100 - 204 null null 8292.1301ms
[15:33:04 INF] () Request starting HTTP/2 GET https://localhost:7121/api/general/CitySummary/GetSummaries?Take=100 - null null
[15:33:04 INF] () CORS policy execution successful.
[15:33:04 INF] (vicente.maria.vm17@gmail.com) Executing endpoint 'AppProject.Core.Controllers.General.CitySummaryController.GetSummariesAsync (AppProject.Core.Controllers.General)'
[15:33:04 INF] (vicente.maria.vm17@gmail.com) Route matched with {action = "GetSummaries", controller = "CitySummary"}. Executing controller action with signature System.Threading.Tasks.Task`1[Microsoft.AspNetCore.Mvc.IActionResult] GetSummariesAsync(AppProject.Core.Models.General.CitySummarySearchRequest, System.Threading.CancellationToken) on controller AppProject.Core.Controllers.General.CitySummaryController (AppProject.Core.Controllers.General).
[15:33:04 INF] (vicente.maria.vm17@gmail.com) Executed DbCommand (1ms) [Parameters=[@__p_0='?' (DbType = Int32)], CommandType='"Text"', CommandTimeout='30']
SELECT [c0].[Id], [c0].[Name], [s].[Name] AS [StateName], [c0].[StateId], [c1].[Name] AS [CountryName], [s].[CountryId]
FROM (
    SELECT TOP(@__p_0) [c].[Id], [c].[Name], [c].[StateId]
    FROM [Cities] AS [c]
    ORDER BY [c].[Name]
) AS [c0]
INNER JOIN [States] AS [s] ON [c0].[StateId] = [s].[Id]
INNER JOIN [Countries] AS [c1] ON [s].[CountryId] = [c1].[Id]
ORDER BY [c0].[Name]
[15:33:04 INF] (vicente.maria.vm17@gmail.com) Executing OkObjectResult, writing value of type 'AppProject.Models.SummariesResponse`1[[AppProject.Core.Models.General.CitySummary, AppProject.Core.Models, Version=1.0.0.0, Culture=neutral, PublicKeyToken=null]]'.
[15:33:04 INF] (vicente.maria.vm17@gmail.com) Executed action AppProject.Core.Controllers.General.CitySummaryController.GetSummariesAsync (AppProject.Core.Controllers.General) in 4.4347ms
[15:33:04 INF] (vicente.maria.vm17@gmail.com) Executed endpoint 'AppProject.Core.Controllers.General.CitySummaryController.GetSummariesAsync (AppProject.Core.Controllers.General)'
[15:33:04 INF] () Request finished HTTP/2 GET https://localhost:7121/api/general/CitySummary/GetSummaries?Take=100 - 200 null application/json; charset=utf-8 16.7104ms
[15:33:10 INF] () Request starting HTTP/2 OPTIONS https://localhost:7121/api/general/City/Get?Id=7f3d42dc-4b9d-4a37-e4ed-08deca2bc236 - null null
[15:33:10 INF] () CORS policy execution successful.
[15:33:10 INF] () Request finished HTTP/2 OPTIONS https://localhost:7121/api/general/City/Get?Id=7f3d42dc-4b9d-4a37-e4ed-08deca2bc236 - 204 null null 2.874ms
[15:33:10 INF] () Request starting HTTP/2 GET https://localhost:7121/api/general/City/Get?Id=7f3d42dc-4b9d-4a37-e4ed-08deca2bc236 - null null
[15:33:10 INF] () CORS policy execution successful.
[15:33:10 INF] (vicente.maria.vm17@gmail.com) Executing endpoint 'AppProject.Core.Controllers.General.CityController.GetAsync (AppProject.Core.Controllers.General)'
[15:33:10 INF] (vicente.maria.vm17@gmail.com) Route matched with {action = "Get", controller = "City"}. Executing controller action with signature System.Threading.Tasks.Task`1[Microsoft.AspNetCore.Mvc.IActionResult] GetAsync(AppProject.Models.GetByIdRequest`1[System.Guid], System.Threading.CancellationToken) on controller AppProject.Core.Controllers.General.CityController (AppProject.Core.Controllers.General).
[15:33:10 INF] () Executed DbCommand (4ms) [Parameters=[], CommandType='"Text"', CommandTimeout='30']
SELECT TOP(1) [u].[Id], [u].[CreatedAt], [u].[CreatedByUserId], [u].[CreatedByUserName], [u].[Email], [u].[IsSystemAdmin], [u].[Name], [u].[RowVersion], [u].[UpdatedAt], [u].[UpdatedByUserId], [u].[UpdatedByUserName]
FROM [Users] AS [u]
WHERE [u].[IsSystemAdmin] = CAST(1 AS bit)
[15:33:10 INF] (vicente.maria.vm17@gmail.com) Executed DbCommand (2ms) [Parameters=[@__request_Id_0='?' (DbType = Guid)], CommandType='"Text"', CommandTimeout='30']
SELECT [c].[Id], [c].[Name], [c].[Code], [c].[StateId], [c].[RowVersion]
FROM [Cities] AS [c]
WHERE [c].[Id] = @__request_Id_0
[15:33:10 INF] (vicente.maria.vm17@gmail.com) Executing OkObjectResult, writing value of type 'AppProject.Models.EntityResponse`1[[AppProject.Core.Models.General.City, AppProject.Core.Models.General, Version=1.0.0.0, Culture=neutral, PublicKeyToken=null]]'.
[15:33:10 INF] (vicente.maria.vm17@gmail.com) Executed action AppProject.Core.Controllers.General.CityController.GetAsync (AppProject.Core.Controllers.General) in 12.3002ms
[15:33:10 INF] (vicente.maria.vm17@gmail.com) Executed endpoint 'AppProject.Core.Controllers.General.CityController.GetAsync (AppProject.Core.Controllers.General)'
[15:33:10 INF] () Request finished HTTP/2 GET https://localhost:7121/api/general/City/Get?Id=7f3d42dc-4b9d-4a37-e4ed-08deca2bc236 - 200 null application/json; charset=utf-8 21.7489ms
[15:33:10 INF] () Request starting HTTP/2 OPTIONS https://localhost:7121/api/general/StateSummary/GetSummaries?Take=100 - null null
[15:33:10 INF] () CORS policy execution successful.
[15:33:10 INF] () Request finished HTTP/2 OPTIONS https://localhost:7121/api/general/StateSummary/GetSummaries?Take=100 - 204 null null 4.2218ms
[15:33:10 INF] () Request starting HTTP/2 GET https://localhost:7121/api/general/StateSummary/GetSummaries?Take=100 - null null
[15:33:10 INF] () CORS policy execution successful.
[15:33:10 INF] (vicente.maria.vm17@gmail.com) Executing endpoint 'AppProject.Core.Controllers.General.StateSummaryController.GetSummariesAsync (AppProject.Core.Controllers.General)'
[15:33:10 INF] (vicente.maria.vm17@gmail.com) Route matched with {action = "GetSummaries", controller = "StateSummary"}. Executing controller action with signature System.Threading.Tasks.Task`1[Microsoft.AspNetCore.Mvc.IActionResult] GetSummariesAsync(AppProject.Core.Models.General.StateSummarySearchRequest, System.Threading.CancellationToken) on controller AppProject.Core.Controllers.General.StateSummaryController (AppProject.Core.Controllers.General).
[15:33:10 INF] (vicente.maria.vm17@gmail.com) Executed DbCommand (5ms) [Parameters=[@__p_0='?' (DbType = Int32)], CommandType='"Text"', CommandTimeout='30']
SELECT [s0].[Id], [s0].[Name], [c].[Name] AS [CountryName], [s0].[CountryId]
FROM (
    SELECT TOP(@__p_0) [s].[Id], [s].[CountryId], [s].[Name]
    FROM [States] AS [s]
    ORDER BY [s].[Name]
) AS [s0]
INNER JOIN [Countries] AS [c] ON [s0].[CountryId] = [c].[Id]
ORDER BY [s0].[Name]
[15:33:10 INF] (vicente.maria.vm17@gmail.com) Executing OkObjectResult, writing value of type 'AppProject.Models.SummariesResponse`1[[AppProject.Core.Models.General.StateSummary, AppProject.Core.Models, Version=1.0.0.0, Culture=neutral, PublicKeyToken=null]]'.
[15:33:10 INF] (vicente.maria.vm17@gmail.com) Executed action AppProject.Core.Controllers.General.StateSummaryController.GetSummariesAsync (AppProject.Core.Controllers.General) in 13.2608ms
[15:33:10 INF] (vicente.maria.vm17@gmail.com) Executed endpoint 'AppProject.Core.Controllers.General.StateSummaryController.GetSummariesAsync (AppProject.Core.Controllers.General)'
[15:33:10 INF] () Request finished HTTP/2 GET https://localhost:7121/api/general/StateSummary/GetSummaries?Take=100 - 200 null application/json; charset=utf-8 28.4838ms
[15:33:10 INF] () Request starting HTTP/2 OPTIONS https://localhost:7121/api/general/City/GetNeighborhoods?ParentId=7f3d42dc-4b9d-4a37-e4ed-08deca2bc236 - null null
[15:33:10 INF] () CORS policy execution successful.
[15:33:10 INF] () Request finished HTTP/2 OPTIONS https://localhost:7121/api/general/City/GetNeighborhoods?ParentId=7f3d42dc-4b9d-4a37-e4ed-08deca2bc236 - 204 null null 17.9329ms
[15:33:10 INF] () Request starting HTTP/2 GET https://localhost:7121/api/general/City/GetNeighborhoods?ParentId=7f3d42dc-4b9d-4a37-e4ed-08deca2bc236 - null null
[15:33:10 INF] () CORS policy execution successful.
[15:33:10 INF] (vicente.maria.vm17@gmail.com) Executing endpoint 'AppProject.Core.Controllers.General.CityController.GetNeighborhoodsAsync (AppProject.Core.Controllers.General)'
[15:33:10 INF] (vicente.maria.vm17@gmail.com) Route matched with {action = "GetNeighborhoods", controller = "City"}. Executing controller action with signature System.Threading.Tasks.Task`1[Microsoft.AspNetCore.Mvc.IActionResult] GetNeighborhoodsAsync(AppProject.Models.GetByParentIdRequest`1[System.Guid], System.Threading.CancellationToken) on controller AppProject.Core.Controllers.General.CityController (AppProject.Core.Controllers.General).
[15:33:10 INF] (vicente.maria.vm17@gmail.com) Executed DbCommand (4ms) [Parameters=[@__request_ParentId_0='?' (DbType = Guid)], CommandType='"Text"', CommandTimeout='30']
SELECT [n].[Id], [n].[Name], [n].[Code], [n].[RowVersion]
FROM [Neighborhoods] AS [n]
WHERE [n].[CityId] = @__request_ParentId_0
[15:33:10 INF] (vicente.maria.vm17@gmail.com) Executing OkObjectResult, writing value of type 'AppProject.Models.EntitiesResponse`1[[AppProject.Core.Models.General.Neighborhood, AppProject.Core.Models.General, Version=1.0.0.0, Culture=neutral, PublicKeyToken=null]]'.
[15:33:10 INF] (vicente.maria.vm17@gmail.com) Executed action AppProject.Core.Controllers.General.CityController.GetNeighborhoodsAsync (AppProject.Core.Controllers.General) in 9.4779ms
[15:33:10 INF] (vicente.maria.vm17@gmail.com) Executed endpoint 'AppProject.Core.Controllers.General.CityController.GetNeighborhoodsAsync (AppProject.Core.Controllers.General)'
[15:33:10 INF] () Request finished HTTP/2 GET https://localhost:7121/api/general/City/GetNeighborhoods?ParentId=7f3d42dc-4b9d-4a37-e4ed-08deca2bc236 - 200 null application/json; charset=utf-8 43.891ms
[15:33:10 INF] () Request starting HTTP/2 GET https://localhost:7121/api/general/StateSummary/GetSummaries?Take=100 - null null
[15:33:10 INF] () CORS policy execution successful.
[15:33:10 INF] (vicente.maria.vm17@gmail.com) Executing endpoint 'AppProject.Core.Controllers.General.StateSummaryController.GetSummariesAsync (AppProject.Core.Controllers.General)'
[15:33:10 INF] (vicente.maria.vm17@gmail.com) Route matched with {action = "GetSummaries", controller = "StateSummary"}. Executing controller action with signature System.Threading.Tasks.Task`1[Microsoft.AspNetCore.Mvc.IActionResult] GetSummariesAsync(AppProject.Core.Models.General.StateSummarySearchRequest, System.Threading.CancellationToken) on controller AppProject.Core.Controllers.General.StateSummaryController (AppProject.Core.Controllers.General).
[15:33:10 INF] (vicente.maria.vm17@gmail.com) Executed DbCommand (0ms) [Parameters=[@__p_0='?' (DbType = Int32)], CommandType='"Text"', CommandTimeout='30']
SELECT [s0].[Id], [s0].[Name], [c].[Name] AS [CountryName], [s0].[CountryId]
FROM (
    SELECT TOP(@__p_0) [s].[Id], [s].[CountryId], [s].[Name]
    FROM [States] AS [s]
    ORDER BY [s].[Name]
) AS [s0]
INNER JOIN [Countries] AS [c] ON [s0].[CountryId] = [c].[Id]
ORDER BY [s0].[Name]
[15:33:10 INF] (vicente.maria.vm17@gmail.com) Executing OkObjectResult, writing value of type 'AppProject.Models.SummariesResponse`1[[AppProject.Core.Models.General.StateSummary, AppProject.Core.Models, Version=1.0.0.0, Culture=neutral, PublicKeyToken=null]]'.
[15:33:10 INF] (vicente.maria.vm17@gmail.com) Executed action AppProject.Core.Controllers.General.StateSummaryController.GetSummariesAsync (AppProject.Core.Controllers.General) in 25.32ms
[15:33:10 INF] (vicente.maria.vm17@gmail.com) Executed endpoint 'AppProject.Core.Controllers.General.StateSummaryController.GetSummariesAsync (AppProject.Core.Controllers.General)'
[15:33:10 INF] () Request finished HTTP/2 GET https://localhost:7121/api/general/StateSummary/GetSummaries?Take=100 - 200 null application/json; charset=utf-8 34.4692ms
[15:33:34 INF] () Request starting HTTP/2 OPTIONS https://localhost:7121/api/general/City/Put - null null
[15:33:34 INF] () CORS policy execution successful.
[15:33:34 INF] () Request finished HTTP/2 OPTIONS https://localhost:7121/api/general/City/Put - 204 null null 4.4374ms
[15:33:34 INF] () Request starting HTTP/2 PUT https://localhost:7121/api/general/City/Put - application/json; charset=utf-8 354
[15:33:34 INF] () CORS policy execution successful.
[15:33:34 INF] (vicente.maria.vm17@gmail.com) Executing endpoint 'AppProject.Core.Controllers.General.CityController.PutAsync (AppProject.Core.Controllers.General)'
[15:33:34 INF] (vicente.maria.vm17@gmail.com) Route matched with {action = "Put", controller = "City"}. Executing controller action with signature System.Threading.Tasks.Task`1[Microsoft.AspNetCore.Mvc.IActionResult] PutAsync(AppProject.Models.CreateOrUpdateRequest`1[AppProject.Core.Models.General.City], System.Threading.CancellationToken) on controller AppProject.Core.Controllers.General.CityController (AppProject.Core.Controllers.General).
[15:33:37 INF] (vicente.maria.vm17@gmail.com) Executed DbCommand (7ms) [Parameters=[@__city_StateId_0='?' (DbType = Guid), @__city_Name_1='?' (Size = 200), @__city_Id_2='?' (DbType = Guid)], CommandType='"Text"', CommandTimeout='30']
SELECT CASE
    WHEN EXISTS (
        SELECT 1
        FROM [Cities] AS [c]
        WHERE [c].[StateId] = @__city_StateId_0 AND [c].[Name] = @__city_Name_1 AND [c].[Id] <> @__city_Id_2) THEN CAST(1 AS bit)
    ELSE CAST(0 AS bit)
END
[15:33:37 INF] (vicente.maria.vm17@gmail.com) Executed DbCommand (18ms) [Parameters=[@__city_Id_0='?' (DbType = Guid), @__neighborhoodNames_1='?' (Size = 4000), @__neighborhoodIds_2='?' (Size = 4000)], CommandType='"Text"', CommandTimeout='30']
SELECT CASE
    WHEN EXISTS (
        SELECT 1
        FROM [Neighborhoods] AS [n]
        WHERE [n].[CityId] = @__city_Id_0 AND [n].[Name] IN (
            SELECT [n0].[value]
            FROM OPENJSON(@__neighborhoodNames_1) WITH ([value] nvarchar(200) '$') AS [n0]
        ) AND NOT EXISTS (
            SELECT 1
            FROM OPENJSON(@__neighborhoodIds_2) WITH ([value] uniqueidentifier '$') AS [n1]
            WHERE [n1].[value] = [n].[Id])) THEN CAST(1 AS bit)
    ELSE CAST(0 AS bit)
END
[15:33:37 INF] (vicente.maria.vm17@gmail.com) Executed DbCommand (4ms) [Parameters=[@__request_Entity_Id_0='?' (DbType = Guid)], CommandType='"Text"', CommandTimeout='30']
SELECT [c].[Id], [c].[Code], [c].[CreatedAt], [c].[CreatedByUserId], [c].[CreatedByUserName], [c].[Name], [c].[RowVersion], [c].[StateId], [c].[UpdatedAt], [c].[UpdatedByUserId], [c].[UpdatedByUserName]
FROM [Cities] AS [c]
WHERE [c].[Id] = @__request_Entity_Id_0
[15:33:37 INF] (vicente.maria.vm17@gmail.com) Executed DbCommand (4ms) [Parameters=[@__neighborhood_Entity_Id_0='?' (DbType = Guid)], CommandType='"Text"', CommandTimeout='30']
SELECT [n].[Id], [n].[CityId], [n].[Code], [n].[CreatedAt], [n].[CreatedByUserId], [n].[CreatedByUserName], [n].[Name], [n].[RowVersion], [n].[UpdatedAt], [n].[UpdatedByUserId], [n].[UpdatedByUserName]
FROM [Neighborhoods] AS [n]
WHERE [n].[Id] = @__neighborhood_Entity_Id_0
[15:33:37 INF] (vicente.maria.vm17@gmail.com) Executed DbCommand (16ms) [Parameters=[@p9='?' (DbType = Guid), @p0='?' (Size = 200), @p1='?' (DbType = DateTimeOffset), @p2='?' (DbType = Guid), @p3='?' (Size = 255), @p4='?' (Size = 200), @p10='?' (Size = 8) (DbType = Binary), @p5='?' (DbType = Guid), @p6='?' (DbType = DateTimeOffset), @p7='?' (DbType = Guid), @p8='?' (Size = 255), @p20='?' (DbType = Guid), @p11='?' (DbType = Guid), @p12='?' (Size = 200), @p13='?' (DbType = DateTimeOffset), @p14='?' (DbType = Guid), @p15='?' (Size = 255), @p16='?' (Size = 200), @p21='?' (Size = 8) (DbType = Binary), @p17='?' (DbType = DateTimeOffset), @p18='?' (DbType = Guid), @p19='?' (Size = 255)], CommandType='"Text"', CommandTimeout='30']
SET NOCOUNT ON;
UPDATE [Cities] SET [Code] = @p0, [CreatedAt] = @p1, [CreatedByUserId] = @p2, [CreatedByUserName] = @p3, [Name] = @p4, [StateId] = @p5, [UpdatedAt] = @p6, [UpdatedByUserId] = @p7, [UpdatedByUserName] = @p8
OUTPUT INSERTED.[RowVersion]
WHERE [Id] = @p9 AND [RowVersion] = @p10;
UPDATE [Neighborhoods] SET [CityId] = @p11, [Code] = @p12, [CreatedAt] = @p13, [CreatedByUserId] = @p14, [CreatedByUserName] = @p15, [Name] = @p16, [UpdatedAt] = @p17, [UpdatedByUserId] = @p18, [UpdatedByUserName] = @p19
OUTPUT INSERTED.[RowVersion]
WHERE [Id] = @p20 AND [RowVersion] = @p21;
[15:33:37 INF] (vicente.maria.vm17@gmail.com) Executing OkObjectResult, writing value of type 'AppProject.Models.KeyResponse`1[[System.Guid, System.Private.CoreLib, Version=9.0.0.0, Culture=neutral, PublicKeyToken=7cec85d7bea7798e]]'.
[15:33:37 INF] (vicente.maria.vm17@gmail.com) Executed action AppProject.Core.Controllers.General.CityController.PutAsync (AppProject.Core.Controllers.General) in 3070.4617ms
[15:33:37 INF] (vicente.maria.vm17@gmail.com) Executed endpoint 'AppProject.Core.Controllers.General.CityController.PutAsync (AppProject.Core.Controllers.General)'
[15:33:37 INF] () Request finished HTTP/2 PUT https://localhost:7121/api/general/City/Put - 200 null application/json; charset=utf-8 3082.7061ms
[15:33:37 INF] () Request starting HTTP/2 OPTIONS https://localhost:7121/api/general/CitySummary/GetSummaries?Take=100 - null null
[15:33:37 INF] () CORS policy execution successful.
[15:33:37 INF] () Request finished HTTP/2 OPTIONS https://localhost:7121/api/general/CitySummary/GetSummaries?Take=100 - 204 null null 3.4895ms
[15:33:37 INF] () Request starting HTTP/2 GET https://localhost:7121/api/general/CitySummary/GetSummaries?Take=100 - null null
[15:33:37 INF] () CORS policy execution successful.
[15:33:37 INF] (vicente.maria.vm17@gmail.com) Executing endpoint 'AppProject.Core.Controllers.General.CitySummaryController.GetSummariesAsync (AppProject.Core.Controllers.General)'
[15:33:37 INF] (vicente.maria.vm17@gmail.com) Route matched with {action = "GetSummaries", controller = "CitySummary"}. Executing controller action with signature System.Threading.Tasks.Task`1[Microsoft.AspNetCore.Mvc.IActionResult] GetSummariesAsync(AppProject.Core.Models.General.CitySummarySearchRequest, System.Threading.CancellationToken) on controller AppProject.Core.Controllers.General.CitySummaryController (AppProject.Core.Controllers.General).
[15:33:37 INF] (vicente.maria.vm17@gmail.com) Executed DbCommand (5ms) [Parameters=[@__p_0='?' (DbType = Int32)], CommandType='"Text"', CommandTimeout='30']
SELECT [c0].[Id], [c0].[Name], [s].[Name] AS [StateName], [c0].[StateId], [c1].[Name] AS [CountryName], [s].[CountryId]
FROM (
    SELECT TOP(@__p_0) [c].[Id], [c].[Name], [c].[StateId]
    FROM [Cities] AS [c]
    ORDER BY [c].[Name]
) AS [c0]
INNER JOIN [States] AS [s] ON [c0].[StateId] = [s].[Id]
INNER JOIN [Countries] AS [c1] ON [s].[CountryId] = [c1].[Id]
ORDER BY [c0].[Name]
[15:33:37 INF] (vicente.maria.vm17@gmail.com) Executing OkObjectResult, writing value of type 'AppProject.Models.SummariesResponse`1[[AppProject.Core.Models.General.CitySummary, AppProject.Core.Models, Version=1.0.0.0, Culture=neutral, PublicKeyToken=null]]'.
[15:33:37 INF] (vicente.maria.vm17@gmail.com) Executed action AppProject.Core.Controllers.General.CitySummaryController.GetSummariesAsync (AppProject.Core.Controllers.General) in 9.7285ms
[15:33:37 INF] (vicente.maria.vm17@gmail.com) Executed endpoint 'AppProject.Core.Controllers.General.CitySummaryController.GetSummariesAsync (AppProject.Core.Controllers.General)'
[15:33:37 INF] () Request finished HTTP/2 GET https://localhost:7121/api/general/CitySummary/GetSummaries?Take=100 - 200 null application/json; charset=utf-8 20.4435ms
[15:33:43 INF] () Request starting HTTP/2 OPTIONS https://localhost:7121/api/general/City/Get?Id=7f3d42dc-4b9d-4a37-e4ed-08deca2bc236 - null null
[15:33:43 INF] () CORS policy execution successful.
[15:33:43 INF] () Request finished HTTP/2 OPTIONS https://localhost:7121/api/general/City/Get?Id=7f3d42dc-4b9d-4a37-e4ed-08deca2bc236 - 204 null null 2.8854ms
[15:33:43 INF] () Request starting HTTP/2 GET https://localhost:7121/api/general/City/Get?Id=7f3d42dc-4b9d-4a37-e4ed-08deca2bc236 - null null
[15:33:43 INF] () CORS policy execution successful.
[15:33:43 INF] (vicente.maria.vm17@gmail.com) Executing endpoint 'AppProject.Core.Controllers.General.CityController.GetAsync (AppProject.Core.Controllers.General)'
[15:33:43 INF] (vicente.maria.vm17@gmail.com) Route matched with {action = "Get", controller = "City"}. Executing controller action with signature System.Threading.Tasks.Task`1[Microsoft.AspNetCore.Mvc.IActionResult] GetAsync(AppProject.Models.GetByIdRequest`1[System.Guid], System.Threading.CancellationToken) on controller AppProject.Core.Controllers.General.CityController (AppProject.Core.Controllers.General).
[15:33:43 INF] (vicente.maria.vm17@gmail.com) Executed DbCommand (2ms) [Parameters=[@__request_Id_0='?' (DbType = Guid)], CommandType='"Text"', CommandTimeout='30']
SELECT [c].[Id], [c].[Name], [c].[Code], [c].[StateId], [c].[RowVersion]
FROM [Cities] AS [c]
WHERE [c].[Id] = @__request_Id_0
[15:33:43 INF] (vicente.maria.vm17@gmail.com) Executing OkObjectResult, writing value of type 'AppProject.Models.EntityResponse`1[[AppProject.Core.Models.General.City, AppProject.Core.Models.General, Version=1.0.0.0, Culture=neutral, PublicKeyToken=null]]'.
[15:33:43 INF] (vicente.maria.vm17@gmail.com) Executed action AppProject.Core.Controllers.General.CityController.GetAsync (AppProject.Core.Controllers.General) in 5.8154ms
[15:33:43 INF] (vicente.maria.vm17@gmail.com) Executed endpoint 'AppProject.Core.Controllers.General.CityController.GetAsync (AppProject.Core.Controllers.General)'
[15:33:43 INF] () Request finished HTTP/2 GET https://localhost:7121/api/general/City/Get?Id=7f3d42dc-4b9d-4a37-e4ed-08deca2bc236 - 200 null application/json; charset=utf-8 15.6232ms
[15:33:43 INF] () Request starting HTTP/2 OPTIONS https://localhost:7121/api/general/StateSummary/GetSummaries?Take=100 - null null
[15:33:43 INF] () CORS policy execution successful.
[15:33:43 INF] () Request finished HTTP/2 OPTIONS https://localhost:7121/api/general/StateSummary/GetSummaries?Take=100 - 204 null null 3.5126ms
[15:33:43 INF] () Request starting HTTP/2 GET https://localhost:7121/api/general/StateSummary/GetSummaries?Take=100 - null null
[15:33:43 INF] () CORS policy execution successful.
[15:33:43 INF] (vicente.maria.vm17@gmail.com) Executing endpoint 'AppProject.Core.Controllers.General.StateSummaryController.GetSummariesAsync (AppProject.Core.Controllers.General)'
[15:33:43 INF] (vicente.maria.vm17@gmail.com) Route matched with {action = "GetSummaries", controller = "StateSummary"}. Executing controller action with signature System.Threading.Tasks.Task`1[Microsoft.AspNetCore.Mvc.IActionResult] GetSummariesAsync(AppProject.Core.Models.General.StateSummarySearchRequest, System.Threading.CancellationToken) on controller AppProject.Core.Controllers.General.StateSummaryController (AppProject.Core.Controllers.General).
[15:33:43 INF] (vicente.maria.vm17@gmail.com) Executed DbCommand (8ms) [Parameters=[@__p_0='?' (DbType = Int32)], CommandType='"Text"', CommandTimeout='30']
SELECT [s0].[Id], [s0].[Name], [c].[Name] AS [CountryName], [s0].[CountryId]
FROM (
    SELECT TOP(@__p_0) [s].[Id], [s].[CountryId], [s].[Name]
    FROM [States] AS [s]
    ORDER BY [s].[Name]
) AS [s0]
INNER JOIN [Countries] AS [c] ON [s0].[CountryId] = [c].[Id]
ORDER BY [s0].[Name]
[15:33:43 INF] (vicente.maria.vm17@gmail.com) Executing OkObjectResult, writing value of type 'AppProject.Models.SummariesResponse`1[[AppProject.Core.Models.General.StateSummary, AppProject.Core.Models, Version=1.0.0.0, Culture=neutral, PublicKeyToken=null]]'.
[15:33:43 INF] (vicente.maria.vm17@gmail.com) Executed action AppProject.Core.Controllers.General.StateSummaryController.GetSummariesAsync (AppProject.Core.Controllers.General) in 16.0886ms
[15:33:43 INF] (vicente.maria.vm17@gmail.com) Executed endpoint 'AppProject.Core.Controllers.General.StateSummaryController.GetSummariesAsync (AppProject.Core.Controllers.General)'
[15:33:43 INF] () Request finished HTTP/2 GET https://localhost:7121/api/general/StateSummary/GetSummaries?Take=100 - 200 null application/json; charset=utf-8 28.6375ms
[15:33:43 INF] () Request starting HTTP/2 OPTIONS https://localhost:7121/api/general/City/GetNeighborhoods?ParentId=7f3d42dc-4b9d-4a37-e4ed-08deca2bc236 - null null
[15:33:43 INF] () CORS policy execution successful.
[15:33:43 INF] () Request finished HTTP/2 OPTIONS https://localhost:7121/api/general/City/GetNeighborhoods?ParentId=7f3d42dc-4b9d-4a37-e4ed-08deca2bc236 - 204 null null 5.4793ms
[15:33:43 INF] () Request starting HTTP/2 GET https://localhost:7121/api/general/City/GetNeighborhoods?ParentId=7f3d42dc-4b9d-4a37-e4ed-08deca2bc236 - null null
[15:33:43 INF] () CORS policy execution successful.
[15:33:43 INF] (vicente.maria.vm17@gmail.com) Executing endpoint 'AppProject.Core.Controllers.General.CityController.GetNeighborhoodsAsync (AppProject.Core.Controllers.General)'
[15:33:43 INF] (vicente.maria.vm17@gmail.com) Route matched with {action = "GetNeighborhoods", controller = "City"}. Executing controller action with signature System.Threading.Tasks.Task`1[Microsoft.AspNetCore.Mvc.IActionResult] GetNeighborhoodsAsync(AppProject.Models.GetByParentIdRequest`1[System.Guid], System.Threading.CancellationToken) on controller AppProject.Core.Controllers.General.CityController (AppProject.Core.Controllers.General).
[15:33:43 INF] (vicente.maria.vm17@gmail.com) Executed DbCommand (3ms) [Parameters=[@__request_ParentId_0='?' (DbType = Guid)], CommandType='"Text"', CommandTimeout='30']
SELECT [n].[Id], [n].[Name], [n].[Code], [n].[RowVersion]
FROM [Neighborhoods] AS [n]
WHERE [n].[CityId] = @__request_ParentId_0
[15:33:43 INF] (vicente.maria.vm17@gmail.com) Executing OkObjectResult, writing value of type 'AppProject.Models.EntitiesResponse`1[[AppProject.Core.Models.General.Neighborhood, AppProject.Core.Models.General, Version=1.0.0.0, Culture=neutral, PublicKeyToken=null]]'.
[15:33:43 INF] (vicente.maria.vm17@gmail.com) Executed action AppProject.Core.Controllers.General.CityController.GetNeighborhoodsAsync (AppProject.Core.Controllers.General) in 8.8805ms
[15:33:43 INF] (vicente.maria.vm17@gmail.com) Executed endpoint 'AppProject.Core.Controllers.General.CityController.GetNeighborhoodsAsync (AppProject.Core.Controllers.General)'
[15:33:43 INF] () Request finished HTTP/2 GET https://localhost:7121/api/general/City/GetNeighborhoods?ParentId=7f3d42dc-4b9d-4a37-e4ed-08deca2bc236 - 200 null application/json; charset=utf-8 21.5128ms
[15:33:43 INF] () Request starting HTTP/2 GET https://localhost:7121/api/general/StateSummary/GetSummaries?Take=100 - null null
[15:33:43 INF] () CORS policy execution successful.
[15:33:43 INF] (vicente.maria.vm17@gmail.com) Executing endpoint 'AppProject.Core.Controllers.General.StateSummaryController.GetSummariesAsync (AppProject.Core.Controllers.General)'
[15:33:43 INF] (vicente.maria.vm17@gmail.com) Route matched with {action = "GetSummaries", controller = "StateSummary"}. Executing controller action with signature System.Threading.Tasks.Task`1[Microsoft.AspNetCore.Mvc.IActionResult] GetSummariesAsync(AppProject.Core.Models.General.StateSummarySearchRequest, System.Threading.CancellationToken) on controller AppProject.Core.Controllers.General.StateSummaryController (AppProject.Core.Controllers.General).
[15:33:43 INF] (vicente.maria.vm17@gmail.com) Executed DbCommand (1ms) [Parameters=[@__p_0='?' (DbType = Int32)], CommandType='"Text"', CommandTimeout='30']
SELECT [s0].[Id], [s0].[Name], [c].[Name] AS [CountryName], [s0].[CountryId]
FROM (
    SELECT TOP(@__p_0) [s].[Id], [s].[CountryId], [s].[Name]
    FROM [States] AS [s]
    ORDER BY [s].[Name]
) AS [s0]
INNER JOIN [Countries] AS [c] ON [s0].[CountryId] = [c].[Id]
ORDER BY [s0].[Name]
[15:33:43 INF] (vicente.maria.vm17@gmail.com) Executing OkObjectResult, writing value of type 'AppProject.Models.SummariesResponse`1[[AppProject.Core.Models.General.StateSummary, AppProject.Core.Models, Version=1.0.0.0, Culture=neutral, PublicKeyToken=null]]'.
[15:33:43 INF] (vicente.maria.vm17@gmail.com) Executed action AppProject.Core.Controllers.General.StateSummaryController.GetSummariesAsync (AppProject.Core.Controllers.General) in 5.2177ms
[15:33:43 INF] (vicente.maria.vm17@gmail.com) Executed endpoint 'AppProject.Core.Controllers.General.StateSummaryController.GetSummariesAsync (AppProject.Core.Controllers.General)'
[15:33:43 INF] () Request finished HTTP/2 GET https://localhost:7121/api/general/StateSummary/GetSummaries?Take=100 - 200 null application/json; charset=utf-8 14.6371ms
[15:34:05 INF] () Request starting HTTP/2 OPTIONS https://localhost:7121/api/general/City/Put - null null
[15:34:05 INF] () CORS policy execution successful.
[15:34:05 INF] () Request finished HTTP/2 OPTIONS https://localhost:7121/api/general/City/Put - 204 null null 2.691ms
[15:34:05 INF] () Request starting HTTP/2 PUT https://localhost:7121/api/general/City/Put - application/json; charset=utf-8 299
[15:34:05 INF] () CORS policy execution successful.
[15:34:05 INF] (vicente.maria.vm17@gmail.com) Executing endpoint 'AppProject.Core.Controllers.General.CityController.PutAsync (AppProject.Core.Controllers.General)'
[15:34:05 INF] (vicente.maria.vm17@gmail.com) Route matched with {action = "Put", controller = "City"}. Executing controller action with signature System.Threading.Tasks.Task`1[Microsoft.AspNetCore.Mvc.IActionResult] PutAsync(AppProject.Models.CreateOrUpdateRequest`1[AppProject.Core.Models.General.City], System.Threading.CancellationToken) on controller AppProject.Core.Controllers.General.CityController (AppProject.Core.Controllers.General).
[15:34:11 INF] (vicente.maria.vm17@gmail.com) Executed action AppProject.Core.Controllers.General.CityController.PutAsync (AppProject.Core.Controllers.General) in 6349.1872ms
[15:34:11 INF] (vicente.maria.vm17@gmail.com) Executed endpoint 'AppProject.Core.Controllers.General.CityController.PutAsync (AppProject.Core.Controllers.General)'
[15:34:11 ERR] () AppProject.Exceptions.AppException: Exception of type 'AppProject.Exceptions.AppException' was thrown.
   at AppProject.Core.API.Bootstraps.Bootstrap.<>c.<ConfigureValidations>b__7_0(ActionContext context) in C:\Course\dotnet-template\AppProject.Core.API\Bootstraps\Bootstrap.cs:line 239
   at Microsoft.AspNetCore.Mvc.Infrastructure.ModelStateInvalidFilter.OnActionExecuting(ActionExecutingContext context)
   at Microsoft.AspNetCore.Mvc.Infrastructure.ControllerActionInvoker.Next(State& next, Scope& scope, Object& state, Boolean& isCompleted)
   at Microsoft.AspNetCore.Mvc.Infrastructure.ControllerActionInvoker.InvokeNextActionFilterAsync()
--- End of stack trace from previous location ---
   at Microsoft.AspNetCore.Mvc.Infrastructure.ControllerActionInvoker.Rethrow(ActionExecutedContextSealed context)
   at Microsoft.AspNetCore.Mvc.Infrastructure.ControllerActionInvoker.Next(State& next, Scope& scope, Object& state, Boolean& isCompleted)
   at Microsoft.AspNetCore.Mvc.Infrastructure.ControllerActionInvoker.InvokeInnerFilterAsync()
--- End of stack trace from previous location ---
   at Microsoft.AspNetCore.Mvc.Infrastructure.ResourceInvoker.<InvokeFilterPipelineAsync>g__Awaited|20_0(ResourceInvoker invoker, Task lastTask, State next, Scope scope, Object state, Boolean isCompleted)
   at Microsoft.AspNetCore.Mvc.Infrastructure.ResourceInvoker.<InvokeAsync>g__Logged|17_1(ResourceInvoker invoker)
   at Microsoft.AspNetCore.Mvc.Infrastructure.ResourceInvoker.<InvokeAsync>g__Logged|17_1(ResourceInvoker invoker)
   at Microsoft.AspNetCore.Routing.EndpointMiddleware.<Invoke>g__AwaitRequestTask|7_0(Endpoint endpoint, Task requestTask, ILogger logger)
   at AppProject.Core.API.Middlewares.SerilogUserEnricherMiddleware.Invoke(HttpContext context) in C:\Course\dotnet-template\AppProject.Core.API\Middlewares\SerilogUserEnricherMiddleware.cs:line 17
   at Microsoft.AspNetCore.Authorization.AuthorizationMiddleware.Invoke(HttpContext context)
   at Microsoft.AspNetCore.Authentication.AuthenticationMiddleware.Invoke(HttpContext context)
   at Microsoft.AspNetCore.RateLimiting.RateLimitingMiddleware.InvokeInternal(HttpContext context, EnableRateLimitingAttribute enableRateLimitingAttribute)
   at AppProject.Core.API.Middlewares.ExceptionMiddleware.InvokeAsync(HttpContext context) in C:\Course\dotnet-template\AppProject.Core.API\Middlewares\ExceptionMiddleware.cs:line 23
[15:34:11 INF] () Request finished HTTP/2 PUT https://localhost:7121/api/general/City/Put - 400 null application/json 6477.7335ms
[15:34:17 INF] () Request starting HTTP/2 OPTIONS https://localhost:7121/api/general/City/Put - null null
[15:34:17 INF] () CORS policy execution successful.
[15:34:17 INF] () Request finished HTTP/2 OPTIONS https://localhost:7121/api/general/City/Put - 204 null null 2.8248ms
[15:34:17 INF] () Request starting HTTP/2 PUT https://localhost:7121/api/general/City/Put - application/json; charset=utf-8 299
[15:34:17 INF] () CORS policy execution successful.
[15:34:17 INF] (vicente.maria.vm17@gmail.com) Executing endpoint 'AppProject.Core.Controllers.General.CityController.PutAsync (AppProject.Core.Controllers.General)'
[15:34:17 INF] (vicente.maria.vm17@gmail.com) Route matched with {action = "Put", controller = "City"}. Executing controller action with signature System.Threading.Tasks.Task`1[Microsoft.AspNetCore.Mvc.IActionResult] PutAsync(AppProject.Models.CreateOrUpdateRequest`1[AppProject.Core.Models.General.City], System.Threading.CancellationToken) on controller AppProject.Core.Controllers.General.CityController (AppProject.Core.Controllers.General).
[15:34:21 INF] (vicente.maria.vm17@gmail.com) Executed action AppProject.Core.Controllers.General.CityController.PutAsync (AppProject.Core.Controllers.General) in 4029.7832ms
[15:34:21 INF] (vicente.maria.vm17@gmail.com) Executed endpoint 'AppProject.Core.Controllers.General.CityController.PutAsync (AppProject.Core.Controllers.General)'
[15:34:21 ERR] () AppProject.Exceptions.AppException: Exception of type 'AppProject.Exceptions.AppException' was thrown.
   at AppProject.Core.API.Bootstraps.Bootstrap.<>c.<ConfigureValidations>b__7_0(ActionContext context) in C:\Course\dotnet-template\AppProject.Core.API\Bootstraps\Bootstrap.cs:line 239
   at Microsoft.AspNetCore.Mvc.Infrastructure.ModelStateInvalidFilter.OnActionExecuting(ActionExecutingContext context)
   at Microsoft.AspNetCore.Mvc.Infrastructure.ControllerActionInvoker.Next(State& next, Scope& scope, Object& state, Boolean& isCompleted)
   at Microsoft.AspNetCore.Mvc.Infrastructure.ControllerActionInvoker.InvokeNextActionFilterAsync()
--- End of stack trace from previous location ---
   at Microsoft.AspNetCore.Mvc.Infrastructure.ControllerActionInvoker.Rethrow(ActionExecutedContextSealed context)
   at Microsoft.AspNetCore.Mvc.Infrastructure.ControllerActionInvoker.Next(State& next, Scope& scope, Object& state, Boolean& isCompleted)
   at Microsoft.AspNetCore.Mvc.Infrastructure.ControllerActionInvoker.InvokeInnerFilterAsync()
--- End of stack trace from previous location ---
   at Microsoft.AspNetCore.Mvc.Infrastructure.ResourceInvoker.<InvokeFilterPipelineAsync>g__Awaited|20_0(ResourceInvoker invoker, Task lastTask, State next, Scope scope, Object state, Boolean isCompleted)
   at Microsoft.AspNetCore.Mvc.Infrastructure.ResourceInvoker.<InvokeAsync>g__Logged|17_1(ResourceInvoker invoker)
   at Microsoft.AspNetCore.Mvc.Infrastructure.ResourceInvoker.<InvokeAsync>g__Logged|17_1(ResourceInvoker invoker)
   at Microsoft.AspNetCore.Routing.EndpointMiddleware.<Invoke>g__AwaitRequestTask|7_0(Endpoint endpoint, Task requestTask, ILogger logger)
   at AppProject.Core.API.Middlewares.SerilogUserEnricherMiddleware.Invoke(HttpContext context) in C:\Course\dotnet-template\AppProject.Core.API\Middlewares\SerilogUserEnricherMiddleware.cs:line 17
   at Microsoft.AspNetCore.Authorization.AuthorizationMiddleware.Invoke(HttpContext context)
   at Microsoft.AspNetCore.Authentication.AuthenticationMiddleware.Invoke(HttpContext context)
   at Microsoft.AspNetCore.RateLimiting.RateLimitingMiddleware.InvokeInternal(HttpContext context, EnableRateLimitingAttribute enableRateLimitingAttribute)
   at AppProject.Core.API.Middlewares.ExceptionMiddleware.InvokeAsync(HttpContext context) in C:\Course\dotnet-template\AppProject.Core.API\Middlewares\ExceptionMiddleware.cs:line 23
[15:34:21 INF] () Request finished HTTP/2 PUT https://localhost:7121/api/general/City/Put - 400 null application/json 4122.2819ms
[15:34:31 INF] () Request starting HTTP/2 OPTIONS https://localhost:7121/api/general/City/Put - null null
[15:34:31 INF] () CORS policy execution successful.
[15:34:31 INF] () Request finished HTTP/2 OPTIONS https://localhost:7121/api/general/City/Put - 204 null null 3.1964ms
[15:34:31 INF] () Request starting HTTP/2 PUT https://localhost:7121/api/general/City/Put - application/json; charset=utf-8 299
[15:34:31 INF] () CORS policy execution successful.
[15:34:31 INF] (vicente.maria.vm17@gmail.com) Executing endpoint 'AppProject.Core.Controllers.General.CityController.PutAsync (AppProject.Core.Controllers.General)'
[15:34:31 INF] (vicente.maria.vm17@gmail.com) Route matched with {action = "Put", controller = "City"}. Executing controller action with signature System.Threading.Tasks.Task`1[Microsoft.AspNetCore.Mvc.IActionResult] PutAsync(AppProject.Models.CreateOrUpdateRequest`1[AppProject.Core.Models.General.City], System.Threading.CancellationToken) on controller AppProject.Core.Controllers.General.CityController (AppProject.Core.Controllers.General).
[15:34:33 INF] (vicente.maria.vm17@gmail.com) Executed action AppProject.Core.Controllers.General.CityController.PutAsync (AppProject.Core.Controllers.General) in 2293.4421ms
[15:34:33 INF] (vicente.maria.vm17@gmail.com) Executed endpoint 'AppProject.Core.Controllers.General.CityController.PutAsync (AppProject.Core.Controllers.General)'
[15:34:33 ERR] () AppProject.Exceptions.AppException: Exception of type 'AppProject.Exceptions.AppException' was thrown.
   at AppProject.Core.API.Bootstraps.Bootstrap.<>c.<ConfigureValidations>b__7_0(ActionContext context) in C:\Course\dotnet-template\AppProject.Core.API\Bootstraps\Bootstrap.cs:line 239
   at Microsoft.AspNetCore.Mvc.Infrastructure.ModelStateInvalidFilter.OnActionExecuting(ActionExecutingContext context)
   at Microsoft.AspNetCore.Mvc.Infrastructure.ControllerActionInvoker.Next(State& next, Scope& scope, Object& state, Boolean& isCompleted)
   at Microsoft.AspNetCore.Mvc.Infrastructure.ControllerActionInvoker.InvokeNextActionFilterAsync()
--- End of stack trace from previous location ---
   at Microsoft.AspNetCore.Mvc.Infrastructure.ControllerActionInvoker.Rethrow(ActionExecutedContextSealed context)
   at Microsoft.AspNetCore.Mvc.Infrastructure.ControllerActionInvoker.Next(State& next, Scope& scope, Object& state, Boolean& isCompleted)
   at Microsoft.AspNetCore.Mvc.Infrastructure.ControllerActionInvoker.InvokeInnerFilterAsync()
--- End of stack trace from previous location ---
   at Microsoft.AspNetCore.Mvc.Infrastructure.ResourceInvoker.<InvokeFilterPipelineAsync>g__Awaited|20_0(ResourceInvoker invoker, Task lastTask, State next, Scope scope, Object state, Boolean isCompleted)
   at Microsoft.AspNetCore.Mvc.Infrastructure.ResourceInvoker.<InvokeAsync>g__Logged|17_1(ResourceInvoker invoker)
   at Microsoft.AspNetCore.Mvc.Infrastructure.ResourceInvoker.<InvokeAsync>g__Logged|17_1(ResourceInvoker invoker)
   at Microsoft.AspNetCore.Routing.EndpointMiddleware.<Invoke>g__AwaitRequestTask|7_0(Endpoint endpoint, Task requestTask, ILogger logger)
   at AppProject.Core.API.Middlewares.SerilogUserEnricherMiddleware.Invoke(HttpContext context) in C:\Course\dotnet-template\AppProject.Core.API\Middlewares\SerilogUserEnricherMiddleware.cs:line 17
   at Microsoft.AspNetCore.Authorization.AuthorizationMiddleware.Invoke(HttpContext context)
   at Microsoft.AspNetCore.Authentication.AuthenticationMiddleware.Invoke(HttpContext context)
   at Microsoft.AspNetCore.RateLimiting.RateLimitingMiddleware.InvokeInternal(HttpContext context, EnableRateLimitingAttribute enableRateLimitingAttribute)
   at AppProject.Core.API.Middlewares.ExceptionMiddleware.InvokeAsync(HttpContext context) in C:\Course\dotnet-template\AppProject.Core.API\Middlewares\ExceptionMiddleware.cs:line 23
[15:34:33 INF] () Request finished HTTP/2 PUT https://localhost:7121/api/general/City/Put - 400 null application/json 2356.5184ms
[15:34:41 INF] () Request starting HTTP/2 OPTIONS https://localhost:7121/api/general/CitySummary/GetSummaries?Take=100 - null null
[15:34:41 INF] () CORS policy execution successful.
[15:34:41 INF] () Request finished HTTP/2 OPTIONS https://localhost:7121/api/general/CitySummary/GetSummaries?Take=100 - 204 null null 2.949ms
[15:34:41 INF] () Request starting HTTP/2 GET https://localhost:7121/api/general/CitySummary/GetSummaries?Take=100 - null null
[15:34:41 INF] () CORS policy execution successful.
[15:34:41 INF] (vicente.maria.vm17@gmail.com) Executing endpoint 'AppProject.Core.Controllers.General.CitySummaryController.GetSummariesAsync (AppProject.Core.Controllers.General)'
[15:34:41 INF] (vicente.maria.vm17@gmail.com) Route matched with {action = "GetSummaries", controller = "CitySummary"}. Executing controller action with signature System.Threading.Tasks.Task`1[Microsoft.AspNetCore.Mvc.IActionResult] GetSummariesAsync(AppProject.Core.Models.General.CitySummarySearchRequest, System.Threading.CancellationToken) on controller AppProject.Core.Controllers.General.CitySummaryController (AppProject.Core.Controllers.General).
[15:34:41 INF] (vicente.maria.vm17@gmail.com) Executed DbCommand (5ms) [Parameters=[@__p_0='?' (DbType = Int32)], CommandType='"Text"', CommandTimeout='30']
SELECT [c0].[Id], [c0].[Name], [s].[Name] AS [StateName], [c0].[StateId], [c1].[Name] AS [CountryName], [s].[CountryId]
FROM (
    SELECT TOP(@__p_0) [c].[Id], [c].[Name], [c].[StateId]
    FROM [Cities] AS [c]
    ORDER BY [c].[Name]
) AS [c0]
INNER JOIN [States] AS [s] ON [c0].[StateId] = [s].[Id]
INNER JOIN [Countries] AS [c1] ON [s].[CountryId] = [c1].[Id]
ORDER BY [c0].[Name]
[15:34:41 INF] (vicente.maria.vm17@gmail.com) Executing OkObjectResult, writing value of type 'AppProject.Models.SummariesResponse`1[[AppProject.Core.Models.General.CitySummary, AppProject.Core.Models, Version=1.0.0.0, Culture=neutral, PublicKeyToken=null]]'.
[15:34:41 INF] (vicente.maria.vm17@gmail.com) Executed action AppProject.Core.Controllers.General.CitySummaryController.GetSummariesAsync (AppProject.Core.Controllers.General) in 8.6095ms
[15:34:41 INF] (vicente.maria.vm17@gmail.com) Executed endpoint 'AppProject.Core.Controllers.General.CitySummaryController.GetSummariesAsync (AppProject.Core.Controllers.General)'
[15:34:41 INF] () Request finished HTTP/2 GET https://localhost:7121/api/general/CitySummary/GetSummaries?Take=100 - 200 null application/json; charset=utf-8 18.0542ms
[15:34:43 INF] () Request starting HTTP/2 GET https://localhost:7121/api/general/CitySummary/GetSummaries?Take=100 - null null
[15:34:43 INF] () CORS policy execution successful.
[15:34:43 INF] (vicente.maria.vm17@gmail.com) Executing endpoint 'AppProject.Core.Controllers.General.CitySummaryController.GetSummariesAsync (AppProject.Core.Controllers.General)'
[15:34:43 INF] (vicente.maria.vm17@gmail.com) Route matched with {action = "GetSummaries", controller = "CitySummary"}. Executing controller action with signature System.Threading.Tasks.Task`1[Microsoft.AspNetCore.Mvc.IActionResult] GetSummariesAsync(AppProject.Core.Models.General.CitySummarySearchRequest, System.Threading.CancellationToken) on controller AppProject.Core.Controllers.General.CitySummaryController (AppProject.Core.Controllers.General).
[15:34:43 INF] (vicente.maria.vm17@gmail.com) Executed DbCommand (5ms) [Parameters=[@__p_0='?' (DbType = Int32)], CommandType='"Text"', CommandTimeout='30']
SELECT [c0].[Id], [c0].[Name], [s].[Name] AS [StateName], [c0].[StateId], [c1].[Name] AS [CountryName], [s].[CountryId]
FROM (
    SELECT TOP(@__p_0) [c].[Id], [c].[Name], [c].[StateId]
    FROM [Cities] AS [c]
    ORDER BY [c].[Name]
) AS [c0]
INNER JOIN [States] AS [s] ON [c0].[StateId] = [s].[Id]
INNER JOIN [Countries] AS [c1] ON [s].[CountryId] = [c1].[Id]
ORDER BY [c0].[Name]
[15:34:43 INF] (vicente.maria.vm17@gmail.com) Executing OkObjectResult, writing value of type 'AppProject.Models.SummariesResponse`1[[AppProject.Core.Models.General.CitySummary, AppProject.Core.Models, Version=1.0.0.0, Culture=neutral, PublicKeyToken=null]]'.
[15:34:43 INF] (vicente.maria.vm17@gmail.com) Executed action AppProject.Core.Controllers.General.CitySummaryController.GetSummariesAsync (AppProject.Core.Controllers.General) in 8.5921ms
[15:34:43 INF] (vicente.maria.vm17@gmail.com) Executed endpoint 'AppProject.Core.Controllers.General.CitySummaryController.GetSummariesAsync (AppProject.Core.Controllers.General)'
[15:34:43 INF] () Request finished HTTP/2 GET https://localhost:7121/api/general/CitySummary/GetSummaries?Take=100 - 200 null application/json; charset=utf-8 18.07ms
[15:34:49 INF] () Request starting HTTP/2 OPTIONS https://localhost:7121/api/general/City/Get?Id=7f3d42dc-4b9d-4a37-e4ed-08deca2bc236 - null null
[15:34:49 INF] () CORS policy execution successful.
[15:34:49 INF] () Request finished HTTP/2 OPTIONS https://localhost:7121/api/general/City/Get?Id=7f3d42dc-4b9d-4a37-e4ed-08deca2bc236 - 204 null null 3.5226ms
[15:34:49 INF] () Request starting HTTP/2 OPTIONS https://localhost:7121/api/general/StateSummary/GetSummaries?Take=100 - null null
[15:34:49 INF] () CORS policy execution successful.
[15:34:49 INF] () Request finished HTTP/2 OPTIONS https://localhost:7121/api/general/StateSummary/GetSummaries?Take=100 - 204 null null 26.4569ms
[15:34:49 INF] () Request starting HTTP/2 GET https://localhost:7121/api/general/City/Get?Id=7f3d42dc-4b9d-4a37-e4ed-08deca2bc236 - null null
[15:34:49 INF] () CORS policy execution successful.
[15:34:49 INF] (vicente.maria.vm17@gmail.com) Executing endpoint 'AppProject.Core.Controllers.General.CityController.GetAsync (AppProject.Core.Controllers.General)'
[15:34:49 INF] (vicente.maria.vm17@gmail.com) Route matched with {action = "Get", controller = "City"}. Executing controller action with signature System.Threading.Tasks.Task`1[Microsoft.AspNetCore.Mvc.IActionResult] GetAsync(AppProject.Models.GetByIdRequest`1[System.Guid], System.Threading.CancellationToken) on controller AppProject.Core.Controllers.General.CityController (AppProject.Core.Controllers.General).
[15:34:49 INF] () Request starting HTTP/2 GET https://localhost:7121/api/general/StateSummary/GetSummaries?Take=100 - null null
[15:34:49 INF] () CORS policy execution successful.
[15:34:49 INF] (vicente.maria.vm17@gmail.com) Executing endpoint 'AppProject.Core.Controllers.General.StateSummaryController.GetSummariesAsync (AppProject.Core.Controllers.General)'
[15:34:49 INF] (vicente.maria.vm17@gmail.com) Route matched with {action = "GetSummaries", controller = "StateSummary"}. Executing controller action with signature System.Threading.Tasks.Task`1[Microsoft.AspNetCore.Mvc.IActionResult] GetSummariesAsync(AppProject.Core.Models.General.StateSummarySearchRequest, System.Threading.CancellationToken) on controller AppProject.Core.Controllers.General.StateSummaryController (AppProject.Core.Controllers.General).
[15:34:49 INF] (vicente.maria.vm17@gmail.com) Executed DbCommand (10ms) [Parameters=[@__request_Id_0='?' (DbType = Guid)], CommandType='"Text"', CommandTimeout='30']
SELECT [c].[Id], [c].[Name], [c].[Code], [c].[StateId], [c].[RowVersion]
FROM [Cities] AS [c]
WHERE [c].[Id] = @__request_Id_0
[15:34:49 INF] (vicente.maria.vm17@gmail.com) Executing OkObjectResult, writing value of type 'AppProject.Models.EntityResponse`1[[AppProject.Core.Models.General.City, AppProject.Core.Models.General, Version=1.0.0.0, Culture=neutral, PublicKeyToken=null]]'.
[15:34:49 INF] (vicente.maria.vm17@gmail.com) Executed DbCommand (30ms) [Parameters=[@__p_0='?' (DbType = Int32)], CommandType='"Text"', CommandTimeout='30']
SELECT [s0].[Id], [s0].[Name], [c].[Name] AS [CountryName], [s0].[CountryId]
FROM (
    SELECT TOP(@__p_0) [s].[Id], [s].[CountryId], [s].[Name]
    FROM [States] AS [s]
    ORDER BY [s].[Name]
) AS [s0]
INNER JOIN [Countries] AS [c] ON [s0].[CountryId] = [c].[Id]
ORDER BY [s0].[Name]
[15:34:49 INF] (vicente.maria.vm17@gmail.com) Executed action AppProject.Core.Controllers.General.CityController.GetAsync (AppProject.Core.Controllers.General) in 105.2135ms
[15:34:49 INF] (vicente.maria.vm17@gmail.com) Executing OkObjectResult, writing value of type 'AppProject.Models.SummariesResponse`1[[AppProject.Core.Models.General.StateSummary, AppProject.Core.Models, Version=1.0.0.0, Culture=neutral, PublicKeyToken=null]]'.
[15:34:49 INF] (vicente.maria.vm17@gmail.com) Executed endpoint 'AppProject.Core.Controllers.General.CityController.GetAsync (AppProject.Core.Controllers.General)'
[15:34:49 INF] () Request finished HTTP/2 GET https://localhost:7121/api/general/City/Get?Id=7f3d42dc-4b9d-4a37-e4ed-08deca2bc236 - 200 null application/json; charset=utf-8 126.5868ms
[15:34:49 INF] (vicente.maria.vm17@gmail.com) Executed action AppProject.Core.Controllers.General.StateSummaryController.GetSummariesAsync (AppProject.Core.Controllers.General) in 44.0633ms
[15:34:49 INF] (vicente.maria.vm17@gmail.com) Executed endpoint 'AppProject.Core.Controllers.General.StateSummaryController.GetSummariesAsync (AppProject.Core.Controllers.General)'
[15:34:49 INF] () Request finished HTTP/2 GET https://localhost:7121/api/general/StateSummary/GetSummaries?Take=100 - 200 null application/json; charset=utf-8 125.7642ms
[15:34:49 INF] () Request starting HTTP/2 OPTIONS https://localhost:7121/api/general/City/GetNeighborhoods?ParentId=7f3d42dc-4b9d-4a37-e4ed-08deca2bc236 - null null
[15:34:49 INF] () CORS policy execution successful.
[15:34:49 INF] () Request finished HTTP/2 OPTIONS https://localhost:7121/api/general/City/GetNeighborhoods?ParentId=7f3d42dc-4b9d-4a37-e4ed-08deca2bc236 - 204 null null 3.712ms
[15:34:49 INF] () Request starting HTTP/2 GET https://localhost:7121/api/general/City/GetNeighborhoods?ParentId=7f3d42dc-4b9d-4a37-e4ed-08deca2bc236 - null null
[15:34:49 INF] () CORS policy execution successful.
[15:34:49 INF] (vicente.maria.vm17@gmail.com) Executing endpoint 'AppProject.Core.Controllers.General.CityController.GetNeighborhoodsAsync (AppProject.Core.Controllers.General)'
[15:34:49 INF] (vicente.maria.vm17@gmail.com) Route matched with {action = "GetNeighborhoods", controller = "City"}. Executing controller action with signature System.Threading.Tasks.Task`1[Microsoft.AspNetCore.Mvc.IActionResult] GetNeighborhoodsAsync(AppProject.Models.GetByParentIdRequest`1[System.Guid], System.Threading.CancellationToken) on controller AppProject.Core.Controllers.General.CityController (AppProject.Core.Controllers.General).
[15:34:49 INF] (vicente.maria.vm17@gmail.com) Executed DbCommand (3ms) [Parameters=[@__request_ParentId_0='?' (DbType = Guid)], CommandType='"Text"', CommandTimeout='30']
SELECT [n].[Id], [n].[Name], [n].[Code], [n].[RowVersion]
FROM [Neighborhoods] AS [n]
WHERE [n].[CityId] = @__request_ParentId_0
[15:34:49 INF] (vicente.maria.vm17@gmail.com) Executing OkObjectResult, writing value of type 'AppProject.Models.EntitiesResponse`1[[AppProject.Core.Models.General.Neighborhood, AppProject.Core.Models.General, Version=1.0.0.0, Culture=neutral, PublicKeyToken=null]]'.
[15:34:49 INF] (vicente.maria.vm17@gmail.com) Executed action AppProject.Core.Controllers.General.CityController.GetNeighborhoodsAsync (AppProject.Core.Controllers.General) in 6.7466ms
[15:34:49 INF] (vicente.maria.vm17@gmail.com) Executed endpoint 'AppProject.Core.Controllers.General.CityController.GetNeighborhoodsAsync (AppProject.Core.Controllers.General)'
[15:34:49 INF] () Request finished HTTP/2 GET https://localhost:7121/api/general/City/GetNeighborhoods?ParentId=7f3d42dc-4b9d-4a37-e4ed-08deca2bc236 - 200 null application/json; charset=utf-8 73.1591ms
[15:34:49 INF] () Request starting HTTP/2 GET https://localhost:7121/api/general/StateSummary/GetSummaries?Take=100 - null null
[15:34:49 INF] () CORS policy execution successful.
[15:34:49 INF] (vicente.maria.vm17@gmail.com) Executing endpoint 'AppProject.Core.Controllers.General.StateSummaryController.GetSummariesAsync (AppProject.Core.Controllers.General)'
[15:34:49 INF] (vicente.maria.vm17@gmail.com) Route matched with {action = "GetSummaries", controller = "StateSummary"}. Executing controller action with signature System.Threading.Tasks.Task`1[Microsoft.AspNetCore.Mvc.IActionResult] GetSummariesAsync(AppProject.Core.Models.General.StateSummarySearchRequest, System.Threading.CancellationToken) on controller AppProject.Core.Controllers.General.StateSummaryController (AppProject.Core.Controllers.General).
[15:34:49 INF] (vicente.maria.vm17@gmail.com) Executed DbCommand (1ms) [Parameters=[@__p_0='?' (DbType = Int32)], CommandType='"Text"', CommandTimeout='30']
SELECT [s0].[Id], [s0].[Name], [c].[Name] AS [CountryName], [s0].[CountryId]
FROM (
    SELECT TOP(@__p_0) [s].[Id], [s].[CountryId], [s].[Name]
    FROM [States] AS [s]
    ORDER BY [s].[Name]
) AS [s0]
INNER JOIN [Countries] AS [c] ON [s0].[CountryId] = [c].[Id]
ORDER BY [s0].[Name]
[15:34:49 INF] (vicente.maria.vm17@gmail.com) Executing OkObjectResult, writing value of type 'AppProject.Models.SummariesResponse`1[[AppProject.Core.Models.General.StateSummary, AppProject.Core.Models, Version=1.0.0.0, Culture=neutral, PublicKeyToken=null]]'.
[15:34:49 INF] (vicente.maria.vm17@gmail.com) Executed action AppProject.Core.Controllers.General.StateSummaryController.GetSummariesAsync (AppProject.Core.Controllers.General) in 4.7436ms
[15:34:49 INF] (vicente.maria.vm17@gmail.com) Executed endpoint 'AppProject.Core.Controllers.General.StateSummaryController.GetSummariesAsync (AppProject.Core.Controllers.General)'
[15:34:49 INF] () Request finished HTTP/2 GET https://localhost:7121/api/general/StateSummary/GetSummaries?Take=100 - 200 null application/json; charset=utf-8 13.0552ms
[15:34:58 INF] () Request starting HTTP/2 OPTIONS https://localhost:7121/api/general/City/Put - null null
[15:34:58 INF] () CORS policy execution successful.
[15:34:58 INF] () Request finished HTTP/2 OPTIONS https://localhost:7121/api/general/City/Put - 204 null null 3.8421ms
[15:34:58 INF] () Request starting HTTP/2 PUT https://localhost:7121/api/general/City/Put - application/json; charset=utf-8 284
[15:34:58 INF] () CORS policy execution successful.
[15:34:58 INF] (vicente.maria.vm17@gmail.com) Executing endpoint 'AppProject.Core.Controllers.General.CityController.PutAsync (AppProject.Core.Controllers.General)'
[15:34:58 INF] (vicente.maria.vm17@gmail.com) Route matched with {action = "Put", controller = "City"}. Executing controller action with signature System.Threading.Tasks.Task`1[Microsoft.AspNetCore.Mvc.IActionResult] PutAsync(AppProject.Models.CreateOrUpdateRequest`1[AppProject.Core.Models.General.City], System.Threading.CancellationToken) on controller AppProject.Core.Controllers.General.CityController (AppProject.Core.Controllers.General).
[15:35:01 INF] (vicente.maria.vm17@gmail.com) Executed DbCommand (6ms) [Parameters=[@__city_StateId_0='?' (DbType = Guid), @__city_Name_1='?' (Size = 200), @__city_Id_2='?' (DbType = Guid)], CommandType='"Text"', CommandTimeout='30']
SELECT CASE
    WHEN EXISTS (
        SELECT 1
        FROM [Cities] AS [c]
        WHERE [c].[StateId] = @__city_StateId_0 AND [c].[Name] = @__city_Name_1 AND [c].[Id] <> @__city_Id_2) THEN CAST(1 AS bit)
    ELSE CAST(0 AS bit)
END
[15:35:01 INF] (vicente.maria.vm17@gmail.com) Executed DbCommand (9ms) [Parameters=[@__city_Id_0='?' (DbType = Guid), @__neighborhoodNames_1='?' (Size = 4000), @__neighborhoodIds_2='?' (Size = 4000)], CommandType='"Text"', CommandTimeout='30']
SELECT CASE
    WHEN EXISTS (
        SELECT 1
        FROM [Neighborhoods] AS [n]
        WHERE [n].[CityId] = @__city_Id_0 AND [n].[Name] IN (
            SELECT [n0].[value]
            FROM OPENJSON(@__neighborhoodNames_1) WITH ([value] nvarchar(200) '$') AS [n0]
        ) AND NOT EXISTS (
            SELECT 1
            FROM OPENJSON(@__neighborhoodIds_2) WITH ([value] uniqueidentifier '$') AS [n1]
            WHERE [n1].[value] = [n].[Id])) THEN CAST(1 AS bit)
    ELSE CAST(0 AS bit)
END
[15:35:01 INF] (vicente.maria.vm17@gmail.com) Executed DbCommand (2ms) [Parameters=[@__request_Entity_Id_0='?' (DbType = Guid)], CommandType='"Text"', CommandTimeout='30']
SELECT [c].[Id], [c].[Code], [c].[CreatedAt], [c].[CreatedByUserId], [c].[CreatedByUserName], [c].[Name], [c].[RowVersion], [c].[StateId], [c].[UpdatedAt], [c].[UpdatedByUserId], [c].[UpdatedByUserName]
FROM [Cities] AS [c]
WHERE [c].[Id] = @__request_Entity_Id_0
[15:35:01 INF] (vicente.maria.vm17@gmail.com) Executed DbCommand (2ms) [Parameters=[@__neighborhood_Id_0='?' (DbType = Guid)], CommandType='"Text"', CommandTimeout='30']
SELECT [n].[Id], [n].[CityId], [n].[Code], [n].[CreatedAt], [n].[CreatedByUserId], [n].[CreatedByUserName], [n].[Name], [n].[RowVersion], [n].[UpdatedAt], [n].[UpdatedByUserId], [n].[UpdatedByUserName]
FROM [Neighborhoods] AS [n]
WHERE [n].[Id] = @__neighborhood_Id_0
[15:35:01 INF] (vicente.maria.vm17@gmail.com) Executed DbCommand (6ms) [Parameters=[@p9='?' (DbType = Guid), @p0='?' (Size = 200), @p1='?' (DbType = DateTimeOffset), @p2='?' (DbType = Guid), @p3='?' (Size = 255), @p4='?' (Size = 200), @p10='?' (Size = 8) (DbType = Binary), @p5='?' (DbType = Guid), @p6='?' (DbType = DateTimeOffset), @p7='?' (DbType = Guid), @p8='?' (Size = 255), @p11='?' (DbType = Guid), @p12='?' (Size = 8) (DbType = Binary)], CommandType='"Text"', CommandTimeout='30']
SET NOCOUNT ON;
UPDATE [Cities] SET [Code] = @p0, [CreatedAt] = @p1, [CreatedByUserId] = @p2, [CreatedByUserName] = @p3, [Name] = @p4, [StateId] = @p5, [UpdatedAt] = @p6, [UpdatedByUserId] = @p7, [UpdatedByUserName] = @p8
OUTPUT INSERTED.[RowVersion]
WHERE [Id] = @p9 AND [RowVersion] = @p10;
DELETE FROM [Neighborhoods]
OUTPUT 1
WHERE [Id] = @p11 AND [RowVersion] = @p12;
[15:35:01 INF] (vicente.maria.vm17@gmail.com) Executing OkObjectResult, writing value of type 'AppProject.Models.KeyResponse`1[[System.Guid, System.Private.CoreLib, Version=9.0.0.0, Culture=neutral, PublicKeyToken=7cec85d7bea7798e]]'.
[15:35:01 INF] (vicente.maria.vm17@gmail.com) Executed action AppProject.Core.Controllers.General.CityController.PutAsync (AppProject.Core.Controllers.General) in 3346.1673ms
[15:35:01 INF] (vicente.maria.vm17@gmail.com) Executed endpoint 'AppProject.Core.Controllers.General.CityController.PutAsync (AppProject.Core.Controllers.General)'
[15:35:01 INF] () Request finished HTTP/2 PUT https://localhost:7121/api/general/City/Put - 200 null application/json; charset=utf-8 3358.6845ms
[15:35:01 INF] () Request starting HTTP/2 OPTIONS https://localhost:7121/api/general/CitySummary/GetSummaries?Take=100 - null null
[15:35:01 INF] () CORS policy execution successful.
[15:35:01 INF] () Request finished HTTP/2 OPTIONS https://localhost:7121/api/general/CitySummary/GetSummaries?Take=100 - 204 null null 2.8821ms
[15:35:01 INF] () Request starting HTTP/2 GET https://localhost:7121/api/general/CitySummary/GetSummaries?Take=100 - null null
[15:35:01 INF] () CORS policy execution successful.
[15:35:01 INF] (vicente.maria.vm17@gmail.com) Executing endpoint 'AppProject.Core.Controllers.General.CitySummaryController.GetSummariesAsync (AppProject.Core.Controllers.General)'
[15:35:01 INF] (vicente.maria.vm17@gmail.com) Route matched with {action = "GetSummaries", controller = "CitySummary"}. Executing controller action with signature System.Threading.Tasks.Task`1[Microsoft.AspNetCore.Mvc.IActionResult] GetSummariesAsync(AppProject.Core.Models.General.CitySummarySearchRequest, System.Threading.CancellationToken) on controller AppProject.Core.Controllers.General.CitySummaryController (AppProject.Core.Controllers.General).
[15:35:02 INF] (vicente.maria.vm17@gmail.com) Executed DbCommand (0ms) [Parameters=[@__p_0='?' (DbType = Int32)], CommandType='"Text"', CommandTimeout='30']
SELECT [c0].[Id], [c0].[Name], [s].[Name] AS [StateName], [c0].[StateId], [c1].[Name] AS [CountryName], [s].[CountryId]
FROM (
    SELECT TOP(@__p_0) [c].[Id], [c].[Name], [c].[StateId]
    FROM [Cities] AS [c]
    ORDER BY [c].[Name]
) AS [c0]
INNER JOIN [States] AS [s] ON [c0].[StateId] = [s].[Id]
INNER JOIN [Countries] AS [c1] ON [s].[CountryId] = [c1].[Id]
ORDER BY [c0].[Name]
[15:35:02 INF] (vicente.maria.vm17@gmail.com) Executing OkObjectResult, writing value of type 'AppProject.Models.SummariesResponse`1[[AppProject.Core.Models.General.CitySummary, AppProject.Core.Models, Version=1.0.0.0, Culture=neutral, PublicKeyToken=null]]'.
[15:35:02 INF] (vicente.maria.vm17@gmail.com) Executed action AppProject.Core.Controllers.General.CitySummaryController.GetSummariesAsync (AppProject.Core.Controllers.General) in 3.7998ms
[15:35:02 INF] (vicente.maria.vm17@gmail.com) Executed endpoint 'AppProject.Core.Controllers.General.CitySummaryController.GetSummariesAsync (AppProject.Core.Controllers.General)'
[15:35:02 INF] () Request finished HTTP/2 GET https://localhost:7121/api/general/CitySummary/GetSummaries?Take=100 - 200 null application/json; charset=utf-8 14.1585ms
[15:35:09 INF] () Request starting HTTP/2 OPTIONS https://localhost:7121/api/general/City/Get?Id=7f3d42dc-4b9d-4a37-e4ed-08deca2bc236 - null null
[15:35:09 INF] () CORS policy execution successful.
[15:35:09 INF] () Request finished HTTP/2 OPTIONS https://localhost:7121/api/general/City/Get?Id=7f3d42dc-4b9d-4a37-e4ed-08deca2bc236 - 204 null null 2.984ms
[15:35:09 INF] () Request starting HTTP/2 GET https://localhost:7121/api/general/City/Get?Id=7f3d42dc-4b9d-4a37-e4ed-08deca2bc236 - null null
[15:35:09 INF] () CORS policy execution successful.
[15:35:09 INF] (vicente.maria.vm17@gmail.com) Executing endpoint 'AppProject.Core.Controllers.General.CityController.GetAsync (AppProject.Core.Controllers.General)'
[15:35:09 INF] (vicente.maria.vm17@gmail.com) Route matched with {action = "Get", controller = "City"}. Executing controller action with signature System.Threading.Tasks.Task`1[Microsoft.AspNetCore.Mvc.IActionResult] GetAsync(AppProject.Models.GetByIdRequest`1[System.Guid], System.Threading.CancellationToken) on controller AppProject.Core.Controllers.General.CityController (AppProject.Core.Controllers.General).
[15:35:09 INF] (vicente.maria.vm17@gmail.com) Executed DbCommand (0ms) [Parameters=[@__request_Id_0='?' (DbType = Guid)], CommandType='"Text"', CommandTimeout='30']
SELECT [c].[Id], [c].[Name], [c].[Code], [c].[StateId], [c].[RowVersion]
FROM [Cities] AS [c]
WHERE [c].[Id] = @__request_Id_0
[15:35:09 INF] (vicente.maria.vm17@gmail.com) Executing OkObjectResult, writing value of type 'AppProject.Models.EntityResponse`1[[AppProject.Core.Models.General.City, AppProject.Core.Models.General, Version=1.0.0.0, Culture=neutral, PublicKeyToken=null]]'.
[15:35:09 INF] (vicente.maria.vm17@gmail.com) Executed action AppProject.Core.Controllers.General.CityController.GetAsync (AppProject.Core.Controllers.General) in 4.5708ms
[15:35:09 INF] (vicente.maria.vm17@gmail.com) Executed endpoint 'AppProject.Core.Controllers.General.CityController.GetAsync (AppProject.Core.Controllers.General)'
[15:35:09 INF] () Request finished HTTP/2 GET https://localhost:7121/api/general/City/Get?Id=7f3d42dc-4b9d-4a37-e4ed-08deca2bc236 - 200 null application/json; charset=utf-8 13.8ms
[15:35:09 INF] () Request starting HTTP/2 OPTIONS https://localhost:7121/api/general/StateSummary/GetSummaries?Take=100 - null null
[15:35:09 INF] () CORS policy execution successful.
[15:35:09 INF] () Request finished HTTP/2 OPTIONS https://localhost:7121/api/general/StateSummary/GetSummaries?Take=100 - 204 null null 3.1486ms
[15:35:09 INF] () Request starting HTTP/2 GET https://localhost:7121/api/general/StateSummary/GetSummaries?Take=100 - null null
[15:35:09 INF] () CORS policy execution successful.
[15:35:09 INF] (vicente.maria.vm17@gmail.com) Executing endpoint 'AppProject.Core.Controllers.General.StateSummaryController.GetSummariesAsync (AppProject.Core.Controllers.General)'
[15:35:09 INF] (vicente.maria.vm17@gmail.com) Route matched with {action = "GetSummaries", controller = "StateSummary"}. Executing controller action with signature System.Threading.Tasks.Task`1[Microsoft.AspNetCore.Mvc.IActionResult] GetSummariesAsync(AppProject.Core.Models.General.StateSummarySearchRequest, System.Threading.CancellationToken) on controller AppProject.Core.Controllers.General.StateSummaryController (AppProject.Core.Controllers.General).
[15:35:09 INF] (vicente.maria.vm17@gmail.com) Executed DbCommand (1ms) [Parameters=[@__p_0='?' (DbType = Int32)], CommandType='"Text"', CommandTimeout='30']
SELECT [s0].[Id], [s0].[Name], [c].[Name] AS [CountryName], [s0].[CountryId]
FROM (
    SELECT TOP(@__p_0) [s].[Id], [s].[CountryId], [s].[Name]
    FROM [States] AS [s]
    ORDER BY [s].[Name]
) AS [s0]
INNER JOIN [Countries] AS [c] ON [s0].[CountryId] = [c].[Id]
ORDER BY [s0].[Name]
[15:35:09 INF] (vicente.maria.vm17@gmail.com) Executing OkObjectResult, writing value of type 'AppProject.Models.SummariesResponse`1[[AppProject.Core.Models.General.StateSummary, AppProject.Core.Models, Version=1.0.0.0, Culture=neutral, PublicKeyToken=null]]'.
[15:35:09 INF] (vicente.maria.vm17@gmail.com) Executed action AppProject.Core.Controllers.General.StateSummaryController.GetSummariesAsync (AppProject.Core.Controllers.General) in 5.117ms
[15:35:09 INF] (vicente.maria.vm17@gmail.com) Executed endpoint 'AppProject.Core.Controllers.General.StateSummaryController.GetSummariesAsync (AppProject.Core.Controllers.General)'
[15:35:09 INF] () Request finished HTTP/2 GET https://localhost:7121/api/general/StateSummary/GetSummaries?Take=100 - 200 null application/json; charset=utf-8 37.8767ms
[15:35:09 INF] () Request starting HTTP/2 OPTIONS https://localhost:7121/api/general/City/GetNeighborhoods?ParentId=7f3d42dc-4b9d-4a37-e4ed-08deca2bc236 - null null
[15:35:09 INF] () CORS policy execution successful.
[15:35:09 INF] () Request finished HTTP/2 OPTIONS https://localhost:7121/api/general/City/GetNeighborhoods?ParentId=7f3d42dc-4b9d-4a37-e4ed-08deca2bc236 - 204 null null 4.1477ms
[15:35:09 INF] () Request starting HTTP/2 GET https://localhost:7121/api/general/City/GetNeighborhoods?ParentId=7f3d42dc-4b9d-4a37-e4ed-08deca2bc236 - null null
[15:35:09 INF] () CORS policy execution successful.
[15:35:09 INF] (vicente.maria.vm17@gmail.com) Executing endpoint 'AppProject.Core.Controllers.General.CityController.GetNeighborhoodsAsync (AppProject.Core.Controllers.General)'
[15:35:09 INF] (vicente.maria.vm17@gmail.com) Route matched with {action = "GetNeighborhoods", controller = "City"}. Executing controller action with signature System.Threading.Tasks.Task`1[Microsoft.AspNetCore.Mvc.IActionResult] GetNeighborhoodsAsync(AppProject.Models.GetByParentIdRequest`1[System.Guid], System.Threading.CancellationToken) on controller AppProject.Core.Controllers.General.CityController (AppProject.Core.Controllers.General).
[15:35:09 INF] (vicente.maria.vm17@gmail.com) Executed DbCommand (1ms) [Parameters=[@__request_ParentId_0='?' (DbType = Guid)], CommandType='"Text"', CommandTimeout='30']
SELECT [n].[Id], [n].[Name], [n].[Code], [n].[RowVersion]
FROM [Neighborhoods] AS [n]
WHERE [n].[CityId] = @__request_ParentId_0
[15:35:09 INF] (vicente.maria.vm17@gmail.com) Executing OkObjectResult, writing value of type 'AppProject.Models.EntitiesResponse`1[[AppProject.Core.Models.General.Neighborhood, AppProject.Core.Models.General, Version=1.0.0.0, Culture=neutral, PublicKeyToken=null]]'.
[15:35:09 INF] (vicente.maria.vm17@gmail.com) Executed action AppProject.Core.Controllers.General.CityController.GetNeighborhoodsAsync (AppProject.Core.Controllers.General) in 5.9192ms
[15:35:09 INF] (vicente.maria.vm17@gmail.com) Executed endpoint 'AppProject.Core.Controllers.General.CityController.GetNeighborhoodsAsync (AppProject.Core.Controllers.General)'
[15:35:09 INF] () Request finished HTTP/2 GET https://localhost:7121/api/general/City/GetNeighborhoods?ParentId=7f3d42dc-4b9d-4a37-e4ed-08deca2bc236 - 200 null application/json; charset=utf-8 57.9527ms
[15:35:09 INF] () Request starting HTTP/2 GET https://localhost:7121/api/general/StateSummary/GetSummaries?Take=100 - null null
[15:35:09 INF] () CORS policy execution successful.
[15:35:09 INF] (vicente.maria.vm17@gmail.com) Executing endpoint 'AppProject.Core.Controllers.General.StateSummaryController.GetSummariesAsync (AppProject.Core.Controllers.General)'
[15:35:09 INF] (vicente.maria.vm17@gmail.com) Route matched with {action = "GetSummaries", controller = "StateSummary"}. Executing controller action with signature System.Threading.Tasks.Task`1[Microsoft.AspNetCore.Mvc.IActionResult] GetSummariesAsync(AppProject.Core.Models.General.StateSummarySearchRequest, System.Threading.CancellationToken) on controller AppProject.Core.Controllers.General.StateSummaryController (AppProject.Core.Controllers.General).
[15:35:09 INF] (vicente.maria.vm17@gmail.com) Executed DbCommand (0ms) [Parameters=[@__p_0='?' (DbType = Int32)], CommandType='"Text"', CommandTimeout='30']
SELECT [s0].[Id], [s0].[Name], [c].[Name] AS [CountryName], [s0].[CountryId]
FROM (
    SELECT TOP(@__p_0) [s].[Id], [s].[CountryId], [s].[Name]
    FROM [States] AS [s]
    ORDER BY [s].[Name]
) AS [s0]
INNER JOIN [Countries] AS [c] ON [s0].[CountryId] = [c].[Id]
ORDER BY [s0].[Name]
[15:35:09 INF] (vicente.maria.vm17@gmail.com) Executing OkObjectResult, writing value of type 'AppProject.Models.SummariesResponse`1[[AppProject.Core.Models.General.StateSummary, AppProject.Core.Models, Version=1.0.0.0, Culture=neutral, PublicKeyToken=null]]'.
[15:35:09 INF] (vicente.maria.vm17@gmail.com) Executed action AppProject.Core.Controllers.General.StateSummaryController.GetSummariesAsync (AppProject.Core.Controllers.General) in 4.4195ms
[15:35:09 INF] (vicente.maria.vm17@gmail.com) Executed endpoint 'AppProject.Core.Controllers.General.StateSummaryController.GetSummariesAsync (AppProject.Core.Controllers.General)'
[15:35:09 INF] () Request finished HTTP/2 GET https://localhost:7121/api/general/StateSummary/GetSummaries?Take=100 - 200 null application/json; charset=utf-8 13.0674ms
[15:35:12 INF] () Request starting HTTP/2 OPTIONS https://localhost:7121/api/general/CitySummary/GetSummaries?Take=100 - null null
[15:35:12 INF] () CORS policy execution successful.
[15:35:12 INF] () Request finished HTTP/2 OPTIONS https://localhost:7121/api/general/CitySummary/GetSummaries?Take=100 - 204 null null 2.8013ms
[15:35:12 INF] () Request starting HTTP/2 GET https://localhost:7121/api/general/CitySummary/GetSummaries?Take=100 - null null
[15:35:12 INF] () CORS policy execution successful.
[15:35:12 INF] (vicente.maria.vm17@gmail.com) Executing endpoint 'AppProject.Core.Controllers.General.CitySummaryController.GetSummariesAsync (AppProject.Core.Controllers.General)'
[15:35:12 INF] (vicente.maria.vm17@gmail.com) Route matched with {action = "GetSummaries", controller = "CitySummary"}. Executing controller action with signature System.Threading.Tasks.Task`1[Microsoft.AspNetCore.Mvc.IActionResult] GetSummariesAsync(AppProject.Core.Models.General.CitySummarySearchRequest, System.Threading.CancellationToken) on controller AppProject.Core.Controllers.General.CitySummaryController (AppProject.Core.Controllers.General).
[15:35:12 INF] (vicente.maria.vm17@gmail.com) Executed DbCommand (1ms) [Parameters=[@__p_0='?' (DbType = Int32)], CommandType='"Text"', CommandTimeout='30']
SELECT [c0].[Id], [c0].[Name], [s].[Name] AS [StateName], [c0].[StateId], [c1].[Name] AS [CountryName], [s].[CountryId]
FROM (
    SELECT TOP(@__p_0) [c].[Id], [c].[Name], [c].[StateId]
    FROM [Cities] AS [c]
    ORDER BY [c].[Name]
) AS [c0]
INNER JOIN [States] AS [s] ON [c0].[StateId] = [s].[Id]
INNER JOIN [Countries] AS [c1] ON [s].[CountryId] = [c1].[Id]
ORDER BY [c0].[Name]
[15:35:12 INF] (vicente.maria.vm17@gmail.com) Executing OkObjectResult, writing value of type 'AppProject.Models.SummariesResponse`1[[AppProject.Core.Models.General.CitySummary, AppProject.Core.Models, Version=1.0.0.0, Culture=neutral, PublicKeyToken=null]]'.
[15:35:12 INF] (vicente.maria.vm17@gmail.com) Executed action AppProject.Core.Controllers.General.CitySummaryController.GetSummariesAsync (AppProject.Core.Controllers.General) in 4.4628ms
[15:35:12 INF] (vicente.maria.vm17@gmail.com) Executed endpoint 'AppProject.Core.Controllers.General.CitySummaryController.GetSummariesAsync (AppProject.Core.Controllers.General)'
[15:35:12 INF] () Request finished HTTP/2 GET https://localhost:7121/api/general/CitySummary/GetSummaries?Take=100 - 200 null application/json; charset=utf-8 14.5921ms
[15:36:29 INF] () Request starting HTTP/2 OPTIONS https://localhost:7121/api/general/StateSummary/GetSummaries?Take=100 - null null
[15:36:29 INF] () CORS policy execution successful.
[15:36:29 INF] () Request finished HTTP/2 OPTIONS https://localhost:7121/api/general/StateSummary/GetSummaries?Take=100 - 204 null null 3.1494ms
[15:36:29 INF] () Request starting HTTP/2 GET https://localhost:7121/api/general/StateSummary/GetSummaries?Take=100 - null null
[15:36:29 INF] () CORS policy execution successful.
[15:36:29 INF] (vicente.maria.vm17@gmail.com) Executing endpoint 'AppProject.Core.Controllers.General.StateSummaryController.GetSummariesAsync (AppProject.Core.Controllers.General)'
[15:36:29 INF] (vicente.maria.vm17@gmail.com) Route matched with {action = "GetSummaries", controller = "StateSummary"}. Executing controller action with signature System.Threading.Tasks.Task`1[Microsoft.AspNetCore.Mvc.IActionResult] GetSummariesAsync(AppProject.Core.Models.General.StateSummarySearchRequest, System.Threading.CancellationToken) on controller AppProject.Core.Controllers.General.StateSummaryController (AppProject.Core.Controllers.General).
[15:36:29 INF] (vicente.maria.vm17@gmail.com) Executed DbCommand (4ms) [Parameters=[@__p_0='?' (DbType = Int32)], CommandType='"Text"', CommandTimeout='30']
SELECT [s0].[Id], [s0].[Name], [c].[Name] AS [CountryName], [s0].[CountryId]
FROM (
    SELECT TOP(@__p_0) [s].[Id], [s].[CountryId], [s].[Name]
    FROM [States] AS [s]
    ORDER BY [s].[Name]
) AS [s0]
INNER JOIN [Countries] AS [c] ON [s0].[CountryId] = [c].[Id]
ORDER BY [s0].[Name]
[15:36:29 INF] (vicente.maria.vm17@gmail.com) Executing OkObjectResult, writing value of type 'AppProject.Models.SummariesResponse`1[[AppProject.Core.Models.General.StateSummary, AppProject.Core.Models, Version=1.0.0.0, Culture=neutral, PublicKeyToken=null]]'.
[15:36:29 INF] (vicente.maria.vm17@gmail.com) Executed action AppProject.Core.Controllers.General.StateSummaryController.GetSummariesAsync (AppProject.Core.Controllers.General) in 7.7147ms
[15:36:29 INF] (vicente.maria.vm17@gmail.com) Executed endpoint 'AppProject.Core.Controllers.General.StateSummaryController.GetSummariesAsync (AppProject.Core.Controllers.General)'
[15:36:29 INF] () Request finished HTTP/2 GET https://localhost:7121/api/general/StateSummary/GetSummaries?Take=100 - 200 null application/json; charset=utf-8 17.0301ms
[15:36:45 INF] () Request starting HTTP/2 OPTIONS https://localhost:7121/api/general/CitySummary/GetSummaries?Take=100 - null null
[15:36:45 INF] () CORS policy execution successful.
[15:36:45 INF] () Request finished HTTP/2 OPTIONS https://localhost:7121/api/general/CitySummary/GetSummaries?Take=100 - 204 null null 2.9358ms
[15:36:45 INF] () Request starting HTTP/2 GET https://localhost:7121/api/general/CitySummary/GetSummaries?Take=100 - null null
[15:36:45 INF] () CORS policy execution successful.
[15:36:45 INF] (vicente.maria.vm17@gmail.com) Executing endpoint 'AppProject.Core.Controllers.General.CitySummaryController.GetSummariesAsync (AppProject.Core.Controllers.General)'
[15:36:45 INF] (vicente.maria.vm17@gmail.com) Route matched with {action = "GetSummaries", controller = "CitySummary"}. Executing controller action with signature System.Threading.Tasks.Task`1[Microsoft.AspNetCore.Mvc.IActionResult] GetSummariesAsync(AppProject.Core.Models.General.CitySummarySearchRequest, System.Threading.CancellationToken) on controller AppProject.Core.Controllers.General.CitySummaryController (AppProject.Core.Controllers.General).
[15:36:45 INF] (vicente.maria.vm17@gmail.com) Executed DbCommand (3ms) [Parameters=[@__p_0='?' (DbType = Int32)], CommandType='"Text"', CommandTimeout='30']
SELECT [c0].[Id], [c0].[Name], [s].[Name] AS [StateName], [c0].[StateId], [c1].[Name] AS [CountryName], [s].[CountryId]
FROM (
    SELECT TOP(@__p_0) [c].[Id], [c].[Name], [c].[StateId]
    FROM [Cities] AS [c]
    ORDER BY [c].[Name]
) AS [c0]
INNER JOIN [States] AS [s] ON [c0].[StateId] = [s].[Id]
INNER JOIN [Countries] AS [c1] ON [s].[CountryId] = [c1].[Id]
ORDER BY [c0].[Name]
[15:36:45 INF] (vicente.maria.vm17@gmail.com) Executing OkObjectResult, writing value of type 'AppProject.Models.SummariesResponse`1[[AppProject.Core.Models.General.CitySummary, AppProject.Core.Models, Version=1.0.0.0, Culture=neutral, PublicKeyToken=null]]'.
[15:36:45 INF] (vicente.maria.vm17@gmail.com) Executed action AppProject.Core.Controllers.General.CitySummaryController.GetSummariesAsync (AppProject.Core.Controllers.General) in 7.5899ms
[15:36:45 INF] (vicente.maria.vm17@gmail.com) Executed endpoint 'AppProject.Core.Controllers.General.CitySummaryController.GetSummariesAsync (AppProject.Core.Controllers.General)'
[15:36:45 INF] () Request finished HTTP/2 GET https://localhost:7121/api/general/CitySummary/GetSummaries?Take=100 - 200 null application/json; charset=utf-8 42.1163ms
[15:36:57 INF] () Request starting HTTP/2 OPTIONS https://localhost:7121/api/general/City/Get?Id=7f3d42dc-4b9d-4a37-e4ed-08deca2bc236 - null null
[15:36:57 INF] () CORS policy execution successful.
[15:36:57 INF] () Request finished HTTP/2 OPTIONS https://localhost:7121/api/general/City/Get?Id=7f3d42dc-4b9d-4a37-e4ed-08deca2bc236 - 204 null null 3.1791ms
[15:36:57 INF] () Request starting HTTP/2 OPTIONS https://localhost:7121/api/general/StateSummary/GetSummaries?Take=100 - null null
[15:36:57 INF] () CORS policy execution successful.
[15:36:57 INF] () Request finished HTTP/2 OPTIONS https://localhost:7121/api/general/StateSummary/GetSummaries?Take=100 - 204 null null 3.4132ms
[15:36:57 INF] () Request starting HTTP/2 GET https://localhost:7121/api/general/City/Get?Id=7f3d42dc-4b9d-4a37-e4ed-08deca2bc236 - null null
[15:36:57 INF] () CORS policy execution successful.
[15:36:57 INF] () Request starting HTTP/2 GET https://localhost:7121/api/general/StateSummary/GetSummaries?Take=100 - null null
[15:36:57 INF] () CORS policy execution successful.
[15:36:57 INF] (vicente.maria.vm17@gmail.com) Executing endpoint 'AppProject.Core.Controllers.General.CityController.GetAsync (AppProject.Core.Controllers.General)'
[15:36:57 INF] (vicente.maria.vm17@gmail.com) Route matched with {action = "Get", controller = "City"}. Executing controller action with signature System.Threading.Tasks.Task`1[Microsoft.AspNetCore.Mvc.IActionResult] GetAsync(AppProject.Models.GetByIdRequest`1[System.Guid], System.Threading.CancellationToken) on controller AppProject.Core.Controllers.General.CityController (AppProject.Core.Controllers.General).
[15:36:57 INF] (vicente.maria.vm17@gmail.com) Executing endpoint 'AppProject.Core.Controllers.General.StateSummaryController.GetSummariesAsync (AppProject.Core.Controllers.General)'
[15:36:57 INF] (vicente.maria.vm17@gmail.com) Route matched with {action = "GetSummaries", controller = "StateSummary"}. Executing controller action with signature System.Threading.Tasks.Task`1[Microsoft.AspNetCore.Mvc.IActionResult] GetSummariesAsync(AppProject.Core.Models.General.StateSummarySearchRequest, System.Threading.CancellationToken) on controller AppProject.Core.Controllers.General.StateSummaryController (AppProject.Core.Controllers.General).
[15:36:57 INF] (vicente.maria.vm17@gmail.com) Executed DbCommand (2ms) [Parameters=[@__request_Id_0='?' (DbType = Guid)], CommandType='"Text"', CommandTimeout='30']
SELECT [c].[Id], [c].[Name], [c].[Code], [c].[StateId], [c].[RowVersion]
FROM [Cities] AS [c]
WHERE [c].[Id] = @__request_Id_0
[15:36:57 INF] (vicente.maria.vm17@gmail.com) Executed DbCommand (5ms) [Parameters=[@__p_0='?' (DbType = Int32)], CommandType='"Text"', CommandTimeout='30']
SELECT [s0].[Id], [s0].[Name], [c].[Name] AS [CountryName], [s0].[CountryId]
FROM (
    SELECT TOP(@__p_0) [s].[Id], [s].[CountryId], [s].[Name]
    FROM [States] AS [s]
    ORDER BY [s].[Name]
) AS [s0]
INNER JOIN [Countries] AS [c] ON [s0].[CountryId] = [c].[Id]
ORDER BY [s0].[Name]
[15:36:57 INF] (vicente.maria.vm17@gmail.com) Executing OkObjectResult, writing value of type 'AppProject.Models.EntityResponse`1[[AppProject.Core.Models.General.City, AppProject.Core.Models.General, Version=1.0.0.0, Culture=neutral, PublicKeyToken=null]]'.
[15:36:57 INF] (vicente.maria.vm17@gmail.com) Executing OkObjectResult, writing value of type 'AppProject.Models.SummariesResponse`1[[AppProject.Core.Models.General.StateSummary, AppProject.Core.Models, Version=1.0.0.0, Culture=neutral, PublicKeyToken=null]]'.
[15:36:57 INF] (vicente.maria.vm17@gmail.com) Executed action AppProject.Core.Controllers.General.CityController.GetAsync (AppProject.Core.Controllers.General) in 40.7607ms
[15:36:57 INF] (vicente.maria.vm17@gmail.com) Executed action AppProject.Core.Controllers.General.StateSummaryController.GetSummariesAsync (AppProject.Core.Controllers.General) in 33.3339ms
[15:36:57 INF] (vicente.maria.vm17@gmail.com) Executed endpoint 'AppProject.Core.Controllers.General.CityController.GetAsync (AppProject.Core.Controllers.General)'
[15:36:57 INF] (vicente.maria.vm17@gmail.com) Executed endpoint 'AppProject.Core.Controllers.General.StateSummaryController.GetSummariesAsync (AppProject.Core.Controllers.General)'
[15:36:57 INF] () Request finished HTTP/2 GET https://localhost:7121/api/general/City/Get?Id=7f3d42dc-4b9d-4a37-e4ed-08deca2bc236 - 200 null application/json; charset=utf-8 223.2272ms
[15:36:57 INF] () Request finished HTTP/2 GET https://localhost:7121/api/general/StateSummary/GetSummaries?Take=100 - 200 null application/json; charset=utf-8 185.6854ms
[15:36:57 INF] () Request starting HTTP/2 OPTIONS https://localhost:7121/api/general/City/GetNeighborhoods?ParentId=7f3d42dc-4b9d-4a37-e4ed-08deca2bc236 - null null
[15:36:57 INF] () CORS policy execution successful.
[15:36:57 INF] () Request finished HTTP/2 OPTIONS https://localhost:7121/api/general/City/GetNeighborhoods?ParentId=7f3d42dc-4b9d-4a37-e4ed-08deca2bc236 - 204 null null 3.8451ms
[15:36:57 INF] () Request starting HTTP/2 GET https://localhost:7121/api/general/City/GetNeighborhoods?ParentId=7f3d42dc-4b9d-4a37-e4ed-08deca2bc236 - null null
[15:36:57 INF] () CORS policy execution successful.
[15:36:57 INF] (vicente.maria.vm17@gmail.com) Executing endpoint 'AppProject.Core.Controllers.General.CityController.GetNeighborhoodsAsync (AppProject.Core.Controllers.General)'
[15:36:57 INF] (vicente.maria.vm17@gmail.com) Route matched with {action = "GetNeighborhoods", controller = "City"}. Executing controller action with signature System.Threading.Tasks.Task`1[Microsoft.AspNetCore.Mvc.IActionResult] GetNeighborhoodsAsync(AppProject.Models.GetByParentIdRequest`1[System.Guid], System.Threading.CancellationToken) on controller AppProject.Core.Controllers.General.CityController (AppProject.Core.Controllers.General).
[15:36:57 INF] (vicente.maria.vm17@gmail.com) Executed DbCommand (2ms) [Parameters=[@__request_ParentId_0='?' (DbType = Guid)], CommandType='"Text"', CommandTimeout='30']
SELECT [n].[Id], [n].[Name], [n].[Code], [n].[RowVersion]
FROM [Neighborhoods] AS [n]
WHERE [n].[CityId] = @__request_ParentId_0
[15:36:57 INF] (vicente.maria.vm17@gmail.com) Executing OkObjectResult, writing value of type 'AppProject.Models.EntitiesResponse`1[[AppProject.Core.Models.General.Neighborhood, AppProject.Core.Models.General, Version=1.0.0.0, Culture=neutral, PublicKeyToken=null]]'.
[15:36:57 INF] (vicente.maria.vm17@gmail.com) Executed action AppProject.Core.Controllers.General.CityController.GetNeighborhoodsAsync (AppProject.Core.Controllers.General) in 5.899ms
[15:36:57 INF] (vicente.maria.vm17@gmail.com) Executed endpoint 'AppProject.Core.Controllers.General.CityController.GetNeighborhoodsAsync (AppProject.Core.Controllers.General)'
[15:36:57 INF] () Request finished HTTP/2 GET https://localhost:7121/api/general/City/GetNeighborhoods?ParentId=7f3d42dc-4b9d-4a37-e4ed-08deca2bc236 - 200 null application/json; charset=utf-8 15.126ms
[15:36:57 INF] () Request starting HTTP/2 GET https://localhost:7121/api/general/StateSummary/GetSummaries?Take=100 - null null
[15:36:57 INF] () CORS policy execution successful.
[15:36:57 INF] (vicente.maria.vm17@gmail.com) Executing endpoint 'AppProject.Core.Controllers.General.StateSummaryController.GetSummariesAsync (AppProject.Core.Controllers.General)'
[15:36:57 INF] (vicente.maria.vm17@gmail.com) Route matched with {action = "GetSummaries", controller = "StateSummary"}. Executing controller action with signature System.Threading.Tasks.Task`1[Microsoft.AspNetCore.Mvc.IActionResult] GetSummariesAsync(AppProject.Core.Models.General.StateSummarySearchRequest, System.Threading.CancellationToken) on controller AppProject.Core.Controllers.General.StateSummaryController (AppProject.Core.Controllers.General).
[15:36:57 INF] (vicente.maria.vm17@gmail.com) Executed DbCommand (0ms) [Parameters=[@__p_0='?' (DbType = Int32)], CommandType='"Text"', CommandTimeout='30']
SELECT [s0].[Id], [s0].[Name], [c].[Name] AS [CountryName], [s0].[CountryId]
FROM (
    SELECT TOP(@__p_0) [s].[Id], [s].[CountryId], [s].[Name]
    FROM [States] AS [s]
    ORDER BY [s].[Name]
) AS [s0]
INNER JOIN [Countries] AS [c] ON [s0].[CountryId] = [c].[Id]
ORDER BY [s0].[Name]
[15:36:57 INF] (vicente.maria.vm17@gmail.com) Executing OkObjectResult, writing value of type 'AppProject.Models.SummariesResponse`1[[AppProject.Core.Models.General.StateSummary, AppProject.Core.Models, Version=1.0.0.0, Culture=neutral, PublicKeyToken=null]]'.
[15:36:57 INF] (vicente.maria.vm17@gmail.com) Executed action AppProject.Core.Controllers.General.StateSummaryController.GetSummariesAsync (AppProject.Core.Controllers.General) in 4.0503ms
[15:36:57 INF] (vicente.maria.vm17@gmail.com) Executed endpoint 'AppProject.Core.Controllers.General.StateSummaryController.GetSummariesAsync (AppProject.Core.Controllers.General)'
[15:36:57 INF] () Request finished HTTP/2 GET https://localhost:7121/api/general/StateSummary/GetSummaries?Take=100 - 200 null application/json; charset=utf-8 13.0499ms
[15:37:39 INF] () Request starting HTTP/2 OPTIONS https://localhost:7121/api/general/City/Put - null null
[15:37:39 INF] () CORS policy execution successful.
[15:37:39 INF] () Request finished HTTP/2 OPTIONS https://localhost:7121/api/general/City/Put - 204 null null 3.9669ms
[15:37:39 INF] () Request starting HTTP/2 PUT https://localhost:7121/api/general/City/Put - application/json; charset=utf-8 316
[15:37:39 INF] () CORS policy execution successful.
[15:37:39 INF] (vicente.maria.vm17@gmail.com) Executing endpoint 'AppProject.Core.Controllers.General.CityController.PutAsync (AppProject.Core.Controllers.General)'
[15:37:39 INF] (vicente.maria.vm17@gmail.com) Route matched with {action = "Put", controller = "City"}. Executing controller action with signature System.Threading.Tasks.Task`1[Microsoft.AspNetCore.Mvc.IActionResult] PutAsync(AppProject.Models.CreateOrUpdateRequest`1[AppProject.Core.Models.General.City], System.Threading.CancellationToken) on controller AppProject.Core.Controllers.General.CityController (AppProject.Core.Controllers.General).
[15:37:42 INF] (vicente.maria.vm17@gmail.com) Executed DbCommand (5ms) [Parameters=[@__neighborhoodIds_0='?' (Size = 4000), @__city_Id_1='?' (DbType = Guid)], CommandType='"Text"', CommandTimeout='30']
SELECT CASE
    WHEN EXISTS (
        SELECT 1
        FROM [Neighborhoods] AS [n]
        WHERE [n].[Id] IN (
            SELECT [n0].[value]
            FROM OPENJSON(@__neighborhoodIds_0) WITH ([value] uniqueidentifier '$') AS [n0]
        ) AND [n].[CityId] <> @__city_Id_1) THEN CAST(1 AS bit)
    ELSE CAST(0 AS bit)
END
[15:37:42 INF] (vicente.maria.vm17@gmail.com) Executed DbCommand (3ms) [Parameters=[@__city_StateId_0='?' (DbType = Guid), @__city_Name_1='?' (Size = 200), @__city_Id_2='?' (DbType = Guid)], CommandType='"Text"', CommandTimeout='30']
SELECT CASE
    WHEN EXISTS (
        SELECT 1
        FROM [Cities] AS [c]
        WHERE [c].[StateId] = @__city_StateId_0 AND [c].[Name] = @__city_Name_1 AND [c].[Id] <> @__city_Id_2) THEN CAST(1 AS bit)
    ELSE CAST(0 AS bit)
END
[15:37:42 INF] (vicente.maria.vm17@gmail.com) Executed DbCommand (8ms) [Parameters=[@__city_Id_0='?' (DbType = Guid), @__neighborhoodNames_1='?' (Size = 4000), @__neighborhoodIds_2='?' (Size = 4000)], CommandType='"Text"', CommandTimeout='30']
SELECT CASE
    WHEN EXISTS (
        SELECT 1
        FROM [Neighborhoods] AS [n]
        WHERE [n].[CityId] = @__city_Id_0 AND [n].[Name] IN (
            SELECT [n0].[value]
            FROM OPENJSON(@__neighborhoodNames_1) WITH ([value] nvarchar(200) '$') AS [n0]
        ) AND NOT EXISTS (
            SELECT 1
            FROM OPENJSON(@__neighborhoodIds_2) WITH ([value] uniqueidentifier '$') AS [n1]
            WHERE [n1].[value] = [n].[Id])) THEN CAST(1 AS bit)
    ELSE CAST(0 AS bit)
END
[15:37:42 INF] (vicente.maria.vm17@gmail.com) Executed DbCommand (2ms) [Parameters=[@__request_Entity_Id_0='?' (DbType = Guid)], CommandType='"Text"', CommandTimeout='30']
SELECT [c].[Id], [c].[Code], [c].[CreatedAt], [c].[CreatedByUserId], [c].[CreatedByUserName], [c].[Name], [c].[RowVersion], [c].[StateId], [c].[UpdatedAt], [c].[UpdatedByUserId], [c].[UpdatedByUserName]
FROM [Cities] AS [c]
WHERE [c].[Id] = @__request_Entity_Id_0
[15:37:42 INF] (vicente.maria.vm17@gmail.com) Executed DbCommand (2ms) [Parameters=[], CommandType='"Text"', CommandTimeout='30']
SELECT [n].[Id], [n].[CityId], [n].[Code], [n].[CreatedAt], [n].[CreatedByUserId], [n].[CreatedByUserName], [n].[Name], [n].[RowVersion], [n].[UpdatedAt], [n].[UpdatedByUserId], [n].[UpdatedByUserName]
FROM [Neighborhoods] AS [n]
WHERE 0 = 1
[15:37:42 INF] (vicente.maria.vm17@gmail.com) Executed DbCommand (6ms) [Parameters=[@p9='?' (DbType = Guid), @p0='?' (Size = 200), @p1='?' (DbType = DateTimeOffset), @p2='?' (DbType = Guid), @p3='?' (Size = 255), @p4='?' (Size = 200), @p10='?' (Size = 8) (DbType = Binary), @p5='?' (DbType = Guid), @p6='?' (DbType = DateTimeOffset), @p7='?' (DbType = Guid), @p8='?' (Size = 255), @p11='?' (DbType = Guid), @p12='?' (DbType = Guid), @p13='?' (Size = 200), @p14='?' (DbType = DateTimeOffset), @p15='?' (DbType = Guid), @p16='?' (Size = 255), @p17='?' (Size = 200), @p18='?' (DbType = DateTimeOffset), @p19='?' (DbType = Guid), @p20='?' (Size = 255)], CommandType='"Text"', CommandTimeout='30']
SET NOCOUNT ON;
UPDATE [Cities] SET [Code] = @p0, [CreatedAt] = @p1, [CreatedByUserId] = @p2, [CreatedByUserName] = @p3, [Name] = @p4, [StateId] = @p5, [UpdatedAt] = @p6, [UpdatedByUserId] = @p7, [UpdatedByUserName] = @p8
OUTPUT INSERTED.[RowVersion]
WHERE [Id] = @p9 AND [RowVersion] = @p10;
INSERT INTO [Neighborhoods] ([Id], [CityId], [Code], [CreatedAt], [CreatedByUserId], [CreatedByUserName], [Name], [UpdatedAt], [UpdatedByUserId], [UpdatedByUserName])
OUTPUT INSERTED.[RowVersion]
VALUES (@p11, @p12, @p13, @p14, @p15, @p16, @p17, @p18, @p19, @p20);
[15:37:42 INF] (vicente.maria.vm17@gmail.com) Executing OkObjectResult, writing value of type 'AppProject.Models.KeyResponse`1[[System.Guid, System.Private.CoreLib, Version=9.0.0.0, Culture=neutral, PublicKeyToken=7cec85d7bea7798e]]'.
[15:37:42 INF] (vicente.maria.vm17@gmail.com) Executed action AppProject.Core.Controllers.General.CityController.PutAsync (AppProject.Core.Controllers.General) in 3492.8558ms
[15:37:42 INF] (vicente.maria.vm17@gmail.com) Executed endpoint 'AppProject.Core.Controllers.General.CityController.PutAsync (AppProject.Core.Controllers.General)'
[15:37:42 INF] () Request finished HTTP/2 PUT https://localhost:7121/api/general/City/Put - 200 null application/json; charset=utf-8 3501.4279ms
[15:37:42 INF] () Request starting HTTP/2 OPTIONS https://localhost:7121/api/general/CitySummary/GetSummaries?Take=100 - null null
[15:37:42 INF] () CORS policy execution successful.
[15:37:42 INF] () Request finished HTTP/2 OPTIONS https://localhost:7121/api/general/CitySummary/GetSummaries?Take=100 - 204 null null 4.7382ms
[15:37:42 INF] () Request starting HTTP/2 GET https://localhost:7121/api/general/CitySummary/GetSummaries?Take=100 - null null
[15:37:42 INF] () CORS policy execution successful.
[15:37:42 INF] (vicente.maria.vm17@gmail.com) Executing endpoint 'AppProject.Core.Controllers.General.CitySummaryController.GetSummariesAsync (AppProject.Core.Controllers.General)'
[15:37:42 INF] (vicente.maria.vm17@gmail.com) Route matched with {action = "GetSummaries", controller = "CitySummary"}. Executing controller action with signature System.Threading.Tasks.Task`1[Microsoft.AspNetCore.Mvc.IActionResult] GetSummariesAsync(AppProject.Core.Models.General.CitySummarySearchRequest, System.Threading.CancellationToken) on controller AppProject.Core.Controllers.General.CitySummaryController (AppProject.Core.Controllers.General).
[15:37:42 INF] (vicente.maria.vm17@gmail.com) Executed DbCommand (3ms) [Parameters=[@__p_0='?' (DbType = Int32)], CommandType='"Text"', CommandTimeout='30']
SELECT [c0].[Id], [c0].[Name], [s].[Name] AS [StateName], [c0].[StateId], [c1].[Name] AS [CountryName], [s].[CountryId]
FROM (
    SELECT TOP(@__p_0) [c].[Id], [c].[Name], [c].[StateId]
    FROM [Cities] AS [c]
    ORDER BY [c].[Name]
) AS [c0]
INNER JOIN [States] AS [s] ON [c0].[StateId] = [s].[Id]
INNER JOIN [Countries] AS [c1] ON [s].[CountryId] = [c1].[Id]
ORDER BY [c0].[Name]
[15:37:42 INF] (vicente.maria.vm17@gmail.com) Executing OkObjectResult, writing value of type 'AppProject.Models.SummariesResponse`1[[AppProject.Core.Models.General.CitySummary, AppProject.Core.Models, Version=1.0.0.0, Culture=neutral, PublicKeyToken=null]]'.
[15:37:42 INF] (vicente.maria.vm17@gmail.com) Executed action AppProject.Core.Controllers.General.CitySummaryController.GetSummariesAsync (AppProject.Core.Controllers.General) in 6.9829ms
[15:37:42 INF] (vicente.maria.vm17@gmail.com) Executed endpoint 'AppProject.Core.Controllers.General.CitySummaryController.GetSummariesAsync (AppProject.Core.Controllers.General)'
[15:37:42 INF] () Request finished HTTP/2 GET https://localhost:7121/api/general/CitySummary/GetSummaries?Take=100 - 200 null application/json; charset=utf-8 17.1418ms
[15:37:48 INF] () Request starting HTTP/2 OPTIONS https://localhost:7121/api/general/City/Get?Id=7f3d42dc-4b9d-4a37-e4ed-08deca2bc236 - null null
[15:37:48 INF] () CORS policy execution successful.
[15:37:48 INF] () Request finished HTTP/2 OPTIONS https://localhost:7121/api/general/City/Get?Id=7f3d42dc-4b9d-4a37-e4ed-08deca2bc236 - 204 null null 2.7607ms
[15:37:48 INF] () Request starting HTTP/2 GET https://localhost:7121/api/general/City/Get?Id=7f3d42dc-4b9d-4a37-e4ed-08deca2bc236 - null null
[15:37:48 INF] () CORS policy execution successful.
[15:37:48 INF] (vicente.maria.vm17@gmail.com) Executing endpoint 'AppProject.Core.Controllers.General.CityController.GetAsync (AppProject.Core.Controllers.General)'
[15:37:48 INF] (vicente.maria.vm17@gmail.com) Route matched with {action = "Get", controller = "City"}. Executing controller action with signature System.Threading.Tasks.Task`1[Microsoft.AspNetCore.Mvc.IActionResult] GetAsync(AppProject.Models.GetByIdRequest`1[System.Guid], System.Threading.CancellationToken) on controller AppProject.Core.Controllers.General.CityController (AppProject.Core.Controllers.General).
[15:37:48 INF] (vicente.maria.vm17@gmail.com) Executed DbCommand (0ms) [Parameters=[@__request_Id_0='?' (DbType = Guid)], CommandType='"Text"', CommandTimeout='30']
SELECT [c].[Id], [c].[Name], [c].[Code], [c].[StateId], [c].[RowVersion]
FROM [Cities] AS [c]
WHERE [c].[Id] = @__request_Id_0
[15:37:48 INF] (vicente.maria.vm17@gmail.com) Executing OkObjectResult, writing value of type 'AppProject.Models.EntityResponse`1[[AppProject.Core.Models.General.City, AppProject.Core.Models.General, Version=1.0.0.0, Culture=neutral, PublicKeyToken=null]]'.
[15:37:48 INF] (vicente.maria.vm17@gmail.com) Executed action AppProject.Core.Controllers.General.CityController.GetAsync (AppProject.Core.Controllers.General) in 4.9004ms
[15:37:48 INF] (vicente.maria.vm17@gmail.com) Executed endpoint 'AppProject.Core.Controllers.General.CityController.GetAsync (AppProject.Core.Controllers.General)'
[15:37:48 INF] () Request finished HTTP/2 GET https://localhost:7121/api/general/City/Get?Id=7f3d42dc-4b9d-4a37-e4ed-08deca2bc236 - 200 null application/json; charset=utf-8 13.9284ms
[15:37:48 INF] () Request starting HTTP/2 OPTIONS https://localhost:7121/api/general/StateSummary/GetSummaries?Take=100 - null null
[15:37:48 INF] () CORS policy execution successful.
[15:37:48 INF] () Request finished HTTP/2 OPTIONS https://localhost:7121/api/general/StateSummary/GetSummaries?Take=100 - 204 null null 3.2595ms
[15:37:48 INF] () Request starting HTTP/2 GET https://localhost:7121/api/general/StateSummary/GetSummaries?Take=100 - null null
[15:37:48 INF] () CORS policy execution successful.
[15:37:48 INF] (vicente.maria.vm17@gmail.com) Executing endpoint 'AppProject.Core.Controllers.General.StateSummaryController.GetSummariesAsync (AppProject.Core.Controllers.General)'
[15:37:48 INF] (vicente.maria.vm17@gmail.com) Route matched with {action = "GetSummaries", controller = "StateSummary"}. Executing controller action with signature System.Threading.Tasks.Task`1[Microsoft.AspNetCore.Mvc.IActionResult] GetSummariesAsync(AppProject.Core.Models.General.StateSummarySearchRequest, System.Threading.CancellationToken) on controller AppProject.Core.Controllers.General.StateSummaryController (AppProject.Core.Controllers.General).
[15:37:48 INF] (vicente.maria.vm17@gmail.com) Executed DbCommand (1ms) [Parameters=[@__p_0='?' (DbType = Int32)], CommandType='"Text"', CommandTimeout='30']
SELECT [s0].[Id], [s0].[Name], [c].[Name] AS [CountryName], [s0].[CountryId]
FROM (
    SELECT TOP(@__p_0) [s].[Id], [s].[CountryId], [s].[Name]
    FROM [States] AS [s]
    ORDER BY [s].[Name]
) AS [s0]
INNER JOIN [Countries] AS [c] ON [s0].[CountryId] = [c].[Id]
ORDER BY [s0].[Name]
[15:37:48 INF] (vicente.maria.vm17@gmail.com) Executing OkObjectResult, writing value of type 'AppProject.Models.SummariesResponse`1[[AppProject.Core.Models.General.StateSummary, AppProject.Core.Models, Version=1.0.0.0, Culture=neutral, PublicKeyToken=null]]'.
[15:37:48 INF] (vicente.maria.vm17@gmail.com) Executed action AppProject.Core.Controllers.General.StateSummaryController.GetSummariesAsync (AppProject.Core.Controllers.General) in 8.626ms
[15:37:48 INF] (vicente.maria.vm17@gmail.com) Executed endpoint 'AppProject.Core.Controllers.General.StateSummaryController.GetSummariesAsync (AppProject.Core.Controllers.General)'
[15:37:48 INF] () Request finished HTTP/2 GET https://localhost:7121/api/general/StateSummary/GetSummaries?Take=100 - 200 null application/json; charset=utf-8 23.2055ms
[15:37:48 INF] () Request starting HTTP/2 OPTIONS https://localhost:7121/api/general/City/GetNeighborhoods?ParentId=7f3d42dc-4b9d-4a37-e4ed-08deca2bc236 - null null
[15:37:48 INF] () CORS policy execution successful.
[15:37:48 INF] () Request finished HTTP/2 OPTIONS https://localhost:7121/api/general/City/GetNeighborhoods?ParentId=7f3d42dc-4b9d-4a37-e4ed-08deca2bc236 - 204 null null 13.7207ms
[15:37:48 INF] () Request starting HTTP/2 GET https://localhost:7121/api/general/City/GetNeighborhoods?ParentId=7f3d42dc-4b9d-4a37-e4ed-08deca2bc236 - null null
[15:37:48 INF] () CORS policy execution successful.
[15:37:48 INF] (vicente.maria.vm17@gmail.com) Executing endpoint 'AppProject.Core.Controllers.General.CityController.GetNeighborhoodsAsync (AppProject.Core.Controllers.General)'
[15:37:48 INF] (vicente.maria.vm17@gmail.com) Route matched with {action = "GetNeighborhoods", controller = "City"}. Executing controller action with signature System.Threading.Tasks.Task`1[Microsoft.AspNetCore.Mvc.IActionResult] GetNeighborhoodsAsync(AppProject.Models.GetByParentIdRequest`1[System.Guid], System.Threading.CancellationToken) on controller AppProject.Core.Controllers.General.CityController (AppProject.Core.Controllers.General).
[15:37:48 INF] (vicente.maria.vm17@gmail.com) Executed DbCommand (1ms) [Parameters=[@__request_ParentId_0='?' (DbType = Guid)], CommandType='"Text"', CommandTimeout='30']
SELECT [n].[Id], [n].[Name], [n].[Code], [n].[RowVersion]
FROM [Neighborhoods] AS [n]
WHERE [n].[CityId] = @__request_ParentId_0
[15:37:48 INF] (vicente.maria.vm17@gmail.com) Executing OkObjectResult, writing value of type 'AppProject.Models.EntitiesResponse`1[[AppProject.Core.Models.General.Neighborhood, AppProject.Core.Models.General, Version=1.0.0.0, Culture=neutral, PublicKeyToken=null]]'.
[15:37:48 INF] (vicente.maria.vm17@gmail.com) Executed action AppProject.Core.Controllers.General.CityController.GetNeighborhoodsAsync (AppProject.Core.Controllers.General) in 13.1592ms
[15:37:48 INF] (vicente.maria.vm17@gmail.com) Executed endpoint 'AppProject.Core.Controllers.General.CityController.GetNeighborhoodsAsync (AppProject.Core.Controllers.General)'
[15:37:48 INF] () Request finished HTTP/2 GET https://localhost:7121/api/general/City/GetNeighborhoods?ParentId=7f3d42dc-4b9d-4a37-e4ed-08deca2bc236 - 200 null application/json; charset=utf-8 25.0191ms
[15:37:48 INF] () Request starting HTTP/2 GET https://localhost:7121/api/general/StateSummary/GetSummaries?Take=100 - null null
[15:37:48 INF] () CORS policy execution successful.
[15:37:48 INF] (vicente.maria.vm17@gmail.com) Executing endpoint 'AppProject.Core.Controllers.General.StateSummaryController.GetSummariesAsync (AppProject.Core.Controllers.General)'
[15:37:48 INF] (vicente.maria.vm17@gmail.com) Route matched with {action = "GetSummaries", controller = "StateSummary"}. Executing controller action with signature System.Threading.Tasks.Task`1[Microsoft.AspNetCore.Mvc.IActionResult] GetSummariesAsync(AppProject.Core.Models.General.StateSummarySearchRequest, System.Threading.CancellationToken) on controller AppProject.Core.Controllers.General.StateSummaryController (AppProject.Core.Controllers.General).
[15:37:48 INF] (vicente.maria.vm17@gmail.com) Executed DbCommand (0ms) [Parameters=[@__p_0='?' (DbType = Int32)], CommandType='"Text"', CommandTimeout='30']
SELECT [s0].[Id], [s0].[Name], [c].[Name] AS [CountryName], [s0].[CountryId]
FROM (
    SELECT TOP(@__p_0) [s].[Id], [s].[CountryId], [s].[Name]
    FROM [States] AS [s]
    ORDER BY [s].[Name]
) AS [s0]
INNER JOIN [Countries] AS [c] ON [s0].[CountryId] = [c].[Id]
ORDER BY [s0].[Name]
[15:37:48 INF] (vicente.maria.vm17@gmail.com) Executing OkObjectResult, writing value of type 'AppProject.Models.SummariesResponse`1[[AppProject.Core.Models.General.StateSummary, AppProject.Core.Models, Version=1.0.0.0, Culture=neutral, PublicKeyToken=null]]'.
[15:37:48 INF] (vicente.maria.vm17@gmail.com) Executed action AppProject.Core.Controllers.General.StateSummaryController.GetSummariesAsync (AppProject.Core.Controllers.General) in 3.9693ms
[15:37:48 INF] (vicente.maria.vm17@gmail.com) Executed endpoint 'AppProject.Core.Controllers.General.StateSummaryController.GetSummariesAsync (AppProject.Core.Controllers.General)'
[15:37:48 INF] () Request finished HTTP/2 GET https://localhost:7121/api/general/StateSummary/GetSummaries?Take=100 - 200 null application/json; charset=utf-8 12.4249ms
[15:37:52 INF] () Request starting HTTP/2 OPTIONS https://localhost:7121/api/general/CitySummary/GetSummaries?Take=100 - null null
[15:37:52 INF] () CORS policy execution successful.
[15:37:52 INF] () Request finished HTTP/2 OPTIONS https://localhost:7121/api/general/CitySummary/GetSummaries?Take=100 - 204 null null 3.0854ms
[15:37:52 INF] () Request starting HTTP/2 GET https://localhost:7121/api/general/CitySummary/GetSummaries?Take=100 - null null
[15:37:52 INF] () CORS policy execution successful.
[15:37:52 INF] (vicente.maria.vm17@gmail.com) Executing endpoint 'AppProject.Core.Controllers.General.CitySummaryController.GetSummariesAsync (AppProject.Core.Controllers.General)'
[15:37:52 INF] (vicente.maria.vm17@gmail.com) Route matched with {action = "GetSummaries", controller = "CitySummary"}. Executing controller action with signature System.Threading.Tasks.Task`1[Microsoft.AspNetCore.Mvc.IActionResult] GetSummariesAsync(AppProject.Core.Models.General.CitySummarySearchRequest, System.Threading.CancellationToken) on controller AppProject.Core.Controllers.General.CitySummaryController (AppProject.Core.Controllers.General).
[15:37:52 INF] (vicente.maria.vm17@gmail.com) Executed DbCommand (0ms) [Parameters=[@__p_0='?' (DbType = Int32)], CommandType='"Text"', CommandTimeout='30']
SELECT [c0].[Id], [c0].[Name], [s].[Name] AS [StateName], [c0].[StateId], [c1].[Name] AS [CountryName], [s].[CountryId]
FROM (
    SELECT TOP(@__p_0) [c].[Id], [c].[Name], [c].[StateId]
    FROM [Cities] AS [c]
    ORDER BY [c].[Name]
) AS [c0]
INNER JOIN [States] AS [s] ON [c0].[StateId] = [s].[Id]
INNER JOIN [Countries] AS [c1] ON [s].[CountryId] = [c1].[Id]
ORDER BY [c0].[Name]
[15:37:52 INF] (vicente.maria.vm17@gmail.com) Executing OkObjectResult, writing value of type 'AppProject.Models.SummariesResponse`1[[AppProject.Core.Models.General.CitySummary, AppProject.Core.Models, Version=1.0.0.0, Culture=neutral, PublicKeyToken=null]]'.
[15:37:52 INF] (vicente.maria.vm17@gmail.com) Executed action AppProject.Core.Controllers.General.CitySummaryController.GetSummariesAsync (AppProject.Core.Controllers.General) in 4.3448ms
[15:37:52 INF] (vicente.maria.vm17@gmail.com) Executed endpoint 'AppProject.Core.Controllers.General.CitySummaryController.GetSummariesAsync (AppProject.Core.Controllers.General)'
[15:37:52 INF] () Request finished HTTP/2 GET https://localhost:7121/api/general/CitySummary/GetSummaries?Take=100 - 200 null application/json; charset=utf-8 13.6641ms
