[12:38:53 INF] () Start installing Hangfire SQL objects...
[12:38:54 INF] () Hangfire SQL objects installed.
[12:38:56 INF] () Executed DbCommand (21ms) [Parameters=[], CommandType='"Text"', CommandTimeout='30']
SELECT 1
[12:38:56 INF] () Acquiring an exclusive lock for migration application. See https://aka.ms/efcore-docs-migrations-lock for more information if this takes too long.
[12:38:56 INF] () Executed DbCommand (27ms) [Parameters=[], CommandType='"Text"', CommandTimeout='30']
DECLARE @result int;
EXEC @result = sp_getapplock @Resource = '__EFMigrationsLock', @LockOwner = 'Session', @LockMode = 'Exclusive';
SELECT @result
[12:38:56 INF] () Executed DbCommand (5ms) [Parameters=[], CommandType='"Text"', CommandTimeout='30']
IF OBJECT_ID(N'[__EFMigrationsHistory]') IS NULL
BEGIN
    CREATE TABLE [__EFMigrationsHistory] (
        [MigrationId] nvarchar(150) NOT NULL,
        [ProductVersion] nvarchar(32) NOT NULL,
        CONSTRAINT [PK___EFMigrationsHistory] PRIMARY KEY ([MigrationId])
    );
END;
[12:38:56 INF] () Executed DbCommand (2ms) [Parameters=[], CommandType='"Text"', CommandTimeout='30']
SELECT 1
[12:38:56 INF] () Executed DbCommand (1ms) [Parameters=[], CommandType='"Text"', CommandTimeout='30']
SELECT OBJECT_ID(N'[__EFMigrationsHistory]');
[12:38:56 INF] () Executed DbCommand (8ms) [Parameters=[], CommandType='"Text"', CommandTimeout='30']
SELECT [MigrationId], [ProductVersion]
FROM [__EFMigrationsHistory]
ORDER BY [MigrationId];
[12:38:56 INF] () No migrations were applied. The database is already up to date.
[12:38:56 INF] () Executed DbCommand (3ms) [Parameters=[], CommandType='"Text"', CommandTimeout='30']
DECLARE @result int;
EXEC @result = sp_releaseapplock @Resource = '__EFMigrationsLock', @LockOwner = 'Session';
SELECT @result
[12:38:56 INF] () Executed DbCommand (5ms) [Parameters=[], CommandType='"Text"', CommandTimeout='30']
SELECT TOP(1) [u].[Id], [u].[CreatedAt], [u].[CreatedByUserId], [u].[CreatedByUserName], [u].[Email], [u].[IsSystemAdmin], [u].[Name], [u].[RowVersion], [u].[UpdatedAt], [u].[UpdatedByUserId], [u].[UpdatedByUserName]
FROM [Users] AS [u]
WHERE [u].[IsSystemAdmin] = CAST(1 AS bit)
[12:38:56 INF] () User profile is available. Using 'C:\Users\vicen\AppData\Local\ASP.NET\DataProtection-Keys' as key repository and Windows DPAPI to encrypt keys at rest.
[12:38:57 INF] () Now listening on: https://localhost:7121
[12:38:57 INF] () Starting Hangfire Server using job storage: 'SQL Server: localhost\SQLEXPRESS@AppProject'
[12:38:57 INF] () Using the following options for SQL Server job storage: Queue poll interval: 00:00:00.
[12:38:57 INF] () Using the following options for Hangfire Server:
    Worker count: 20
    Listening queues: 'default'
    Shutdown timeout: 00:00:15
    Schedule polling interval: 00:00:15
[12:38:57 INF] () Application started. Press Ctrl+C to shut down.
[12:38:57 INF] () Hosting environment: Development
[12:38:57 INF] () Content root path: C:\Course\dotnet-template\AppProject.Core.API
[12:38:57 INF] () Server desktop-0fm4m6s:17792:8059c88c successfully announced in 44.3404 ms
[12:38:57 INF] () Server desktop-0fm4m6s:17792:8059c88c is starting the registered dispatchers: ServerWatchdog, ServerJobCancellationWatcher, SqlServerHeartbeatProcess, ExpirationManager, CountersAggregator, Worker, DelayedJobScheduler, RecurringJobScheduler...
[12:38:57 INF] () 1 servers were removed due to timeout
[12:38:57 INF] () Server desktop-0fm4m6s:17792:8059c88c all the dispatchers started
[12:38:57 INF] () Starting job SampleJob at "2026-07-28T10:38:57.9158484Z".
[12:38:57 INF] () Executing SampleJob at "2026-07-28T10:38:57.9191645Z".
[12:38:57 INF] () Completed job SampleJob at "2026-07-28T10:38:57.9209764Z".
[12:40:55 INF] () Request starting HTTP/2 OPTIONS https://localhost:7121/api/auth/Permission/GetCurrentUserPermissions - null null
[12:40:55 INF] () CORS policy execution successful.
[12:40:55 INF] () Request finished HTTP/2 OPTIONS https://localhost:7121/api/auth/Permission/GetCurrentUserPermissions - 204 null null 75.3885ms
[12:40:55 INF] () Request starting HTTP/2 GET https://localhost:7121/api/auth/Permission/GetCurrentUserPermissions - null null
[12:40:55 INF] () CORS policy execution successful.
[12:40:56 INF] (vicente.maria.vm17@gmail.com) Executing endpoint 'AppProject.Core.API.Controllers.Auth.PermissionController.GetCurrentUserPermissionsAsync (AppProject.Core.API)'
[12:40:56 INF] (vicente.maria.vm17@gmail.com) Route matched with {action = "GetCurrentUserPermissions", controller = "Permission"}. Executing controller action with signature System.Threading.Tasks.Task`1[Microsoft.AspNetCore.Mvc.IActionResult] GetCurrentUserPermissionsAsync(AppProject.Models.Auth.PermissionContext, System.Threading.CancellationToken) on controller AppProject.Core.API.Controllers.Auth.PermissionController (AppProject.Core.API).
[12:40:56 INF] () Executed DbCommand (4ms) [Parameters=[], CommandType='"Text"', CommandTimeout='30']
SELECT TOP(1) [u].[Id], [u].[CreatedAt], [u].[CreatedByUserId], [u].[CreatedByUserName], [u].[Email], [u].[IsSystemAdmin], [u].[Name], [u].[RowVersion], [u].[UpdatedAt], [u].[UpdatedByUserId], [u].[UpdatedByUserName]
FROM [Users] AS [u]
WHERE [u].[IsSystemAdmin] = CAST(1 AS bit)
[12:40:56 INF] (vicente.maria.vm17@gmail.com) Executing OkObjectResult, writing value of type 'AppProject.Models.Auth.PermissionType[]'.
[12:40:56 INF] (vicente.maria.vm17@gmail.com) Executed action AppProject.Core.API.Controllers.Auth.PermissionController.GetCurrentUserPermissionsAsync (AppProject.Core.API) in 140.0481ms
[12:40:56 INF] (vicente.maria.vm17@gmail.com) Executed endpoint 'AppProject.Core.API.Controllers.Auth.PermissionController.GetCurrentUserPermissionsAsync (AppProject.Core.API)'
[12:40:56 INF] () Request finished HTTP/2 GET https://localhost:7121/api/auth/Permission/GetCurrentUserPermissions - 200 null application/json; charset=utf-8 942.7396ms
[12:41:06 INF] () Request starting HTTP/2 OPTIONS https://localhost:7121/api/general/CountrySummary/GetSummaries?Take=100 - null null
[12:41:06 INF] () CORS policy execution successful.
[12:41:06 INF] () Request finished HTTP/2 OPTIONS https://localhost:7121/api/general/CountrySummary/GetSummaries?Take=100 - 204 null null 11.1546ms
[12:41:06 INF] () Request starting HTTP/2 GET https://localhost:7121/api/general/CountrySummary/GetSummaries?Take=100 - null null
[12:41:06 INF] () CORS policy execution successful.
[12:41:06 INF] (vicente.maria.vm17@gmail.com) Executing endpoint 'AppProject.Core.Controllers.General.CountrySummaryController.GetSummariesAsync (AppProject.Core.Controllers.General)'
[12:41:06 INF] (vicente.maria.vm17@gmail.com) Route matched with {action = "GetSummaries", controller = "CountrySummary"}. Executing controller action with signature System.Threading.Tasks.Task`1[Microsoft.AspNetCore.Mvc.IActionResult] GetSummariesAsync(AppProject.Models.SearchRequest, System.Threading.CancellationToken) on controller AppProject.Core.Controllers.General.CountrySummaryController (AppProject.Core.Controllers.General).
[12:41:06 INF] (vicente.maria.vm17@gmail.com) Executed DbCommand (4ms) [Parameters=[@__p_0='?' (DbType = Int32)], CommandType='"Text"', CommandTimeout='30']
SELECT TOP(@__p_0) [c].[Id], [c].[Name]
FROM [Countries] AS [c]
ORDER BY [c].[Name]
[12:41:06 INF] (vicente.maria.vm17@gmail.com) Executing OkObjectResult, writing value of type 'AppProject.Models.SummariesResponse`1[[AppProject.Core.Models.General.CountrySummary, AppProject.Core.Models, Version=1.0.0.0, Culture=neutral, PublicKeyToken=null]]'.
[12:41:06 INF] (vicente.maria.vm17@gmail.com) Executed action AppProject.Core.Controllers.General.CountrySummaryController.GetSummariesAsync (AppProject.Core.Controllers.General) in 121.8806ms
[12:41:06 INF] (vicente.maria.vm17@gmail.com) Executed endpoint 'AppProject.Core.Controllers.General.CountrySummaryController.GetSummariesAsync (AppProject.Core.Controllers.General)'
[12:41:06 INF] () Request finished HTTP/2 GET https://localhost:7121/api/general/CountrySummary/GetSummaries?Take=100 - 200 null application/json; charset=utf-8 161.315ms
[12:45:59 INF] () Request starting HTTP/2 OPTIONS https://localhost:7121/api/general/StateSummary/GetSummaries?Take=100 - null null
[12:45:59 INF] () CORS policy execution successful.
[12:45:59 INF] () Request finished HTTP/2 OPTIONS https://localhost:7121/api/general/StateSummary/GetSummaries?Take=100 - 204 null null 5.0147ms
[12:45:59 INF] () Request starting HTTP/2 GET https://localhost:7121/api/general/StateSummary/GetSummaries?Take=100 - null null
[12:45:59 INF] () CORS policy execution successful.
[12:45:59 INF] (vicente.maria.vm17@gmail.com) Executing endpoint 'AppProject.Core.Controllers.General.StateSummaryController.GetSummariesAsync (AppProject.Core.Controllers.General)'
[12:45:59 INF] (vicente.maria.vm17@gmail.com) Route matched with {action = "GetSummaries", controller = "StateSummary"}. Executing controller action with signature System.Threading.Tasks.Task`1[Microsoft.AspNetCore.Mvc.IActionResult] GetSummariesAsync(AppProject.Core.Models.General.StateSummarySearchRequest, System.Threading.CancellationToken) on controller AppProject.Core.Controllers.General.StateSummaryController (AppProject.Core.Controllers.General).
[12:45:59 INF] (vicente.maria.vm17@gmail.com) Executed DbCommand (8ms) [Parameters=[@__p_0='?' (DbType = Int32)], CommandType='"Text"', CommandTimeout='30']
SELECT [s0].[Id], [s0].[Name], [c].[Name] AS [CountryName], [s0].[CountryId]
FROM (
    SELECT TOP(@__p_0) [s].[Id], [s].[CountryId], [s].[Name]
    FROM [States] AS [s]
    ORDER BY [s].[Name]
) AS [s0]
INNER JOIN [Countries] AS [c] ON [s0].[CountryId] = [c].[Id]
ORDER BY [s0].[Name]
[12:45:59 INF] (vicente.maria.vm17@gmail.com) Executing OkObjectResult, writing value of type 'AppProject.Models.SummariesResponse`1[[AppProject.Core.Models.General.StateSummary, AppProject.Core.Models, Version=1.0.0.0, Culture=neutral, PublicKeyToken=null]]'.
[12:45:59 INF] (vicente.maria.vm17@gmail.com) Executed action AppProject.Core.Controllers.General.StateSummaryController.GetSummariesAsync (AppProject.Core.Controllers.General) in 102.9366ms
[12:45:59 INF] (vicente.maria.vm17@gmail.com) Executed endpoint 'AppProject.Core.Controllers.General.StateSummaryController.GetSummariesAsync (AppProject.Core.Controllers.General)'
[12:45:59 INF] () Request finished HTTP/2 GET https://localhost:7121/api/general/StateSummary/GetSummaries?Take=100 - 200 null application/json; charset=utf-8 158.4557ms
[12:51:08 INF] () Request starting HTTP/2 OPTIONS https://localhost:7121/api/general/StateSummary/GetSummaries?Take=100 - null null
[12:51:08 INF] () CORS policy execution successful.
[12:51:08 INF] () Request finished HTTP/2 OPTIONS https://localhost:7121/api/general/StateSummary/GetSummaries?Take=100 - 204 null null 3.3698ms
[12:51:08 INF] () Request starting HTTP/2 GET https://localhost:7121/api/general/StateSummary/GetSummaries?Take=100 - null null
[12:51:08 INF] () CORS policy execution successful.
[12:51:08 INF] (vicente.maria.vm17@gmail.com) Executing endpoint 'AppProject.Core.Controllers.General.StateSummaryController.GetSummariesAsync (AppProject.Core.Controllers.General)'
[12:51:08 INF] (vicente.maria.vm17@gmail.com) Route matched with {action = "GetSummaries", controller = "StateSummary"}. Executing controller action with signature System.Threading.Tasks.Task`1[Microsoft.AspNetCore.Mvc.IActionResult] GetSummariesAsync(AppProject.Core.Models.General.StateSummarySearchRequest, System.Threading.CancellationToken) on controller AppProject.Core.Controllers.General.StateSummaryController (AppProject.Core.Controllers.General).
[12:51:08 INF] (vicente.maria.vm17@gmail.com) Executed DbCommand (6ms) [Parameters=[@__p_0='?' (DbType = Int32)], CommandType='"Text"', CommandTimeout='30']
SELECT [s0].[Id], [s0].[Name], [c].[Name] AS [CountryName], [s0].[CountryId]
FROM (
    SELECT TOP(@__p_0) [s].[Id], [s].[CountryId], [s].[Name]
    FROM [States] AS [s]
    ORDER BY [s].[Name]
) AS [s0]
INNER JOIN [Countries] AS [c] ON [s0].[CountryId] = [c].[Id]
ORDER BY [s0].[Name]
[12:51:08 INF] (vicente.maria.vm17@gmail.com) Executing OkObjectResult, writing value of type 'AppProject.Models.SummariesResponse`1[[AppProject.Core.Models.General.StateSummary, AppProject.Core.Models, Version=1.0.0.0, Culture=neutral, PublicKeyToken=null]]'.
[12:51:08 INF] (vicente.maria.vm17@gmail.com) Executed action AppProject.Core.Controllers.General.StateSummaryController.GetSummariesAsync (AppProject.Core.Controllers.General) in 11.8779ms
[12:51:08 INF] (vicente.maria.vm17@gmail.com) Executed endpoint 'AppProject.Core.Controllers.General.StateSummaryController.GetSummariesAsync (AppProject.Core.Controllers.General)'
[12:51:08 INF] () Request finished HTTP/2 GET https://localhost:7121/api/general/StateSummary/GetSummaries?Take=100 - 200 null application/json; charset=utf-8 23.8568ms
[12:51:18 INF] () Request starting HTTP/2 OPTIONS https://localhost:7121/api/general/CountrySummary/GetSummaries?Take=100 - null null
[12:51:18 INF] () CORS policy execution successful.
[12:51:18 INF] () Request finished HTTP/2 OPTIONS https://localhost:7121/api/general/CountrySummary/GetSummaries?Take=100 - 204 null null 7.2257ms
[12:51:18 INF] () Request starting HTTP/2 OPTIONS https://localhost:7121/api/auth/Permission/GetCurrentUserPermissions - null null
[12:51:18 INF] () CORS policy execution successful.
[12:51:18 INF] () Request finished HTTP/2 OPTIONS https://localhost:7121/api/auth/Permission/GetCurrentUserPermissions - 204 null null 10.0838ms
[12:51:18 INF] () Request starting HTTP/2 GET https://localhost:7121/api/general/CountrySummary/GetSummaries?Take=100 - null null
[12:51:18 INF] () CORS policy execution successful.
[12:51:18 INF] () Request starting HTTP/2 GET https://localhost:7121/api/auth/Permission/GetCurrentUserPermissions - null null
[12:51:18 INF] () CORS policy execution successful.
[12:51:18 INF] (vicente.maria.vm17@gmail.com) Executing endpoint 'AppProject.Core.Controllers.General.CountrySummaryController.GetSummariesAsync (AppProject.Core.Controllers.General)'
[12:51:18 INF] (vicente.maria.vm17@gmail.com) Route matched with {action = "GetSummaries", controller = "CountrySummary"}. Executing controller action with signature System.Threading.Tasks.Task`1[Microsoft.AspNetCore.Mvc.IActionResult] GetSummariesAsync(AppProject.Models.SearchRequest, System.Threading.CancellationToken) on controller AppProject.Core.Controllers.General.CountrySummaryController (AppProject.Core.Controllers.General).
[12:51:18 INF] (vicente.maria.vm17@gmail.com) Executing endpoint 'AppProject.Core.API.Controllers.Auth.PermissionController.GetCurrentUserPermissionsAsync (AppProject.Core.API)'
[12:51:18 INF] (vicente.maria.vm17@gmail.com) Route matched with {action = "GetCurrentUserPermissions", controller = "Permission"}. Executing controller action with signature System.Threading.Tasks.Task`1[Microsoft.AspNetCore.Mvc.IActionResult] GetCurrentUserPermissionsAsync(AppProject.Models.Auth.PermissionContext, System.Threading.CancellationToken) on controller AppProject.Core.API.Controllers.Auth.PermissionController (AppProject.Core.API).
[12:51:18 INF] (vicente.maria.vm17@gmail.com) Executed DbCommand (3ms) [Parameters=[@__p_0='?' (DbType = Int32)], CommandType='"Text"', CommandTimeout='30']
SELECT TOP(@__p_0) [c].[Id], [c].[Name]
FROM [Countries] AS [c]
ORDER BY [c].[Name]
[12:51:18 INF] (vicente.maria.vm17@gmail.com) Executing OkObjectResult, writing value of type 'AppProject.Models.SummariesResponse`1[[AppProject.Core.Models.General.CountrySummary, AppProject.Core.Models, Version=1.0.0.0, Culture=neutral, PublicKeyToken=null]]'.
[12:51:18 INF] () Executed DbCommand (7ms) [Parameters=[], CommandType='"Text"', CommandTimeout='30']
SELECT TOP(1) [u].[Id], [u].[CreatedAt], [u].[CreatedByUserId], [u].[CreatedByUserName], [u].[Email], [u].[IsSystemAdmin], [u].[Name], [u].[RowVersion], [u].[UpdatedAt], [u].[UpdatedByUserId], [u].[UpdatedByUserName]
FROM [Users] AS [u]
WHERE [u].[IsSystemAdmin] = CAST(1 AS bit)
[12:51:18 INF] (vicente.maria.vm17@gmail.com) Executed action AppProject.Core.Controllers.General.CountrySummaryController.GetSummariesAsync (AppProject.Core.Controllers.General) in 95.5521ms
[12:51:18 INF] (vicente.maria.vm17@gmail.com) Executed endpoint 'AppProject.Core.Controllers.General.CountrySummaryController.GetSummariesAsync (AppProject.Core.Controllers.General)'
[12:51:18 INF] (vicente.maria.vm17@gmail.com) Executing OkObjectResult, writing value of type 'AppProject.Models.Auth.PermissionType[]'.
[12:51:18 INF] () Request finished HTTP/2 GET https://localhost:7121/api/general/CountrySummary/GetSummaries?Take=100 - 200 null application/json; charset=utf-8 217.3596ms
[12:51:18 INF] (vicente.maria.vm17@gmail.com) Executed action AppProject.Core.API.Controllers.Auth.PermissionController.GetCurrentUserPermissionsAsync (AppProject.Core.API) in 45.4449ms
[12:51:18 INF] (vicente.maria.vm17@gmail.com) Executed endpoint 'AppProject.Core.API.Controllers.Auth.PermissionController.GetCurrentUserPermissionsAsync (AppProject.Core.API)'
[12:51:18 INF] () Request finished HTTP/2 GET https://localhost:7121/api/auth/Permission/GetCurrentUserPermissions - 200 null application/json; charset=utf-8 203.6721ms
[12:53:59 INF] () Request starting HTTP/2 OPTIONS https://localhost:7121/api/general/CountrySummary/GetSummaries?Take=100 - null null
[12:53:59 INF] () CORS policy execution successful.
[12:53:59 INF] () Request finished HTTP/2 OPTIONS https://localhost:7121/api/general/CountrySummary/GetSummaries?Take=100 - 204 null null 4.7358ms
[12:53:59 INF] () Request starting HTTP/2 OPTIONS https://localhost:7121/api/auth/Permission/GetCurrentUserPermissions - null null
[12:53:59 INF] () CORS policy execution successful.
[12:53:59 INF] () Request starting HTTP/2 GET https://localhost:7121/api/general/CountrySummary/GetSummaries?Take=100 - null null
[12:53:59 INF] () Request finished HTTP/2 OPTIONS https://localhost:7121/api/auth/Permission/GetCurrentUserPermissions - 204 null null 12.1353ms
[12:53:59 INF] () CORS policy execution successful.
[12:53:59 INF] (vicente.maria.vm17@gmail.com) Executing endpoint 'AppProject.Core.Controllers.General.CountrySummaryController.GetSummariesAsync (AppProject.Core.Controllers.General)'
[12:53:59 INF] (vicente.maria.vm17@gmail.com) Route matched with {action = "GetSummaries", controller = "CountrySummary"}. Executing controller action with signature System.Threading.Tasks.Task`1[Microsoft.AspNetCore.Mvc.IActionResult] GetSummariesAsync(AppProject.Models.SearchRequest, System.Threading.CancellationToken) on controller AppProject.Core.Controllers.General.CountrySummaryController (AppProject.Core.Controllers.General).
[12:53:59 INF] () Request starting HTTP/2 GET https://localhost:7121/api/auth/Permission/GetCurrentUserPermissions - null null
[12:53:59 INF] () CORS policy execution successful.
[12:53:59 INF] (vicente.maria.vm17@gmail.com) Executing endpoint 'AppProject.Core.API.Controllers.Auth.PermissionController.GetCurrentUserPermissionsAsync (AppProject.Core.API)'
[12:53:59 INF] (vicente.maria.vm17@gmail.com) Route matched with {action = "GetCurrentUserPermissions", controller = "Permission"}. Executing controller action with signature System.Threading.Tasks.Task`1[Microsoft.AspNetCore.Mvc.IActionResult] GetCurrentUserPermissionsAsync(AppProject.Models.Auth.PermissionContext, System.Threading.CancellationToken) on controller AppProject.Core.API.Controllers.Auth.PermissionController (AppProject.Core.API).
[12:53:59 INF] (vicente.maria.vm17@gmail.com) Executing OkObjectResult, writing value of type 'AppProject.Models.Auth.PermissionType[]'.
[12:53:59 INF] (vicente.maria.vm17@gmail.com) Executed action AppProject.Core.API.Controllers.Auth.PermissionController.GetCurrentUserPermissionsAsync (AppProject.Core.API) in 56.208ms
[12:53:59 INF] (vicente.maria.vm17@gmail.com) Executed endpoint 'AppProject.Core.API.Controllers.Auth.PermissionController.GetCurrentUserPermissionsAsync (AppProject.Core.API)'
[12:53:59 INF] () Request finished HTTP/2 GET https://localhost:7121/api/auth/Permission/GetCurrentUserPermissions - 200 null application/json; charset=utf-8 114.6754ms
[12:53:59 INF] (vicente.maria.vm17@gmail.com) Executed DbCommand (66ms) [Parameters=[@__p_0='?' (DbType = Int32)], CommandType='"Text"', CommandTimeout='30']
SELECT TOP(@__p_0) [c].[Id], [c].[Name]
FROM [Countries] AS [c]
ORDER BY [c].[Name]
[12:53:59 INF] (vicente.maria.vm17@gmail.com) Executing OkObjectResult, writing value of type 'AppProject.Models.SummariesResponse`1[[AppProject.Core.Models.General.CountrySummary, AppProject.Core.Models, Version=1.0.0.0, Culture=neutral, PublicKeyToken=null]]'.
[12:53:59 INF] (vicente.maria.vm17@gmail.com) Executed action AppProject.Core.Controllers.General.CountrySummaryController.GetSummariesAsync (AppProject.Core.Controllers.General) in 183.7995ms
[12:53:59 INF] (vicente.maria.vm17@gmail.com) Executed endpoint 'AppProject.Core.Controllers.General.CountrySummaryController.GetSummariesAsync (AppProject.Core.Controllers.General)'
[12:53:59 INF] () Request finished HTTP/2 GET https://localhost:7121/api/general/CountrySummary/GetSummaries?Take=100 - 200 null application/json; charset=utf-8 219.2505ms
[12:54:02 INF] () Request starting HTTP/2 OPTIONS https://localhost:7121/api/general/StateSummary/GetSummaries?Take=100 - null null
[12:54:02 INF] () CORS policy execution successful.
[12:54:02 INF] () Request finished HTTP/2 OPTIONS https://localhost:7121/api/general/StateSummary/GetSummaries?Take=100 - 204 null null 4.1109ms
[12:54:02 INF] () Request starting HTTP/2 GET https://localhost:7121/api/general/StateSummary/GetSummaries?Take=100 - null null
[12:54:02 INF] () CORS policy execution successful.
[12:54:02 INF] (vicente.maria.vm17@gmail.com) Executing endpoint 'AppProject.Core.Controllers.General.StateSummaryController.GetSummariesAsync (AppProject.Core.Controllers.General)'
[12:54:02 INF] (vicente.maria.vm17@gmail.com) Route matched with {action = "GetSummaries", controller = "StateSummary"}. Executing controller action with signature System.Threading.Tasks.Task`1[Microsoft.AspNetCore.Mvc.IActionResult] GetSummariesAsync(AppProject.Core.Models.General.StateSummarySearchRequest, System.Threading.CancellationToken) on controller AppProject.Core.Controllers.General.StateSummaryController (AppProject.Core.Controllers.General).
[12:54:02 INF] (vicente.maria.vm17@gmail.com) Executed DbCommand (10ms) [Parameters=[@__p_0='?' (DbType = Int32)], CommandType='"Text"', CommandTimeout='30']
SELECT [s0].[Id], [s0].[Name], [c].[Name] AS [CountryName], [s0].[CountryId]
FROM (
    SELECT TOP(@__p_0) [s].[Id], [s].[CountryId], [s].[Name]
    FROM [States] AS [s]
    ORDER BY [s].[Name]
) AS [s0]
INNER JOIN [Countries] AS [c] ON [s0].[CountryId] = [c].[Id]
ORDER BY [s0].[Name]
[12:54:02 INF] (vicente.maria.vm17@gmail.com) Executing OkObjectResult, writing value of type 'AppProject.Models.SummariesResponse`1[[AppProject.Core.Models.General.StateSummary, AppProject.Core.Models, Version=1.0.0.0, Culture=neutral, PublicKeyToken=null]]'.
[12:54:02 INF] (vicente.maria.vm17@gmail.com) Executed action AppProject.Core.Controllers.General.StateSummaryController.GetSummariesAsync (AppProject.Core.Controllers.General) in 15.3476ms
[12:54:02 INF] (vicente.maria.vm17@gmail.com) Executed endpoint 'AppProject.Core.Controllers.General.StateSummaryController.GetSummariesAsync (AppProject.Core.Controllers.General)'
[12:54:02 INF] () Request finished HTTP/2 GET https://localhost:7121/api/general/StateSummary/GetSummaries?Take=100 - 200 null application/json; charset=utf-8 49.079ms
[12:55:19 INF] () Start installing Hangfire SQL objects...
[12:55:20 INF] () Hangfire SQL objects installed.
[12:55:21 INF] () Executed DbCommand (12ms) [Parameters=[], CommandType='"Text"', CommandTimeout='30']
SELECT 1
[12:55:21 INF] () Acquiring an exclusive lock for migration application. See https://aka.ms/efcore-docs-migrations-lock for more information if this takes too long.
[12:55:21 INF] () Executed DbCommand (9ms) [Parameters=[], CommandType='"Text"', CommandTimeout='30']
DECLARE @result int;
EXEC @result = sp_getapplock @Resource = '__EFMigrationsLock', @LockOwner = 'Session', @LockMode = 'Exclusive';
SELECT @result
[12:55:21 INF] () Executed DbCommand (5ms) [Parameters=[], CommandType='"Text"', CommandTimeout='30']
IF OBJECT_ID(N'[__EFMigrationsHistory]') IS NULL
BEGIN
    CREATE TABLE [__EFMigrationsHistory] (
        [MigrationId] nvarchar(150) NOT NULL,
        [ProductVersion] nvarchar(32) NOT NULL,
        CONSTRAINT [PK___EFMigrationsHistory] PRIMARY KEY ([MigrationId])
    );
END;
[12:55:21 INF] () Executed DbCommand (1ms) [Parameters=[], CommandType='"Text"', CommandTimeout='30']
SELECT 1
[12:55:21 INF] () Executed DbCommand (4ms) [Parameters=[], CommandType='"Text"', CommandTimeout='30']
SELECT OBJECT_ID(N'[__EFMigrationsHistory]');
[12:55:21 INF] () Executed DbCommand (4ms) [Parameters=[], CommandType='"Text"', CommandTimeout='30']
SELECT [MigrationId], [ProductVersion]
FROM [__EFMigrationsHistory]
ORDER BY [MigrationId];
[12:55:21 INF] () No migrations were applied. The database is already up to date.
[12:55:21 INF] () Executed DbCommand (1ms) [Parameters=[], CommandType='"Text"', CommandTimeout='30']
DECLARE @result int;
EXEC @result = sp_releaseapplock @Resource = '__EFMigrationsLock', @LockOwner = 'Session';
SELECT @result
[12:55:21 INF] () Executed DbCommand (4ms) [Parameters=[], CommandType='"Text"', CommandTimeout='30']
SELECT TOP(1) [u].[Id], [u].[CreatedAt], [u].[CreatedByUserId], [u].[CreatedByUserName], [u].[Email], [u].[IsSystemAdmin], [u].[Name], [u].[RowVersion], [u].[UpdatedAt], [u].[UpdatedByUserId], [u].[UpdatedByUserName]
FROM [Users] AS [u]
WHERE [u].[IsSystemAdmin] = CAST(1 AS bit)
[12:55:21 INF] () User profile is available. Using 'C:\Users\vicen\AppData\Local\ASP.NET\DataProtection-Keys' as key repository and Windows DPAPI to encrypt keys at rest.
[12:55:22 INF] () Now listening on: https://localhost:7121
[12:55:22 INF] () Starting Hangfire Server using job storage: 'SQL Server: localhost\SQLEXPRESS@AppProject'
[12:55:22 INF] () Using the following options for SQL Server job storage: Queue poll interval: 00:00:00.
[12:55:22 INF] () Using the following options for Hangfire Server:
    Worker count: 20
    Listening queues: 'default'
    Shutdown timeout: 00:00:15
    Schedule polling interval: 00:00:15
[12:55:22 INF] () Application started. Press Ctrl+C to shut down.
[12:55:22 INF] () Hosting environment: Development
[12:55:22 INF] () Content root path: C:\Course\dotnet-template\AppProject.Core.API
[12:55:22 INF] () Server desktop-0fm4m6s:23972:a2e5e404 successfully announced in 15.8769 ms
[12:55:22 INF] () Server desktop-0fm4m6s:23972:a2e5e404 is starting the registered dispatchers: ServerWatchdog, ServerJobCancellationWatcher, SqlServerHeartbeatProcess, ExpirationManager, CountersAggregator, Worker, DelayedJobScheduler, RecurringJobScheduler...
[12:55:22 INF] () Server desktop-0fm4m6s:23972:a2e5e404 all the dispatchers started
[12:55:57 INF] () Request starting HTTP/2 OPTIONS https://localhost:7121/api/auth/Permission/GetCurrentUserPermissions - null null
[12:55:57 INF] () CORS policy execution successful.
[12:55:57 INF] () Request finished HTTP/2 OPTIONS https://localhost:7121/api/auth/Permission/GetCurrentUserPermissions - 204 null null 60.8646ms
[12:55:57 INF] () Request starting HTTP/2 GET https://localhost:7121/api/auth/Permission/GetCurrentUserPermissions - null null
[12:55:57 INF] () CORS policy execution successful.
[12:55:57 INF] (vicente.maria.vm17@gmail.com) Executing endpoint 'AppProject.Core.API.Controllers.Auth.PermissionController.GetCurrentUserPermissionsAsync (AppProject.Core.API)'
[12:55:57 INF] (vicente.maria.vm17@gmail.com) Route matched with {action = "GetCurrentUserPermissions", controller = "Permission"}. Executing controller action with signature System.Threading.Tasks.Task`1[Microsoft.AspNetCore.Mvc.IActionResult] GetCurrentUserPermissionsAsync(AppProject.Models.Auth.PermissionContext, System.Threading.CancellationToken) on controller AppProject.Core.API.Controllers.Auth.PermissionController (AppProject.Core.API).
[12:55:57 INF] () Executed DbCommand (4ms) [Parameters=[], CommandType='"Text"', CommandTimeout='30']
SELECT TOP(1) [u].[Id], [u].[CreatedAt], [u].[CreatedByUserId], [u].[CreatedByUserName], [u].[Email], [u].[IsSystemAdmin], [u].[Name], [u].[RowVersion], [u].[UpdatedAt], [u].[UpdatedByUserId], [u].[UpdatedByUserName]
FROM [Users] AS [u]
WHERE [u].[IsSystemAdmin] = CAST(1 AS bit)
[12:55:58 INF] (vicente.maria.vm17@gmail.com) Executing OkObjectResult, writing value of type 'AppProject.Models.Auth.PermissionType[]'.
[12:55:58 INF] (vicente.maria.vm17@gmail.com) Executed action AppProject.Core.API.Controllers.Auth.PermissionController.GetCurrentUserPermissionsAsync (AppProject.Core.API) in 120.2199ms
[12:55:58 INF] (vicente.maria.vm17@gmail.com) Executed endpoint 'AppProject.Core.API.Controllers.Auth.PermissionController.GetCurrentUserPermissionsAsync (AppProject.Core.API)'
[12:55:58 INF] () Request finished HTTP/2 GET https://localhost:7121/api/auth/Permission/GetCurrentUserPermissions - 200 null application/json; charset=utf-8 756.8853ms
[12:56:56 INF] () Request starting HTTP/2 OPTIONS https://localhost:7121/api/general/CountrySummary/GetSummaries?Take=100 - null null
[12:56:56 INF] () CORS policy execution successful.
[12:56:56 INF] () Request starting HTTP/2 GET https://localhost:7121/api/general/CountrySummary/GetSummaries?Take=100 - null null
[12:56:56 INF] () Request finished HTTP/2 OPTIONS https://localhost:7121/api/general/CountrySummary/GetSummaries?Take=100 - 204 null null 9.6275ms
[12:56:56 INF] () CORS policy execution successful.
[12:56:56 INF] (vicente.maria.vm17@gmail.com) Executing endpoint 'AppProject.Core.Controllers.General.CountrySummaryController.GetSummariesAsync (AppProject.Core.Controllers.General)'
[12:56:56 INF] (vicente.maria.vm17@gmail.com) Route matched with {action = "GetSummaries", controller = "CountrySummary"}. Executing controller action with signature System.Threading.Tasks.Task`1[Microsoft.AspNetCore.Mvc.IActionResult] GetSummariesAsync(AppProject.Models.SearchRequest, System.Threading.CancellationToken) on controller AppProject.Core.Controllers.General.CountrySummaryController (AppProject.Core.Controllers.General).
[12:56:56 INF] (vicente.maria.vm17@gmail.com) Executed DbCommand (5ms) [Parameters=[@__p_0='?' (DbType = Int32)], CommandType='"Text"', CommandTimeout='30']
SELECT TOP(@__p_0) [c].[Id], [c].[Name]
FROM [Countries] AS [c]
ORDER BY [c].[Name]
[12:56:56 INF] (vicente.maria.vm17@gmail.com) Executing OkObjectResult, writing value of type 'AppProject.Models.SummariesResponse`1[[AppProject.Core.Models.General.CountrySummary, AppProject.Core.Models, Version=1.0.0.0, Culture=neutral, PublicKeyToken=null]]'.
[12:56:56 INF] (vicente.maria.vm17@gmail.com) Executed action AppProject.Core.Controllers.General.CountrySummaryController.GetSummariesAsync (AppProject.Core.Controllers.General) in 97.3481ms
[12:56:56 INF] (vicente.maria.vm17@gmail.com) Executed endpoint 'AppProject.Core.Controllers.General.CountrySummaryController.GetSummariesAsync (AppProject.Core.Controllers.General)'
[12:56:56 INF] () Request finished HTTP/2 GET https://localhost:7121/api/general/CountrySummary/GetSummaries?Take=100 - 200 null application/json; charset=utf-8 158.1945ms
[12:56:58 INF] () Request starting HTTP/2 GET https://localhost:7121/api/general/CountrySummary/GetSummaries?Take=100 - null null
[12:56:58 INF] () CORS policy execution successful.
[12:56:58 INF] (vicente.maria.vm17@gmail.com) Executing endpoint 'AppProject.Core.Controllers.General.CountrySummaryController.GetSummariesAsync (AppProject.Core.Controllers.General)'
[12:56:58 INF] (vicente.maria.vm17@gmail.com) Route matched with {action = "GetSummaries", controller = "CountrySummary"}. Executing controller action with signature System.Threading.Tasks.Task`1[Microsoft.AspNetCore.Mvc.IActionResult] GetSummariesAsync(AppProject.Models.SearchRequest, System.Threading.CancellationToken) on controller AppProject.Core.Controllers.General.CountrySummaryController (AppProject.Core.Controllers.General).
[12:56:58 INF] (vicente.maria.vm17@gmail.com) Executed DbCommand (1ms) [Parameters=[@__p_0='?' (DbType = Int32)], CommandType='"Text"', CommandTimeout='30']
SELECT TOP(@__p_0) [c].[Id], [c].[Name]
FROM [Countries] AS [c]
ORDER BY [c].[Name]
[12:56:58 INF] (vicente.maria.vm17@gmail.com) Executing OkObjectResult, writing value of type 'AppProject.Models.SummariesResponse`1[[AppProject.Core.Models.General.CountrySummary, AppProject.Core.Models, Version=1.0.0.0, Culture=neutral, PublicKeyToken=null]]'.
[12:56:58 INF] (vicente.maria.vm17@gmail.com) Executed action AppProject.Core.Controllers.General.CountrySummaryController.GetSummariesAsync (AppProject.Core.Controllers.General) in 8.826ms
[12:56:58 INF] (vicente.maria.vm17@gmail.com) Executed endpoint 'AppProject.Core.Controllers.General.CountrySummaryController.GetSummariesAsync (AppProject.Core.Controllers.General)'
[12:56:58 INF] () Request finished HTTP/2 GET https://localhost:7121/api/general/CountrySummary/GetSummaries?Take=100 - 200 null application/json; charset=utf-8 79.0912ms
[12:57:20 INF] () Request starting HTTP/2 OPTIONS https://localhost:7121/api/general/State/Post - null null
[12:57:20 INF] () CORS policy execution successful.
[12:57:20 INF] () Request finished HTTP/2 OPTIONS https://localhost:7121/api/general/State/Post - 204 null null 48.4344ms
[12:57:20 INF] () Request starting HTTP/2 POST https://localhost:7121/api/general/State/Post - application/json; charset=utf-8 122
[12:57:20 INF] () CORS policy execution successful.
[12:57:20 INF] (vicente.maria.vm17@gmail.com) Executing endpoint 'AppProject.Core.Controllers.General.StateController.PostAsync (AppProject.Core.Controllers.General)'
[12:57:20 INF] (vicente.maria.vm17@gmail.com) Route matched with {action = "Post", controller = "State"}. Executing controller action with signature System.Threading.Tasks.Task`1[Microsoft.AspNetCore.Mvc.IActionResult] PostAsync(AppProject.Models.CreateOrUpdateRequest`1[AppProject.Core.Models.General.State], System.Threading.CancellationToken) on controller AppProject.Core.Controllers.General.StateController (AppProject.Core.Controllers.General).
[12:57:20 INF] (vicente.maria.vm17@gmail.com) Executed DbCommand (7ms) [Parameters=[@__state_CountryId_0='?' (DbType = Guid), @__state_Name_1='?' (Size = 200)], CommandType='"Text"', CommandTimeout='30']
SELECT CASE
    WHEN EXISTS (
        SELECT 1
        FROM [States] AS [s]
        WHERE [s].[CountryId] = @__state_CountryId_0 AND [s].[Name] = @__state_Name_1) THEN CAST(1 AS bit)
    ELSE CAST(0 AS bit)
END
[12:57:21 INF] (vicente.maria.vm17@gmail.com) Executed DbCommand (7ms) [Parameters=[@p0='?' (DbType = Guid), @p1='?' (Size = 200), @p2='?' (DbType = Guid), @p3='?' (DbType = DateTimeOffset), @p4='?' (DbType = Guid), @p5='?' (Size = 255), @p6='?' (Size = 200), @p7='?' (DbType = DateTimeOffset), @p8='?' (DbType = Guid), @p9='?' (Size = 255)], CommandType='"Text"', CommandTimeout='30']
SET IMPLICIT_TRANSACTIONS OFF;
SET NOCOUNT ON;
INSERT INTO [States] ([Id], [Code], [CountryId], [CreatedAt], [CreatedByUserId], [CreatedByUserName], [Name], [UpdatedAt], [UpdatedByUserId], [UpdatedByUserName])
OUTPUT INSERTED.[RowVersion]
VALUES (@p0, @p1, @p2, @p3, @p4, @p5, @p6, @p7, @p8, @p9);
[12:57:21 INF] (vicente.maria.vm17@gmail.com) Executing OkObjectResult, writing value of type 'AppProject.Models.KeyResponse`1[[System.Guid, System.Private.CoreLib, Version=9.0.0.0, Culture=neutral, PublicKeyToken=7cec85d7bea7798e]]'.
[12:57:21 INF] (vicente.maria.vm17@gmail.com) Executed action AppProject.Core.Controllers.General.StateController.PostAsync (AppProject.Core.Controllers.General) in 280.5931ms
[12:57:21 INF] (vicente.maria.vm17@gmail.com) Executed endpoint 'AppProject.Core.Controllers.General.StateController.PostAsync (AppProject.Core.Controllers.General)'
[12:57:21 INF] () Request finished HTTP/2 POST https://localhost:7121/api/general/State/Post - 200 null application/json; charset=utf-8 318.7497ms
[12:57:21 INF] () Request starting HTTP/2 OPTIONS https://localhost:7121/api/general/StateSummary/GetSummaries?Take=100 - null null
[12:57:21 INF] () CORS policy execution successful.
[12:57:21 INF] () Request finished HTTP/2 OPTIONS https://localhost:7121/api/general/StateSummary/GetSummaries?Take=100 - 204 null null 30.0169ms
[12:57:21 INF] () Request starting HTTP/2 GET https://localhost:7121/api/general/StateSummary/GetSummaries?Take=100 - null null
[12:57:21 INF] () CORS policy execution successful.
[12:57:21 INF] (vicente.maria.vm17@gmail.com) Executing endpoint 'AppProject.Core.Controllers.General.StateSummaryController.GetSummariesAsync (AppProject.Core.Controllers.General)'
[12:57:21 INF] (vicente.maria.vm17@gmail.com) Route matched with {action = "GetSummaries", controller = "StateSummary"}. Executing controller action with signature System.Threading.Tasks.Task`1[Microsoft.AspNetCore.Mvc.IActionResult] GetSummariesAsync(AppProject.Core.Models.General.StateSummarySearchRequest, System.Threading.CancellationToken) on controller AppProject.Core.Controllers.General.StateSummaryController (AppProject.Core.Controllers.General).
[12:57:21 INF] (vicente.maria.vm17@gmail.com) Executed DbCommand (3ms) [Parameters=[@__p_0='?' (DbType = Int32)], CommandType='"Text"', CommandTimeout='30']
SELECT [s0].[Id], [s0].[Name], [c].[Name] AS [CountryName], [s0].[CountryId]
FROM (
    SELECT TOP(@__p_0) [s].[Id], [s].[CountryId], [s].[Name]
    FROM [States] AS [s]
    ORDER BY [s].[Name]
) AS [s0]
INNER JOIN [Countries] AS [c] ON [s0].[CountryId] = [c].[Id]
ORDER BY [s0].[Name]
[12:57:21 INF] (vicente.maria.vm17@gmail.com) Executing OkObjectResult, writing value of type 'AppProject.Models.SummariesResponse`1[[AppProject.Core.Models.General.StateSummary, AppProject.Core.Models, Version=1.0.0.0, Culture=neutral, PublicKeyToken=null]]'.
[12:57:21 INF] (vicente.maria.vm17@gmail.com) Executed action AppProject.Core.Controllers.General.StateSummaryController.GetSummariesAsync (AppProject.Core.Controllers.General) in 61.7493ms
[12:57:21 INF] (vicente.maria.vm17@gmail.com) Executed endpoint 'AppProject.Core.Controllers.General.StateSummaryController.GetSummariesAsync (AppProject.Core.Controllers.General)'
[12:57:21 INF] () Request finished HTTP/2 GET https://localhost:7121/api/general/StateSummary/GetSummaries?Take=100 - 200 null application/json; charset=utf-8 77.0336ms
[12:57:30 INF] () Request starting HTTP/2 OPTIONS https://localhost:7121/api/general/State/Get?Id=144a0763-69b1-406b-c8fb-08deec96ff82 - null null
[12:57:30 INF] () CORS policy execution successful.
[12:57:30 INF] () Request finished HTTP/2 OPTIONS https://localhost:7121/api/general/State/Get?Id=144a0763-69b1-406b-c8fb-08deec96ff82 - 204 null null 3.522ms
[12:57:30 INF] () Request starting HTTP/2 GET https://localhost:7121/api/general/State/Get?Id=144a0763-69b1-406b-c8fb-08deec96ff82 - null null
[12:57:30 INF] () CORS policy execution successful.
[12:57:30 INF] (vicente.maria.vm17@gmail.com) Executing endpoint 'AppProject.Core.Controllers.General.StateController.GetAsync (AppProject.Core.Controllers.General)'
[12:57:30 INF] (vicente.maria.vm17@gmail.com) Route matched with {action = "Get", controller = "State"}. Executing controller action with signature System.Threading.Tasks.Task`1[Microsoft.AspNetCore.Mvc.IActionResult] GetAsync(AppProject.Models.GetByIdRequest`1[System.Guid], System.Threading.CancellationToken) on controller AppProject.Core.Controllers.General.StateController (AppProject.Core.Controllers.General).
[12:57:30 INF] (vicente.maria.vm17@gmail.com) Executed DbCommand (4ms) [Parameters=[@__request_Id_0='?' (DbType = Guid)], CommandType='"Text"', CommandTimeout='30']
SELECT [s].[Id], [s].[Name], [s].[Code], [s].[CountryId], [s].[RowVersion]
FROM [States] AS [s]
WHERE [s].[Id] = @__request_Id_0
[12:57:30 INF] (vicente.maria.vm17@gmail.com) Executing OkObjectResult, writing value of type 'AppProject.Models.EntityResponse`1[[AppProject.Core.Models.General.State, AppProject.Core.Models.General, Version=1.0.0.0, Culture=neutral, PublicKeyToken=null]]'.
[12:57:30 INF] (vicente.maria.vm17@gmail.com) Executed action AppProject.Core.Controllers.General.StateController.GetAsync (AppProject.Core.Controllers.General) in 20.9612ms
[12:57:30 INF] (vicente.maria.vm17@gmail.com) Executed endpoint 'AppProject.Core.Controllers.General.StateController.GetAsync (AppProject.Core.Controllers.General)'
[12:57:30 INF] () Request finished HTTP/2 GET https://localhost:7121/api/general/State/Get?Id=144a0763-69b1-406b-c8fb-08deec96ff82 - 200 null application/json; charset=utf-8 34.1884ms
[12:57:30 INF] () Request starting HTTP/2 OPTIONS https://localhost:7121/api/general/CountrySummary/GetSummaries?Take=100 - null null
[12:57:30 INF] () CORS policy execution successful.
[12:57:30 INF] () Request finished HTTP/2 OPTIONS https://localhost:7121/api/general/CountrySummary/GetSummaries?Take=100 - 204 null null 3.0521ms
[12:57:30 INF] () Request starting HTTP/2 GET https://localhost:7121/api/general/CountrySummary/GetSummaries?Take=100 - null null
[12:57:30 INF] () CORS policy execution successful.
[12:57:30 INF] (vicente.maria.vm17@gmail.com) Executing endpoint 'AppProject.Core.Controllers.General.CountrySummaryController.GetSummariesAsync (AppProject.Core.Controllers.General)'
[12:57:30 INF] (vicente.maria.vm17@gmail.com) Route matched with {action = "GetSummaries", controller = "CountrySummary"}. Executing controller action with signature System.Threading.Tasks.Task`1[Microsoft.AspNetCore.Mvc.IActionResult] GetSummariesAsync(AppProject.Models.SearchRequest, System.Threading.CancellationToken) on controller AppProject.Core.Controllers.General.CountrySummaryController (AppProject.Core.Controllers.General).
[12:57:30 INF] (vicente.maria.vm17@gmail.com) Executed DbCommand (1ms) [Parameters=[@__p_0='?' (DbType = Int32)], CommandType='"Text"', CommandTimeout='30']
SELECT TOP(@__p_0) [c].[Id], [c].[Name]
FROM [Countries] AS [c]
ORDER BY [c].[Name]
[12:57:30 INF] (vicente.maria.vm17@gmail.com) Executing OkObjectResult, writing value of type 'AppProject.Models.SummariesResponse`1[[AppProject.Core.Models.General.CountrySummary, AppProject.Core.Models, Version=1.0.0.0, Culture=neutral, PublicKeyToken=null]]'.
[12:57:30 INF] (vicente.maria.vm17@gmail.com) Executed action AppProject.Core.Controllers.General.CountrySummaryController.GetSummariesAsync (AppProject.Core.Controllers.General) in 9.3229ms
[12:57:30 INF] (vicente.maria.vm17@gmail.com) Executed endpoint 'AppProject.Core.Controllers.General.CountrySummaryController.GetSummariesAsync (AppProject.Core.Controllers.General)'
[12:57:30 INF] () Request finished HTTP/2 GET https://localhost:7121/api/general/CountrySummary/GetSummaries?Take=100 - 200 null application/json; charset=utf-8 21.4425ms
[12:57:30 INF] () Request starting HTTP/2 GET https://localhost:7121/api/general/CountrySummary/GetSummaries?Take=100 - null null
[12:57:30 INF] () CORS policy execution successful.
[12:57:30 INF] (vicente.maria.vm17@gmail.com) Executing endpoint 'AppProject.Core.Controllers.General.CountrySummaryController.GetSummariesAsync (AppProject.Core.Controllers.General)'
[12:57:30 INF] (vicente.maria.vm17@gmail.com) Route matched with {action = "GetSummaries", controller = "CountrySummary"}. Executing controller action with signature System.Threading.Tasks.Task`1[Microsoft.AspNetCore.Mvc.IActionResult] GetSummariesAsync(AppProject.Models.SearchRequest, System.Threading.CancellationToken) on controller AppProject.Core.Controllers.General.CountrySummaryController (AppProject.Core.Controllers.General).
[12:57:30 INF] (vicente.maria.vm17@gmail.com) Executed DbCommand (0ms) [Parameters=[@__p_0='?' (DbType = Int32)], CommandType='"Text"', CommandTimeout='30']
SELECT TOP(@__p_0) [c].[Id], [c].[Name]
FROM [Countries] AS [c]
ORDER BY [c].[Name]
[12:57:30 INF] (vicente.maria.vm17@gmail.com) Executing OkObjectResult, writing value of type 'AppProject.Models.SummariesResponse`1[[AppProject.Core.Models.General.CountrySummary, AppProject.Core.Models, Version=1.0.0.0, Culture=neutral, PublicKeyToken=null]]'.
[12:57:30 INF] (vicente.maria.vm17@gmail.com) Executed action AppProject.Core.Controllers.General.CountrySummaryController.GetSummariesAsync (AppProject.Core.Controllers.General) in 6.1383ms
[12:57:30 INF] (vicente.maria.vm17@gmail.com) Executed endpoint 'AppProject.Core.Controllers.General.CountrySummaryController.GetSummariesAsync (AppProject.Core.Controllers.General)'
[12:57:30 INF] () Request finished HTTP/2 GET https://localhost:7121/api/general/CountrySummary/GetSummaries?Take=100 - 200 null application/json; charset=utf-8 15.6816ms
[12:59:30 INF] () Request starting HTTP/2 OPTIONS https://localhost:7121/api/general/State/Put - null null
[12:59:30 INF] () CORS policy execution successful.
[12:59:30 INF] () Request finished HTTP/2 OPTIONS https://localhost:7121/api/general/State/Put - 204 null null 3.642ms
[12:59:30 INF] () Request starting HTTP/2 PUT https://localhost:7121/api/general/State/Put - application/json; charset=utf-8 170
[12:59:30 INF] () CORS policy execution successful.
[12:59:30 INF] (vicente.maria.vm17@gmail.com) Executing endpoint 'AppProject.Core.Controllers.General.StateController.PutAsync (AppProject.Core.Controllers.General)'
[12:59:30 INF] (vicente.maria.vm17@gmail.com) Route matched with {action = "Put", controller = "State"}. Executing controller action with signature System.Threading.Tasks.Task`1[Microsoft.AspNetCore.Mvc.IActionResult] PutAsync(AppProject.Models.CreateOrUpdateRequest`1[AppProject.Core.Models.General.State], System.Threading.CancellationToken) on controller AppProject.Core.Controllers.General.StateController (AppProject.Core.Controllers.General).
[12:59:30 INF] (vicente.maria.vm17@gmail.com) Executed DbCommand (5ms) [Parameters=[@__state_CountryId_0='?' (DbType = Guid), @__state_Name_1='?' (Size = 200), @__state_Id_2='?' (DbType = Guid)], CommandType='"Text"', CommandTimeout='30']
SELECT CASE
    WHEN EXISTS (
        SELECT 1
        FROM [States] AS [s]
        WHERE [s].[CountryId] = @__state_CountryId_0 AND [s].[Name] = @__state_Name_1 AND [s].[Id] <> @__state_Id_2) THEN CAST(1 AS bit)
    ELSE CAST(0 AS bit)
END
[12:59:30 INF] (vicente.maria.vm17@gmail.com) Executed DbCommand (2ms) [Parameters=[@__request_Entity_Id_0='?' (DbType = Guid)], CommandType='"Text"', CommandTimeout='30']
SELECT [s].[Id], [s].[Code], [s].[CountryId], [s].[CreatedAt], [s].[CreatedByUserId], [s].[CreatedByUserName], [s].[Name], [s].[RowVersion], [s].[UpdatedAt], [s].[UpdatedByUserId], [s].[UpdatedByUserName]
FROM [States] AS [s]
WHERE [s].[Id] = @__request_Entity_Id_0
[12:59:30 INF] (vicente.maria.vm17@gmail.com) Executed DbCommand (6ms) [Parameters=[@p9='?' (DbType = Guid), @p0='?' (Size = 200), @p1='?' (DbType = Guid), @p2='?' (DbType = DateTimeOffset), @p3='?' (DbType = Guid), @p4='?' (Size = 255), @p5='?' (Size = 200), @p10='?' (Size = 8) (DbType = Binary), @p6='?' (DbType = DateTimeOffset), @p7='?' (DbType = Guid), @p8='?' (Size = 255)], CommandType='"Text"', CommandTimeout='30']
SET IMPLICIT_TRANSACTIONS OFF;
SET NOCOUNT ON;
UPDATE [States] SET [Code] = @p0, [CountryId] = @p1, [CreatedAt] = @p2, [CreatedByUserId] = @p3, [CreatedByUserName] = @p4, [Name] = @p5, [UpdatedAt] = @p6, [UpdatedByUserId] = @p7, [UpdatedByUserName] = @p8
OUTPUT INSERTED.[RowVersion]
WHERE [Id] = @p9 AND [RowVersion] = @p10;
[12:59:30 INF] (vicente.maria.vm17@gmail.com) Executing OkObjectResult, writing value of type 'AppProject.Models.KeyResponse`1[[System.Guid, System.Private.CoreLib, Version=9.0.0.0, Culture=neutral, PublicKeyToken=7cec85d7bea7798e]]'.
[12:59:30 INF] (vicente.maria.vm17@gmail.com) Executed action AppProject.Core.Controllers.General.StateController.PutAsync (AppProject.Core.Controllers.General) in 61.9425ms
[12:59:30 INF] (vicente.maria.vm17@gmail.com) Executed endpoint 'AppProject.Core.Controllers.General.StateController.PutAsync (AppProject.Core.Controllers.General)'
[12:59:30 INF] () Request finished HTTP/2 PUT https://localhost:7121/api/general/State/Put - 200 null application/json; charset=utf-8 74.1223ms
[12:59:30 INF] () Request starting HTTP/2 OPTIONS https://localhost:7121/api/general/StateSummary/GetSummaries?Take=100 - null null
[12:59:30 INF] () CORS policy execution successful.
[12:59:30 INF] () Request finished HTTP/2 OPTIONS https://localhost:7121/api/general/StateSummary/GetSummaries?Take=100 - 204 null null 3.7055ms
[12:59:30 INF] () Request starting HTTP/2 GET https://localhost:7121/api/general/StateSummary/GetSummaries?Take=100 - null null
[12:59:30 INF] () CORS policy execution successful.
[12:59:30 INF] (vicente.maria.vm17@gmail.com) Executing endpoint 'AppProject.Core.Controllers.General.StateSummaryController.GetSummariesAsync (AppProject.Core.Controllers.General)'
[12:59:30 INF] (vicente.maria.vm17@gmail.com) Route matched with {action = "GetSummaries", controller = "StateSummary"}. Executing controller action with signature System.Threading.Tasks.Task`1[Microsoft.AspNetCore.Mvc.IActionResult] GetSummariesAsync(AppProject.Core.Models.General.StateSummarySearchRequest, System.Threading.CancellationToken) on controller AppProject.Core.Controllers.General.StateSummaryController (AppProject.Core.Controllers.General).
[12:59:30 INF] (vicente.maria.vm17@gmail.com) Executed DbCommand (3ms) [Parameters=[@__p_0='?' (DbType = Int32)], CommandType='"Text"', CommandTimeout='30']
SELECT [s0].[Id], [s0].[Name], [c].[Name] AS [CountryName], [s0].[CountryId]
FROM (
    SELECT TOP(@__p_0) [s].[Id], [s].[CountryId], [s].[Name]
    FROM [States] AS [s]
    ORDER BY [s].[Name]
) AS [s0]
INNER JOIN [Countries] AS [c] ON [s0].[CountryId] = [c].[Id]
ORDER BY [s0].[Name]
[12:59:30 INF] (vicente.maria.vm17@gmail.com) Executing OkObjectResult, writing value of type 'AppProject.Models.SummariesResponse`1[[AppProject.Core.Models.General.StateSummary, AppProject.Core.Models, Version=1.0.0.0, Culture=neutral, PublicKeyToken=null]]'.
[12:59:30 INF] (vicente.maria.vm17@gmail.com) Executed action AppProject.Core.Controllers.General.StateSummaryController.GetSummariesAsync (AppProject.Core.Controllers.General) in 7.3481ms
[12:59:30 INF] (vicente.maria.vm17@gmail.com) Executed endpoint 'AppProject.Core.Controllers.General.StateSummaryController.GetSummariesAsync (AppProject.Core.Controllers.General)'
[12:59:30 INF] () Request finished HTTP/2 GET https://localhost:7121/api/general/StateSummary/GetSummaries?Take=100 - 200 null application/json; charset=utf-8 17.397ms
[13:00:22 INF] () 1 servers were removed due to timeout
[13:01:50 INF] () Request starting HTTP/2 OPTIONS https://localhost:7121/api/general/State/Get?Id=144a0763-69b1-406b-c8fb-08deec96ff82 - null null
[13:01:50 INF] () Request starting HTTP/2 OPTIONS https://localhost:7121/api/general/CountrySummary/GetSummaries?Take=100 - null null
[13:01:50 INF] () CORS policy execution successful.
[13:01:50 INF] () CORS policy execution successful.
[13:01:51 INF] () Request finished HTTP/2 OPTIONS https://localhost:7121/api/general/CountrySummary/GetSummaries?Take=100 - 204 null null 75.8494ms
[13:01:51 INF] () Request finished HTTP/2 OPTIONS https://localhost:7121/api/general/State/Get?Id=144a0763-69b1-406b-c8fb-08deec96ff82 - 204 null null 104.1333ms
[13:01:51 INF] () Request starting HTTP/2 GET https://localhost:7121/api/general/State/Get?Id=144a0763-69b1-406b-c8fb-08deec96ff82 - null null
[13:01:51 INF] () Request starting HTTP/2 GET https://localhost:7121/api/general/CountrySummary/GetSummaries?Take=100 - null null
[13:01:51 INF] () CORS policy execution successful.
[13:01:51 INF] () CORS policy execution successful.
[13:01:51 INF] (vicente.maria.vm17@gmail.com) Executing endpoint 'AppProject.Core.Controllers.General.CountrySummaryController.GetSummariesAsync (AppProject.Core.Controllers.General)'
[13:01:51 INF] (vicente.maria.vm17@gmail.com) Executing endpoint 'AppProject.Core.Controllers.General.StateController.GetAsync (AppProject.Core.Controllers.General)'
[13:01:51 INF] (vicente.maria.vm17@gmail.com) Route matched with {action = "GetSummaries", controller = "CountrySummary"}. Executing controller action with signature System.Threading.Tasks.Task`1[Microsoft.AspNetCore.Mvc.IActionResult] GetSummariesAsync(AppProject.Models.SearchRequest, System.Threading.CancellationToken) on controller AppProject.Core.Controllers.General.CountrySummaryController (AppProject.Core.Controllers.General).
[13:01:51 INF] (vicente.maria.vm17@gmail.com) Route matched with {action = "Get", controller = "State"}. Executing controller action with signature System.Threading.Tasks.Task`1[Microsoft.AspNetCore.Mvc.IActionResult] GetAsync(AppProject.Models.GetByIdRequest`1[System.Guid], System.Threading.CancellationToken) on controller AppProject.Core.Controllers.General.StateController (AppProject.Core.Controllers.General).
[13:01:51 INF] (vicente.maria.vm17@gmail.com) Executed DbCommand (3ms) [Parameters=[@__p_0='?' (DbType = Int32)], CommandType='"Text"', CommandTimeout='30']
SELECT TOP(@__p_0) [c].[Id], [c].[Name]
FROM [Countries] AS [c]
ORDER BY [c].[Name]
[13:01:51 INF] () Executed DbCommand (3ms) [Parameters=[], CommandType='"Text"', CommandTimeout='30']
SELECT TOP(1) [u].[Id], [u].[CreatedAt], [u].[CreatedByUserId], [u].[CreatedByUserName], [u].[Email], [u].[IsSystemAdmin], [u].[Name], [u].[RowVersion], [u].[UpdatedAt], [u].[UpdatedByUserId], [u].[UpdatedByUserName]
FROM [Users] AS [u]
WHERE [u].[IsSystemAdmin] = CAST(1 AS bit)
[13:01:51 INF] (vicente.maria.vm17@gmail.com) Executing OkObjectResult, writing value of type 'AppProject.Models.SummariesResponse`1[[AppProject.Core.Models.General.CountrySummary, AppProject.Core.Models, Version=1.0.0.0, Culture=neutral, PublicKeyToken=null]]'.
[13:01:51 INF] (vicente.maria.vm17@gmail.com) Executed action AppProject.Core.Controllers.General.CountrySummaryController.GetSummariesAsync (AppProject.Core.Controllers.General) in 29.6197ms
[13:01:51 INF] (vicente.maria.vm17@gmail.com) Executed endpoint 'AppProject.Core.Controllers.General.CountrySummaryController.GetSummariesAsync (AppProject.Core.Controllers.General)'
[13:01:51 INF] () Request finished HTTP/2 GET https://localhost:7121/api/general/CountrySummary/GetSummaries?Take=100 - 200 null application/json; charset=utf-8 123.1805ms
[13:01:51 INF] (vicente.maria.vm17@gmail.com) Executed DbCommand (2ms) [Parameters=[@__request_Id_0='?' (DbType = Guid)], CommandType='"Text"', CommandTimeout='30']
SELECT [s].[Id], [s].[Name], [s].[Code], [s].[CountryId], [s].[RowVersion]
FROM [States] AS [s]
WHERE [s].[Id] = @__request_Id_0
[13:01:51 INF] (vicente.maria.vm17@gmail.com) Executing OkObjectResult, writing value of type 'AppProject.Models.EntityResponse`1[[AppProject.Core.Models.General.State, AppProject.Core.Models.General, Version=1.0.0.0, Culture=neutral, PublicKeyToken=null]]'.
[13:01:51 INF] (vicente.maria.vm17@gmail.com) Executed action AppProject.Core.Controllers.General.StateController.GetAsync (AppProject.Core.Controllers.General) in 116.1493ms
[13:01:51 INF] (vicente.maria.vm17@gmail.com) Executed endpoint 'AppProject.Core.Controllers.General.StateController.GetAsync (AppProject.Core.Controllers.General)'
[13:01:51 INF] () Request finished HTTP/2 GET https://localhost:7121/api/general/State/Get?Id=144a0763-69b1-406b-c8fb-08deec96ff82 - 200 null application/json; charset=utf-8 155.6863ms
[13:01:51 INF] () Request starting HTTP/2 GET https://localhost:7121/api/general/CountrySummary/GetSummaries?Take=100 - null null
[13:01:51 INF] () CORS policy execution successful.
[13:01:51 INF] (vicente.maria.vm17@gmail.com) Executing endpoint 'AppProject.Core.Controllers.General.CountrySummaryController.GetSummariesAsync (AppProject.Core.Controllers.General)'
[13:01:51 INF] (vicente.maria.vm17@gmail.com) Route matched with {action = "GetSummaries", controller = "CountrySummary"}. Executing controller action with signature System.Threading.Tasks.Task`1[Microsoft.AspNetCore.Mvc.IActionResult] GetSummariesAsync(AppProject.Models.SearchRequest, System.Threading.CancellationToken) on controller AppProject.Core.Controllers.General.CountrySummaryController (AppProject.Core.Controllers.General).
[13:01:51 INF] (vicente.maria.vm17@gmail.com) Executed DbCommand (0ms) [Parameters=[@__p_0='?' (DbType = Int32)], CommandType='"Text"', CommandTimeout='30']
SELECT TOP(@__p_0) [c].[Id], [c].[Name]
FROM [Countries] AS [c]
ORDER BY [c].[Name]
[13:01:51 INF] (vicente.maria.vm17@gmail.com) Executing OkObjectResult, writing value of type 'AppProject.Models.SummariesResponse`1[[AppProject.Core.Models.General.CountrySummary, AppProject.Core.Models, Version=1.0.0.0, Culture=neutral, PublicKeyToken=null]]'.
[13:01:51 INF] (vicente.maria.vm17@gmail.com) Executed action AppProject.Core.Controllers.General.CountrySummaryController.GetSummariesAsync (AppProject.Core.Controllers.General) in 4.8432ms
[13:01:51 INF] (vicente.maria.vm17@gmail.com) Executed endpoint 'AppProject.Core.Controllers.General.CountrySummaryController.GetSummariesAsync (AppProject.Core.Controllers.General)'
[13:01:51 INF] () Request finished HTTP/2 GET https://localhost:7121/api/general/CountrySummary/GetSummaries?Take=100 - 200 null application/json; charset=utf-8 39.5339ms
[13:01:58 INF] () Request starting HTTP/2 OPTIONS https://localhost:7121/api/general/CountrySummary/GetSummaries?Take=100 - null null
[13:01:58 INF] () CORS policy execution successful.
[13:01:58 INF] () Request finished HTTP/2 OPTIONS https://localhost:7121/api/general/CountrySummary/GetSummaries?Take=100 - 204 null null 3.6136ms
[13:01:58 INF] () Request starting HTTP/2 GET https://localhost:7121/api/general/CountrySummary/GetSummaries?Take=100 - null null
[13:01:58 INF] () CORS policy execution successful.
[13:01:58 INF] (vicente.maria.vm17@gmail.com) Executing endpoint 'AppProject.Core.Controllers.General.CountrySummaryController.GetSummariesAsync (AppProject.Core.Controllers.General)'
[13:01:58 INF] (vicente.maria.vm17@gmail.com) Route matched with {action = "GetSummaries", controller = "CountrySummary"}. Executing controller action with signature System.Threading.Tasks.Task`1[Microsoft.AspNetCore.Mvc.IActionResult] GetSummariesAsync(AppProject.Models.SearchRequest, System.Threading.CancellationToken) on controller AppProject.Core.Controllers.General.CountrySummaryController (AppProject.Core.Controllers.General).
[13:01:58 INF] (vicente.maria.vm17@gmail.com) Executed DbCommand (2ms) [Parameters=[@__p_0='?' (DbType = Int32)], CommandType='"Text"', CommandTimeout='30']
SELECT TOP(@__p_0) [c].[Id], [c].[Name]
FROM [Countries] AS [c]
ORDER BY [c].[Name]
[13:01:58 INF] (vicente.maria.vm17@gmail.com) Executing OkObjectResult, writing value of type 'AppProject.Models.SummariesResponse`1[[AppProject.Core.Models.General.CountrySummary, AppProject.Core.Models, Version=1.0.0.0, Culture=neutral, PublicKeyToken=null]]'.
[13:01:58 INF] (vicente.maria.vm17@gmail.com) Executed action AppProject.Core.Controllers.General.CountrySummaryController.GetSummariesAsync (AppProject.Core.Controllers.General) in 7.2697ms
[13:01:58 INF] (vicente.maria.vm17@gmail.com) Executed endpoint 'AppProject.Core.Controllers.General.CountrySummaryController.GetSummariesAsync (AppProject.Core.Controllers.General)'
[13:01:58 INF] () Request finished HTTP/2 GET https://localhost:7121/api/general/CountrySummary/GetSummaries?Take=100 - 200 null application/json; charset=utf-8 19.3474ms
[13:02:26 INF] () Request starting HTTP/2 OPTIONS https://localhost:7121/api/general/State/Put - null null
[13:02:26 INF] () CORS policy execution successful.
[13:02:26 INF] () Request finished HTTP/2 OPTIONS https://localhost:7121/api/general/State/Put - 204 null null 3.3621ms
[13:02:26 INF] () Request starting HTTP/2 PUT https://localhost:7121/api/general/State/Put - application/json; charset=utf-8 174
[13:02:26 INF] () CORS policy execution successful.
[13:02:26 INF] (vicente.maria.vm17@gmail.com) Executing endpoint 'AppProject.Core.Controllers.General.StateController.PutAsync (AppProject.Core.Controllers.General)'
[13:02:26 INF] (vicente.maria.vm17@gmail.com) Route matched with {action = "Put", controller = "State"}. Executing controller action with signature System.Threading.Tasks.Task`1[Microsoft.AspNetCore.Mvc.IActionResult] PutAsync(AppProject.Models.CreateOrUpdateRequest`1[AppProject.Core.Models.General.State], System.Threading.CancellationToken) on controller AppProject.Core.Controllers.General.StateController (AppProject.Core.Controllers.General).
[13:02:26 INF] (vicente.maria.vm17@gmail.com) Executed DbCommand (3ms) [Parameters=[@__state_CountryId_0='?' (DbType = Guid), @__state_Name_1='?' (Size = 200), @__state_Id_2='?' (DbType = Guid)], CommandType='"Text"', CommandTimeout='30']
SELECT CASE
    WHEN EXISTS (
        SELECT 1
        FROM [States] AS [s]
        WHERE [s].[CountryId] = @__state_CountryId_0 AND [s].[Name] = @__state_Name_1 AND [s].[Id] <> @__state_Id_2) THEN CAST(1 AS bit)
    ELSE CAST(0 AS bit)
END
[13:02:26 INF] (vicente.maria.vm17@gmail.com) Executed DbCommand (1ms) [Parameters=[@__request_Entity_Id_0='?' (DbType = Guid)], CommandType='"Text"', CommandTimeout='30']
SELECT [s].[Id], [s].[Code], [s].[CountryId], [s].[CreatedAt], [s].[CreatedByUserId], [s].[CreatedByUserName], [s].[Name], [s].[RowVersion], [s].[UpdatedAt], [s].[UpdatedByUserId], [s].[UpdatedByUserName]
FROM [States] AS [s]
WHERE [s].[Id] = @__request_Entity_Id_0
[13:02:26 INF] (vicente.maria.vm17@gmail.com) Executed DbCommand (6ms) [Parameters=[@p9='?' (DbType = Guid), @p0='?' (Size = 200), @p1='?' (DbType = Guid), @p2='?' (DbType = DateTimeOffset), @p3='?' (DbType = Guid), @p4='?' (Size = 255), @p5='?' (Size = 200), @p10='?' (Size = 8) (DbType = Binary), @p6='?' (DbType = DateTimeOffset), @p7='?' (DbType = Guid), @p8='?' (Size = 255)], CommandType='"Text"', CommandTimeout='30']
SET IMPLICIT_TRANSACTIONS OFF;
SET NOCOUNT ON;
UPDATE [States] SET [Code] = @p0, [CountryId] = @p1, [CreatedAt] = @p2, [CreatedByUserId] = @p3, [CreatedByUserName] = @p4, [Name] = @p5, [UpdatedAt] = @p6, [UpdatedByUserId] = @p7, [UpdatedByUserName] = @p8
OUTPUT INSERTED.[RowVersion]
WHERE [Id] = @p9 AND [RowVersion] = @p10;
[13:02:26 INF] (vicente.maria.vm17@gmail.com) Executing OkObjectResult, writing value of type 'AppProject.Models.KeyResponse`1[[System.Guid, System.Private.CoreLib, Version=9.0.0.0, Culture=neutral, PublicKeyToken=7cec85d7bea7798e]]'.
[13:02:26 INF] (vicente.maria.vm17@gmail.com) Executed action AppProject.Core.Controllers.General.StateController.PutAsync (AppProject.Core.Controllers.General) in 19.8433ms
[13:02:26 INF] (vicente.maria.vm17@gmail.com) Executed endpoint 'AppProject.Core.Controllers.General.StateController.PutAsync (AppProject.Core.Controllers.General)'
[13:02:26 INF] () Request finished HTTP/2 PUT https://localhost:7121/api/general/State/Put - 200 null application/json; charset=utf-8 29.6575ms
[13:02:26 INF] () Request starting HTTP/2 OPTIONS https://localhost:7121/api/general/StateSummary/GetSummaries?Take=100 - null null
[13:02:26 INF] () CORS policy execution successful.
[13:02:26 INF] () Request finished HTTP/2 OPTIONS https://localhost:7121/api/general/StateSummary/GetSummaries?Take=100 - 204 null null 4.5809ms
[13:02:26 INF] () Request starting HTTP/2 GET https://localhost:7121/api/general/StateSummary/GetSummaries?Take=100 - null null
[13:02:26 INF] () CORS policy execution successful.
[13:02:26 INF] (vicente.maria.vm17@gmail.com) Executing endpoint 'AppProject.Core.Controllers.General.StateSummaryController.GetSummariesAsync (AppProject.Core.Controllers.General)'
[13:02:26 INF] (vicente.maria.vm17@gmail.com) Route matched with {action = "GetSummaries", controller = "StateSummary"}. Executing controller action with signature System.Threading.Tasks.Task`1[Microsoft.AspNetCore.Mvc.IActionResult] GetSummariesAsync(AppProject.Core.Models.General.StateSummarySearchRequest, System.Threading.CancellationToken) on controller AppProject.Core.Controllers.General.StateSummaryController (AppProject.Core.Controllers.General).
[13:02:26 INF] (vicente.maria.vm17@gmail.com) Executed DbCommand (3ms) [Parameters=[@__p_0='?' (DbType = Int32)], CommandType='"Text"', CommandTimeout='30']
SELECT [s0].[Id], [s0].[Name], [c].[Name] AS [CountryName], [s0].[CountryId]
FROM (
    SELECT TOP(@__p_0) [s].[Id], [s].[CountryId], [s].[Name]
    FROM [States] AS [s]
    ORDER BY [s].[Name]
) AS [s0]
INNER JOIN [Countries] AS [c] ON [s0].[CountryId] = [c].[Id]
ORDER BY [s0].[Name]
[13:02:26 INF] (vicente.maria.vm17@gmail.com) Executing OkObjectResult, writing value of type 'AppProject.Models.SummariesResponse`1[[AppProject.Core.Models.General.StateSummary, AppProject.Core.Models, Version=1.0.0.0, Culture=neutral, PublicKeyToken=null]]'.
[13:02:26 INF] (vicente.maria.vm17@gmail.com) Executed action AppProject.Core.Controllers.General.StateSummaryController.GetSummariesAsync (AppProject.Core.Controllers.General) in 8.0805ms
[13:02:26 INF] (vicente.maria.vm17@gmail.com) Executed endpoint 'AppProject.Core.Controllers.General.StateSummaryController.GetSummariesAsync (AppProject.Core.Controllers.General)'
[13:02:26 INF] () Request finished HTTP/2 GET https://localhost:7121/api/general/StateSummary/GetSummaries?Take=100 - 200 null application/json; charset=utf-8 17.7978ms
[13:02:30 INF] () Request starting HTTP/2 OPTIONS https://localhost:7121/api/general/State/Get?Id=144a0763-69b1-406b-c8fb-08deec96ff82 - null null
[13:02:30 INF] () CORS policy execution successful.
[13:02:30 INF] () Request finished HTTP/2 OPTIONS https://localhost:7121/api/general/State/Get?Id=144a0763-69b1-406b-c8fb-08deec96ff82 - 204 null null 2.9333ms
[13:02:30 INF] () Request starting HTTP/2 GET https://localhost:7121/api/general/State/Get?Id=144a0763-69b1-406b-c8fb-08deec96ff82 - null null
[13:02:30 INF] () CORS policy execution successful.
[13:02:30 INF] (vicente.maria.vm17@gmail.com) Executing endpoint 'AppProject.Core.Controllers.General.StateController.GetAsync (AppProject.Core.Controllers.General)'
[13:02:30 INF] (vicente.maria.vm17@gmail.com) Route matched with {action = "Get", controller = "State"}. Executing controller action with signature System.Threading.Tasks.Task`1[Microsoft.AspNetCore.Mvc.IActionResult] GetAsync(AppProject.Models.GetByIdRequest`1[System.Guid], System.Threading.CancellationToken) on controller AppProject.Core.Controllers.General.StateController (AppProject.Core.Controllers.General).
[13:02:30 INF] (vicente.maria.vm17@gmail.com) Executed DbCommand (1ms) [Parameters=[@__request_Id_0='?' (DbType = Guid)], CommandType='"Text"', CommandTimeout='30']
SELECT [s].[Id], [s].[Name], [s].[Code], [s].[CountryId], [s].[RowVersion]
FROM [States] AS [s]
WHERE [s].[Id] = @__request_Id_0
[13:02:30 INF] (vicente.maria.vm17@gmail.com) Executing OkObjectResult, writing value of type 'AppProject.Models.EntityResponse`1[[AppProject.Core.Models.General.State, AppProject.Core.Models.General, Version=1.0.0.0, Culture=neutral, PublicKeyToken=null]]'.
[13:02:30 INF] (vicente.maria.vm17@gmail.com) Executed action AppProject.Core.Controllers.General.StateController.GetAsync (AppProject.Core.Controllers.General) in 5.6322ms
[13:02:30 INF] (vicente.maria.vm17@gmail.com) Executed endpoint 'AppProject.Core.Controllers.General.StateController.GetAsync (AppProject.Core.Controllers.General)'
[13:02:30 INF] () Request finished HTTP/2 GET https://localhost:7121/api/general/State/Get?Id=144a0763-69b1-406b-c8fb-08deec96ff82 - 200 null application/json; charset=utf-8 15.044ms
[13:02:30 INF] () Request starting HTTP/2 OPTIONS https://localhost:7121/api/general/CountrySummary/GetSummaries?Take=100 - null null
[13:02:30 INF] () CORS policy execution successful.
[13:02:30 INF] () Request finished HTTP/2 OPTIONS https://localhost:7121/api/general/CountrySummary/GetSummaries?Take=100 - 204 null null 3.0209ms
[13:02:30 INF] () Request starting HTTP/2 GET https://localhost:7121/api/general/CountrySummary/GetSummaries?Take=100 - null null
[13:02:30 INF] () CORS policy execution successful.
[13:02:30 INF] (vicente.maria.vm17@gmail.com) Executing endpoint 'AppProject.Core.Controllers.General.CountrySummaryController.GetSummariesAsync (AppProject.Core.Controllers.General)'
[13:02:30 INF] (vicente.maria.vm17@gmail.com) Route matched with {action = "GetSummaries", controller = "CountrySummary"}. Executing controller action with signature System.Threading.Tasks.Task`1[Microsoft.AspNetCore.Mvc.IActionResult] GetSummariesAsync(AppProject.Models.SearchRequest, System.Threading.CancellationToken) on controller AppProject.Core.Controllers.General.CountrySummaryController (AppProject.Core.Controllers.General).
[13:02:30 INF] (vicente.maria.vm17@gmail.com) Executed DbCommand (2ms) [Parameters=[@__p_0='?' (DbType = Int32)], CommandType='"Text"', CommandTimeout='30']
SELECT TOP(@__p_0) [c].[Id], [c].[Name]
FROM [Countries] AS [c]
ORDER BY [c].[Name]
[13:02:30 INF] (vicente.maria.vm17@gmail.com) Executing OkObjectResult, writing value of type 'AppProject.Models.SummariesResponse`1[[AppProject.Core.Models.General.CountrySummary, AppProject.Core.Models, Version=1.0.0.0, Culture=neutral, PublicKeyToken=null]]'.
[13:02:30 INF] (vicente.maria.vm17@gmail.com) Executed action AppProject.Core.Controllers.General.CountrySummaryController.GetSummariesAsync (AppProject.Core.Controllers.General) in 7.6077ms
[13:02:30 INF] (vicente.maria.vm17@gmail.com) Executed endpoint 'AppProject.Core.Controllers.General.CountrySummaryController.GetSummariesAsync (AppProject.Core.Controllers.General)'
[13:02:30 INF] () Request finished HTTP/2 GET https://localhost:7121/api/general/CountrySummary/GetSummaries?Take=100 - 200 null application/json; charset=utf-8 20.307ms
[13:02:30 INF] () Request starting HTTP/2 GET https://localhost:7121/api/general/CountrySummary/GetSummaries?Take=100 - null null
[13:02:30 INF] () CORS policy execution successful.
[13:02:30 INF] (vicente.maria.vm17@gmail.com) Executing endpoint 'AppProject.Core.Controllers.General.CountrySummaryController.GetSummariesAsync (AppProject.Core.Controllers.General)'
[13:02:30 INF] (vicente.maria.vm17@gmail.com) Route matched with {action = "GetSummaries", controller = "CountrySummary"}. Executing controller action with signature System.Threading.Tasks.Task`1[Microsoft.AspNetCore.Mvc.IActionResult] GetSummariesAsync(AppProject.Models.SearchRequest, System.Threading.CancellationToken) on controller AppProject.Core.Controllers.General.CountrySummaryController (AppProject.Core.Controllers.General).
[13:02:30 INF] (vicente.maria.vm17@gmail.com) Executed DbCommand (1ms) [Parameters=[@__p_0='?' (DbType = Int32)], CommandType='"Text"', CommandTimeout='30']
SELECT TOP(@__p_0) [c].[Id], [c].[Name]
FROM [Countries] AS [c]
ORDER BY [c].[Name]
[13:02:30 INF] (vicente.maria.vm17@gmail.com) Executing OkObjectResult, writing value of type 'AppProject.Models.SummariesResponse`1[[AppProject.Core.Models.General.CountrySummary, AppProject.Core.Models, Version=1.0.0.0, Culture=neutral, PublicKeyToken=null]]'.
[13:02:30 INF] (vicente.maria.vm17@gmail.com) Executed action AppProject.Core.Controllers.General.CountrySummaryController.GetSummariesAsync (AppProject.Core.Controllers.General) in 7.4168ms
[13:02:30 INF] (vicente.maria.vm17@gmail.com) Executed endpoint 'AppProject.Core.Controllers.General.CountrySummaryController.GetSummariesAsync (AppProject.Core.Controllers.General)'
[13:02:30 INF] () Request finished HTTP/2 GET https://localhost:7121/api/general/CountrySummary/GetSummaries?Take=100 - 200 null application/json; charset=utf-8 19.142ms
[13:02:36 INF] () Request starting HTTP/2 OPTIONS https://localhost:7121/api/general/StateSummary/GetSummaries?Take=100 - null null
[13:02:36 INF] () CORS policy execution successful.
[13:02:36 INF] () Request finished HTTP/2 OPTIONS https://localhost:7121/api/general/StateSummary/GetSummaries?Take=100 - 204 null null 3.2454ms
[13:02:36 INF] () Request starting HTTP/2 GET https://localhost:7121/api/general/StateSummary/GetSummaries?Take=100 - null null
[13:02:36 INF] () CORS policy execution successful.
[13:02:36 INF] (vicente.maria.vm17@gmail.com) Executing endpoint 'AppProject.Core.Controllers.General.StateSummaryController.GetSummariesAsync (AppProject.Core.Controllers.General)'
[13:02:36 INF] (vicente.maria.vm17@gmail.com) Route matched with {action = "GetSummaries", controller = "StateSummary"}. Executing controller action with signature System.Threading.Tasks.Task`1[Microsoft.AspNetCore.Mvc.IActionResult] GetSummariesAsync(AppProject.Core.Models.General.StateSummarySearchRequest, System.Threading.CancellationToken) on controller AppProject.Core.Controllers.General.StateSummaryController (AppProject.Core.Controllers.General).
[13:02:36 INF] (vicente.maria.vm17@gmail.com) Executed DbCommand (1ms) [Parameters=[@__p_0='?' (DbType = Int32)], CommandType='"Text"', CommandTimeout='30']
SELECT [s0].[Id], [s0].[Name], [c].[Name] AS [CountryName], [s0].[CountryId]
FROM (
    SELECT TOP(@__p_0) [s].[Id], [s].[CountryId], [s].[Name]
    FROM [States] AS [s]
    ORDER BY [s].[Name]
) AS [s0]
INNER JOIN [Countries] AS [c] ON [s0].[CountryId] = [c].[Id]
ORDER BY [s0].[Name]
[13:02:36 INF] (vicente.maria.vm17@gmail.com) Executing OkObjectResult, writing value of type 'AppProject.Models.SummariesResponse`1[[AppProject.Core.Models.General.StateSummary, AppProject.Core.Models, Version=1.0.0.0, Culture=neutral, PublicKeyToken=null]]'.
[13:02:36 INF] (vicente.maria.vm17@gmail.com) Executed action AppProject.Core.Controllers.General.StateSummaryController.GetSummariesAsync (AppProject.Core.Controllers.General) in 5.2157ms
[13:02:36 INF] (vicente.maria.vm17@gmail.com) Executed endpoint 'AppProject.Core.Controllers.General.StateSummaryController.GetSummariesAsync (AppProject.Core.Controllers.General)'
[13:02:36 INF] () Request finished HTTP/2 GET https://localhost:7121/api/general/StateSummary/GetSummaries?Take=100 - 200 null application/json; charset=utf-8 14.7693ms
[13:02:43 INF] () Request starting HTTP/2 OPTIONS https://localhost:7121/api/general/State/Delete?Id=144a0763-69b1-406b-c8fb-08deec96ff82 - null null
[13:02:43 INF] () CORS policy execution successful.
[13:02:43 INF] () Request finished HTTP/2 OPTIONS https://localhost:7121/api/general/State/Delete?Id=144a0763-69b1-406b-c8fb-08deec96ff82 - 204 null null 3.087ms
[13:02:43 INF] () Request starting HTTP/2 DELETE https://localhost:7121/api/general/State/Delete?Id=144a0763-69b1-406b-c8fb-08deec96ff82 - null null
[13:02:43 INF] () CORS policy execution successful.
[13:02:43 INF] (vicente.maria.vm17@gmail.com) Executing endpoint 'AppProject.Core.Controllers.General.StateController.DeleteAsync (AppProject.Core.Controllers.General)'
[13:02:43 INF] (vicente.maria.vm17@gmail.com) Route matched with {action = "Delete", controller = "State"}. Executing controller action with signature System.Threading.Tasks.Task`1[Microsoft.AspNetCore.Mvc.IActionResult] DeleteAsync(AppProject.Models.DeleteRequest`1[System.Guid], System.Threading.CancellationToken) on controller AppProject.Core.Controllers.General.StateController (AppProject.Core.Controllers.General).
[13:02:43 INF] (vicente.maria.vm17@gmail.com) Executed DbCommand (2ms) [Parameters=[@__request_Id_0='?' (DbType = Guid)], CommandType='"Text"', CommandTimeout='30']
SELECT [c].[Id], [c].[Code], [c].[CreatedAt], [c].[CreatedByUserId], [c].[CreatedByUserName], [c].[Name], [c].[RowVersion], [c].[UpdatedAt], [c].[UpdatedByUserId], [c].[UpdatedByUserName]
FROM [Countries] AS [c]
WHERE [c].[Id] = @__request_Id_0
[13:02:53 INF] (vicente.maria.vm17@gmail.com) Executed action AppProject.Core.Controllers.General.StateController.DeleteAsync (AppProject.Core.Controllers.General) in 10047.217ms
[13:02:53 INF] (vicente.maria.vm17@gmail.com) Executed endpoint 'AppProject.Core.Controllers.General.StateController.DeleteAsync (AppProject.Core.Controllers.General)'
[13:02:54 ERR] () AppProject.Exceptions.AppException: Exception of type 'AppProject.Exceptions.AppException' was thrown.
   at AppProject.Core.Services.General.StateService.DeleteEntityAsync(DeleteRequest`1 request, CancellationToken cancellationToken) in C:\Course\dotnet-template\AppProject.Core.Services.General\StateService.cs:line 84
   at AppProject.Core.Controllers.General.StateController.DeleteAsync(DeleteRequest`1 request, CancellationToken cancellationToken) in C:\Course\dotnet-template\AppProject.Core.Controllers.General\StateController.cs:line 37
   at Microsoft.AspNetCore.Mvc.Infrastructure.ActionMethodExecutor.TaskOfIActionResultExecutor.Execute(ActionContext actionContext, IActionResultTypeMapper mapper, ObjectMethodExecutor executor, Object controller, Object[] arguments)
   at Microsoft.AspNetCore.Mvc.Infrastructure.ControllerActionInvoker.<InvokeActionMethodAsync>g__Awaited|12_0(ControllerActionInvoker invoker, ValueTask`1 actionResultValueTask)
   at Microsoft.AspNetCore.Mvc.Infrastructure.ControllerActionInvoker.<InvokeNextActionFilterAsync>g__Awaited|10_0(ControllerActionInvoker invoker, Task lastTask, State next, Scope scope, Object state, Boolean isCompleted)
   at Microsoft.AspNetCore.Mvc.Infrastructure.ControllerActionInvoker.Rethrow(ActionExecutedContextSealed context)
   at Microsoft.AspNetCore.Mvc.Infrastructure.ControllerActionInvoker.Next(State& next, Scope& scope, Object& state, Boolean& isCompleted)
   at Microsoft.AspNetCore.Mvc.Infrastructure.ControllerActionInvoker.<InvokeInnerFilterAsync>g__Awaited|13_0(ControllerActionInvoker invoker, Task lastTask, State next, Scope scope, Object state, Boolean isCompleted)
   at Microsoft.AspNetCore.Mvc.Infrastructure.ResourceInvoker.<InvokeFilterPipelineAsync>g__Awaited|20_0(ResourceInvoker invoker, Task lastTask, State next, Scope scope, Object state, Boolean isCompleted)
   at Microsoft.AspNetCore.Mvc.Infrastructure.ResourceInvoker.<InvokeAsync>g__Logged|17_1(ResourceInvoker invoker)
   at Microsoft.AspNetCore.Mvc.Infrastructure.ResourceInvoker.<InvokeAsync>g__Logged|17_1(ResourceInvoker invoker)
   at Microsoft.AspNetCore.Routing.EndpointMiddleware.<Invoke>g__AwaitRequestTask|7_0(Endpoint endpoint, Task requestTask, ILogger logger)
   at AppProject.Core.API.Middlewares.SerilogUserEnricherMiddleware.Invoke(HttpContext context) in C:\Course\dotnet-template\AppProject.Core.API\Middlewares\SerilogUserEnricherMiddleware.cs:line 17
   at Microsoft.AspNetCore.Authorization.AuthorizationMiddleware.Invoke(HttpContext context)
   at Microsoft.AspNetCore.Authentication.AuthenticationMiddleware.Invoke(HttpContext context)
   at Microsoft.AspNetCore.RateLimiting.RateLimitingMiddleware.InvokeInternal(HttpContext context, EnableRateLimitingAttribute enableRateLimitingAttribute)
   at AppProject.Core.API.Middlewares.ExceptionMiddleware.InvokeAsync(HttpContext context) in C:\Course\dotnet-template\AppProject.Core.API\Middlewares\ExceptionMiddleware.cs:line 23
[13:02:54 INF] () Request finished HTTP/2 DELETE https://localhost:7121/api/general/State/Delete?Id=144a0763-69b1-406b-c8fb-08deec96ff82 - 500 null application/json 10849.5409ms
[13:04:05 INF] () Request starting HTTP/2 OPTIONS https://localhost:7121/api/general/State/Get?Id=144a0763-69b1-406b-c8fb-08deec96ff82 - null null
[13:04:05 INF] () CORS policy execution successful.
[13:04:05 INF] () Request finished HTTP/2 OPTIONS https://localhost:7121/api/general/State/Get?Id=144a0763-69b1-406b-c8fb-08deec96ff82 - 204 null null 4.6601ms
[13:04:05 INF] () Request starting HTTP/2 OPTIONS https://localhost:7121/api/general/CountrySummary/GetSummaries?Take=100 - null null
[13:04:05 INF] () Request starting HTTP/2 GET https://localhost:7121/api/general/State/Get?Id=144a0763-69b1-406b-c8fb-08deec96ff82 - null null
[13:04:05 INF] () CORS policy execution successful.
[13:04:05 INF] () Request finished HTTP/2 OPTIONS https://localhost:7121/api/general/CountrySummary/GetSummaries?Take=100 - 204 null null 13.9492ms
[13:04:05 INF] () CORS policy execution successful.
[13:04:05 INF] () Request starting HTTP/2 GET https://localhost:7121/api/general/CountrySummary/GetSummaries?Take=100 - null null
[13:04:05 INF] (vicente.maria.vm17@gmail.com) Executing endpoint 'AppProject.Core.Controllers.General.StateController.GetAsync (AppProject.Core.Controllers.General)'
[13:04:05 INF] () CORS policy execution successful.
[13:04:05 INF] (vicente.maria.vm17@gmail.com) Route matched with {action = "Get", controller = "State"}. Executing controller action with signature System.Threading.Tasks.Task`1[Microsoft.AspNetCore.Mvc.IActionResult] GetAsync(AppProject.Models.GetByIdRequest`1[System.Guid], System.Threading.CancellationToken) on controller AppProject.Core.Controllers.General.StateController (AppProject.Core.Controllers.General).
[13:04:05 INF] (vicente.maria.vm17@gmail.com) Executing endpoint 'AppProject.Core.Controllers.General.CountrySummaryController.GetSummariesAsync (AppProject.Core.Controllers.General)'
[13:04:05 INF] (vicente.maria.vm17@gmail.com) Route matched with {action = "GetSummaries", controller = "CountrySummary"}. Executing controller action with signature System.Threading.Tasks.Task`1[Microsoft.AspNetCore.Mvc.IActionResult] GetSummariesAsync(AppProject.Models.SearchRequest, System.Threading.CancellationToken) on controller AppProject.Core.Controllers.General.CountrySummaryController (AppProject.Core.Controllers.General).
[13:04:05 INF] (vicente.maria.vm17@gmail.com) Executed DbCommand (2ms) [Parameters=[@__request_Id_0='?' (DbType = Guid)], CommandType='"Text"', CommandTimeout='30']
SELECT [s].[Id], [s].[Name], [s].[Code], [s].[CountryId], [s].[RowVersion]
FROM [States] AS [s]
WHERE [s].[Id] = @__request_Id_0
[13:04:05 INF] (vicente.maria.vm17@gmail.com) Executed DbCommand (30ms) [Parameters=[@__p_0='?' (DbType = Int32)], CommandType='"Text"', CommandTimeout='30']
SELECT TOP(@__p_0) [c].[Id], [c].[Name]
FROM [Countries] AS [c]
ORDER BY [c].[Name]
[13:04:05 INF] (vicente.maria.vm17@gmail.com) Executing OkObjectResult, writing value of type 'AppProject.Models.EntityResponse`1[[AppProject.Core.Models.General.State, AppProject.Core.Models.General, Version=1.0.0.0, Culture=neutral, PublicKeyToken=null]]'.
[13:04:05 INF] (vicente.maria.vm17@gmail.com) Executing OkObjectResult, writing value of type 'AppProject.Models.SummariesResponse`1[[AppProject.Core.Models.General.CountrySummary, AppProject.Core.Models, Version=1.0.0.0, Culture=neutral, PublicKeyToken=null]]'.
[13:04:05 INF] (vicente.maria.vm17@gmail.com) Executed action AppProject.Core.Controllers.General.CountrySummaryController.GetSummariesAsync (AppProject.Core.Controllers.General) in 36.2099ms
[13:04:05 INF] (vicente.maria.vm17@gmail.com) Executed action AppProject.Core.Controllers.General.StateController.GetAsync (AppProject.Core.Controllers.General) in 63.4364ms
[13:04:05 INF] (vicente.maria.vm17@gmail.com) Executed endpoint 'AppProject.Core.Controllers.General.CountrySummaryController.GetSummariesAsync (AppProject.Core.Controllers.General)'
[13:04:05 INF] (vicente.maria.vm17@gmail.com) Executed endpoint 'AppProject.Core.Controllers.General.StateController.GetAsync (AppProject.Core.Controllers.General)'
[13:04:05 INF] () Request finished HTTP/2 GET https://localhost:7121/api/general/CountrySummary/GetSummaries?Take=100 - 200 null application/json; charset=utf-8 185.4193ms
[13:04:05 INF] () Request finished HTTP/2 GET https://localhost:7121/api/general/State/Get?Id=144a0763-69b1-406b-c8fb-08deec96ff82 - 200 null application/json; charset=utf-8 270.4786ms
[13:04:05 INF] () Request starting HTTP/2 GET https://localhost:7121/api/general/CountrySummary/GetSummaries?Take=100 - null null
[13:04:05 INF] () CORS policy execution successful.
[13:04:05 INF] (vicente.maria.vm17@gmail.com) Executing endpoint 'AppProject.Core.Controllers.General.CountrySummaryController.GetSummariesAsync (AppProject.Core.Controllers.General)'
[13:04:05 INF] (vicente.maria.vm17@gmail.com) Route matched with {action = "GetSummaries", controller = "CountrySummary"}. Executing controller action with signature System.Threading.Tasks.Task`1[Microsoft.AspNetCore.Mvc.IActionResult] GetSummariesAsync(AppProject.Models.SearchRequest, System.Threading.CancellationToken) on controller AppProject.Core.Controllers.General.CountrySummaryController (AppProject.Core.Controllers.General).
[13:04:05 INF] (vicente.maria.vm17@gmail.com) Executed DbCommand (1ms) [Parameters=[@__p_0='?' (DbType = Int32)], CommandType='"Text"', CommandTimeout='30']
SELECT TOP(@__p_0) [c].[Id], [c].[Name]
FROM [Countries] AS [c]
ORDER BY [c].[Name]
[13:04:05 INF] (vicente.maria.vm17@gmail.com) Executing OkObjectResult, writing value of type 'AppProject.Models.SummariesResponse`1[[AppProject.Core.Models.General.CountrySummary, AppProject.Core.Models, Version=1.0.0.0, Culture=neutral, PublicKeyToken=null]]'.
[13:04:05 INF] (vicente.maria.vm17@gmail.com) Executed action AppProject.Core.Controllers.General.CountrySummaryController.GetSummariesAsync (AppProject.Core.Controllers.General) in 5.5848ms
[13:04:05 INF] (vicente.maria.vm17@gmail.com) Executed endpoint 'AppProject.Core.Controllers.General.CountrySummaryController.GetSummariesAsync (AppProject.Core.Controllers.General)'
[13:04:05 INF] () Request finished HTTP/2 GET https://localhost:7121/api/general/CountrySummary/GetSummaries?Take=100 - 200 null application/json; charset=utf-8 16.9387ms
[13:04:18 INF] () Request starting HTTP/2 OPTIONS https://localhost:7121/api/general/State/Put - null null
[13:04:18 INF] () CORS policy execution successful.
[13:04:18 INF] () Request finished HTTP/2 OPTIONS https://localhost:7121/api/general/State/Put - 204 null null 3.0908ms
[13:04:18 INF] () Request starting HTTP/2 PUT https://localhost:7121/api/general/State/Put - application/json; charset=utf-8 167
[13:04:18 INF] () CORS policy execution successful.
[13:04:18 INF] (vicente.maria.vm17@gmail.com) Executing endpoint 'AppProject.Core.Controllers.General.StateController.PutAsync (AppProject.Core.Controllers.General)'
[13:04:18 INF] (vicente.maria.vm17@gmail.com) Route matched with {action = "Put", controller = "State"}. Executing controller action with signature System.Threading.Tasks.Task`1[Microsoft.AspNetCore.Mvc.IActionResult] PutAsync(AppProject.Models.CreateOrUpdateRequest`1[AppProject.Core.Models.General.State], System.Threading.CancellationToken) on controller AppProject.Core.Controllers.General.StateController (AppProject.Core.Controllers.General).
[13:04:18 INF] (vicente.maria.vm17@gmail.com) Executed DbCommand (3ms) [Parameters=[@__state_CountryId_0='?' (DbType = Guid), @__state_Name_1='?' (Size = 200), @__state_Id_2='?' (DbType = Guid)], CommandType='"Text"', CommandTimeout='30']
SELECT CASE
    WHEN EXISTS (
        SELECT 1
        FROM [States] AS [s]
        WHERE [s].[CountryId] = @__state_CountryId_0 AND [s].[Name] = @__state_Name_1 AND [s].[Id] <> @__state_Id_2) THEN CAST(1 AS bit)
    ELSE CAST(0 AS bit)
END
[13:04:18 INF] (vicente.maria.vm17@gmail.com) Executed DbCommand (2ms) [Parameters=[@__request_Entity_Id_0='?' (DbType = Guid)], CommandType='"Text"', CommandTimeout='30']
SELECT [s].[Id], [s].[Code], [s].[CountryId], [s].[CreatedAt], [s].[CreatedByUserId], [s].[CreatedByUserName], [s].[Name], [s].[RowVersion], [s].[UpdatedAt], [s].[UpdatedByUserId], [s].[UpdatedByUserName]
FROM [States] AS [s]
WHERE [s].[Id] = @__request_Entity_Id_0
[13:04:18 INF] (vicente.maria.vm17@gmail.com) Executed DbCommand (4ms) [Parameters=[@p9='?' (DbType = Guid), @p0='?' (Size = 200), @p1='?' (DbType = Guid), @p2='?' (DbType = DateTimeOffset), @p3='?' (DbType = Guid), @p4='?' (Size = 255), @p5='?' (Size = 200), @p10='?' (Size = 8) (DbType = Binary), @p6='?' (DbType = DateTimeOffset), @p7='?' (DbType = Guid), @p8='?' (Size = 255)], CommandType='"Text"', CommandTimeout='30']
SET IMPLICIT_TRANSACTIONS OFF;
SET NOCOUNT ON;
UPDATE [States] SET [Code] = @p0, [CountryId] = @p1, [CreatedAt] = @p2, [CreatedByUserId] = @p3, [CreatedByUserName] = @p4, [Name] = @p5, [UpdatedAt] = @p6, [UpdatedByUserId] = @p7, [UpdatedByUserName] = @p8
OUTPUT INSERTED.[RowVersion]
WHERE [Id] = @p9 AND [RowVersion] = @p10;
[13:04:18 INF] (vicente.maria.vm17@gmail.com) Executing OkObjectResult, writing value of type 'AppProject.Models.KeyResponse`1[[System.Guid, System.Private.CoreLib, Version=9.0.0.0, Culture=neutral, PublicKeyToken=7cec85d7bea7798e]]'.
[13:04:18 INF] (vicente.maria.vm17@gmail.com) Executed action AppProject.Core.Controllers.General.StateController.PutAsync (AppProject.Core.Controllers.General) in 18.3855ms
[13:04:18 INF] (vicente.maria.vm17@gmail.com) Executed endpoint 'AppProject.Core.Controllers.General.StateController.PutAsync (AppProject.Core.Controllers.General)'
[13:04:18 INF] () Request finished HTTP/2 PUT https://localhost:7121/api/general/State/Put - 200 null application/json; charset=utf-8 50.8277ms
[13:04:18 INF] () Request starting HTTP/2 OPTIONS https://localhost:7121/api/general/StateSummary/GetSummaries?Take=100 - null null
[13:04:18 INF] () CORS policy execution successful.
[13:04:18 INF] () Request finished HTTP/2 OPTIONS https://localhost:7121/api/general/StateSummary/GetSummaries?Take=100 - 204 null null 4.6493ms
[13:04:18 INF] () Request starting HTTP/2 GET https://localhost:7121/api/general/StateSummary/GetSummaries?Take=100 - null null
[13:04:18 INF] () CORS policy execution successful.
[13:04:18 INF] (vicente.maria.vm17@gmail.com) Executing endpoint 'AppProject.Core.Controllers.General.StateSummaryController.GetSummariesAsync (AppProject.Core.Controllers.General)'
[13:04:18 INF] (vicente.maria.vm17@gmail.com) Route matched with {action = "GetSummaries", controller = "StateSummary"}. Executing controller action with signature System.Threading.Tasks.Task`1[Microsoft.AspNetCore.Mvc.IActionResult] GetSummariesAsync(AppProject.Core.Models.General.StateSummarySearchRequest, System.Threading.CancellationToken) on controller AppProject.Core.Controllers.General.StateSummaryController (AppProject.Core.Controllers.General).
[13:04:18 INF] (vicente.maria.vm17@gmail.com) Executed DbCommand (2ms) [Parameters=[@__p_0='?' (DbType = Int32)], CommandType='"Text"', CommandTimeout='30']
SELECT [s0].[Id], [s0].[Name], [c].[Name] AS [CountryName], [s0].[CountryId]
FROM (
    SELECT TOP(@__p_0) [s].[Id], [s].[CountryId], [s].[Name]
    FROM [States] AS [s]
    ORDER BY [s].[Name]
) AS [s0]
INNER JOIN [Countries] AS [c] ON [s0].[CountryId] = [c].[Id]
ORDER BY [s0].[Name]
[13:04:18 INF] (vicente.maria.vm17@gmail.com) Executing OkObjectResult, writing value of type 'AppProject.Models.SummariesResponse`1[[AppProject.Core.Models.General.StateSummary, AppProject.Core.Models, Version=1.0.0.0, Culture=neutral, PublicKeyToken=null]]'.
[13:04:18 INF] (vicente.maria.vm17@gmail.com) Executed action AppProject.Core.Controllers.General.StateSummaryController.GetSummariesAsync (AppProject.Core.Controllers.General) in 7.3306ms
[13:04:18 INF] (vicente.maria.vm17@gmail.com) Executed endpoint 'AppProject.Core.Controllers.General.StateSummaryController.GetSummariesAsync (AppProject.Core.Controllers.General)'
[13:04:18 INF] () Request finished HTTP/2 GET https://localhost:7121/api/general/StateSummary/GetSummaries?Take=100 - 200 null application/json; charset=utf-8 18.9855ms
[13:04:35 INF] () Request starting HTTP/2 OPTIONS https://localhost:7121/api/general/State/Delete?Id=144a0763-69b1-406b-c8fb-08deec96ff82 - null null
[13:04:35 INF] () CORS policy execution successful.
[13:04:35 INF] () Request finished HTTP/2 OPTIONS https://localhost:7121/api/general/State/Delete?Id=144a0763-69b1-406b-c8fb-08deec96ff82 - 204 null null 3.05ms
[13:04:35 INF] () Request starting HTTP/2 DELETE https://localhost:7121/api/general/State/Delete?Id=144a0763-69b1-406b-c8fb-08deec96ff82 - null null
[13:04:35 INF] () CORS policy execution successful.
[13:04:35 INF] (vicente.maria.vm17@gmail.com) Executing endpoint 'AppProject.Core.Controllers.General.StateController.DeleteAsync (AppProject.Core.Controllers.General)'
[13:04:35 INF] (vicente.maria.vm17@gmail.com) Route matched with {action = "Delete", controller = "State"}. Executing controller action with signature System.Threading.Tasks.Task`1[Microsoft.AspNetCore.Mvc.IActionResult] DeleteAsync(AppProject.Models.DeleteRequest`1[System.Guid], System.Threading.CancellationToken) on controller AppProject.Core.Controllers.General.StateController (AppProject.Core.Controllers.General).
[13:04:35 INF] (vicente.maria.vm17@gmail.com) Executed DbCommand (2ms) [Parameters=[@__request_Id_0='?' (DbType = Guid)], CommandType='"Text"', CommandTimeout='30']
SELECT [c].[Id], [c].[Code], [c].[CreatedAt], [c].[CreatedByUserId], [c].[CreatedByUserName], [c].[Name], [c].[RowVersion], [c].[UpdatedAt], [c].[UpdatedByUserId], [c].[UpdatedByUserName]
FROM [Countries] AS [c]
WHERE [c].[Id] = @__request_Id_0
[13:05:15 INF] (vicente.maria.vm17@gmail.com) Executed action AppProject.Core.Controllers.General.StateController.DeleteAsync (AppProject.Core.Controllers.General) in 40138.9509ms
[13:05:15 INF] (vicente.maria.vm17@gmail.com) Executed endpoint 'AppProject.Core.Controllers.General.StateController.DeleteAsync (AppProject.Core.Controllers.General)'
[13:05:22 ERR] () AppProject.Exceptions.AppException: Exception of type 'AppProject.Exceptions.AppException' was thrown.
   at AppProject.Core.Services.General.StateService.DeleteEntityAsync(DeleteRequest`1 request, CancellationToken cancellationToken) in C:\Course\dotnet-template\AppProject.Core.Services.General\StateService.cs:line 84
   at AppProject.Core.Controllers.General.StateController.DeleteAsync(DeleteRequest`1 request, CancellationToken cancellationToken) in C:\Course\dotnet-template\AppProject.Core.Controllers.General\StateController.cs:line 37
   at Microsoft.AspNetCore.Mvc.Infrastructure.ActionMethodExecutor.TaskOfIActionResultExecutor.Execute(ActionContext actionContext, IActionResultTypeMapper mapper, ObjectMethodExecutor executor, Object controller, Object[] arguments)
   at Microsoft.AspNetCore.Mvc.Infrastructure.ControllerActionInvoker.<InvokeActionMethodAsync>g__Awaited|12_0(ControllerActionInvoker invoker, ValueTask`1 actionResultValueTask)
   at Microsoft.AspNetCore.Mvc.Infrastructure.ControllerActionInvoker.<InvokeNextActionFilterAsync>g__Awaited|10_0(ControllerActionInvoker invoker, Task lastTask, State next, Scope scope, Object state, Boolean isCompleted)
   at Microsoft.AspNetCore.Mvc.Infrastructure.ControllerActionInvoker.Rethrow(ActionExecutedContextSealed context)
   at Microsoft.AspNetCore.Mvc.Infrastructure.ControllerActionInvoker.Next(State& next, Scope& scope, Object& state, Boolean& isCompleted)
   at Microsoft.AspNetCore.Mvc.Infrastructure.ControllerActionInvoker.<InvokeInnerFilterAsync>g__Awaited|13_0(ControllerActionInvoker invoker, Task lastTask, State next, Scope scope, Object state, Boolean isCompleted)
   at Microsoft.AspNetCore.Mvc.Infrastructure.ResourceInvoker.<InvokeFilterPipelineAsync>g__Awaited|20_0(ResourceInvoker invoker, Task lastTask, State next, Scope scope, Object state, Boolean isCompleted)
   at Microsoft.AspNetCore.Mvc.Infrastructure.ResourceInvoker.<InvokeAsync>g__Logged|17_1(ResourceInvoker invoker)
   at Microsoft.AspNetCore.Mvc.Infrastructure.ResourceInvoker.<InvokeAsync>g__Logged|17_1(ResourceInvoker invoker)
   at Microsoft.AspNetCore.Routing.EndpointMiddleware.<Invoke>g__AwaitRequestTask|7_0(Endpoint endpoint, Task requestTask, ILogger logger)
   at AppProject.Core.API.Middlewares.SerilogUserEnricherMiddleware.Invoke(HttpContext context) in C:\Course\dotnet-template\AppProject.Core.API\Middlewares\SerilogUserEnricherMiddleware.cs:line 17
   at Microsoft.AspNetCore.Authorization.AuthorizationMiddleware.Invoke(HttpContext context)
   at Microsoft.AspNetCore.Authentication.AuthenticationMiddleware.Invoke(HttpContext context)
   at Microsoft.AspNetCore.RateLimiting.RateLimitingMiddleware.InvokeInternal(HttpContext context, EnableRateLimitingAttribute enableRateLimitingAttribute)
   at AppProject.Core.API.Middlewares.ExceptionMiddleware.InvokeAsync(HttpContext context) in C:\Course\dotnet-template\AppProject.Core.API\Middlewares\ExceptionMiddleware.cs:line 23
[13:05:56 INF] () Request finished HTTP/2 DELETE https://localhost:7121/api/general/State/Delete?Id=144a0763-69b1-406b-c8fb-08deec96ff82 - 500 null application/json 80694.5808ms
[13:14:43 INF] () Request starting HTTP/2 OPTIONS https://localhost:7121/api/general/State/Delete?Id=144a0763-69b1-406b-c8fb-08deec96ff82 - null null
[13:14:43 INF] () CORS policy execution successful.
[13:14:43 INF] () Request finished HTTP/2 OPTIONS https://localhost:7121/api/general/State/Delete?Id=144a0763-69b1-406b-c8fb-08deec96ff82 - 204 null null 3.1327ms
[13:14:43 INF] () Request starting HTTP/2 DELETE https://localhost:7121/api/general/State/Delete?Id=144a0763-69b1-406b-c8fb-08deec96ff82 - null null
[13:14:43 INF] () CORS policy execution successful.
[13:14:43 INF] (vicente.maria.vm17@gmail.com) Executing endpoint 'AppProject.Core.Controllers.General.StateController.DeleteAsync (AppProject.Core.Controllers.General)'
[13:14:43 INF] (vicente.maria.vm17@gmail.com) Route matched with {action = "Delete", controller = "State"}. Executing controller action with signature System.Threading.Tasks.Task`1[Microsoft.AspNetCore.Mvc.IActionResult] DeleteAsync(AppProject.Models.DeleteRequest`1[System.Guid], System.Threading.CancellationToken) on controller AppProject.Core.Controllers.General.StateController (AppProject.Core.Controllers.General).
[13:14:44 INF] () Executed DbCommand (3ms) [Parameters=[], CommandType='"Text"', CommandTimeout='30']
SELECT TOP(1) [u].[Id], [u].[CreatedAt], [u].[CreatedByUserId], [u].[CreatedByUserName], [u].[Email], [u].[IsSystemAdmin], [u].[Name], [u].[RowVersion], [u].[UpdatedAt], [u].[UpdatedByUserId], [u].[UpdatedByUserName]
FROM [Users] AS [u]
WHERE [u].[IsSystemAdmin] = CAST(1 AS bit)
[13:14:44 INF] (vicente.maria.vm17@gmail.com) Executed DbCommand (2ms) [Parameters=[@__request_Id_0='?' (DbType = Guid)], CommandType='"Text"', CommandTimeout='30']
SELECT [c].[Id], [c].[Code], [c].[CreatedAt], [c].[CreatedByUserId], [c].[CreatedByUserName], [c].[Name], [c].[RowVersion], [c].[UpdatedAt], [c].[UpdatedByUserId], [c].[UpdatedByUserName]
FROM [Countries] AS [c]
WHERE [c].[Id] = @__request_Id_0
[14:19:57 INF] () Start installing Hangfire SQL objects...
[14:19:57 INF] () Hangfire SQL objects installed.
[14:19:58 INF] () Executed DbCommand (14ms) [Parameters=[], CommandType='"Text"', CommandTimeout='30']
SELECT 1
[14:19:58 INF] () Acquiring an exclusive lock for migration application. See https://aka.ms/efcore-docs-migrations-lock for more information if this takes too long.
[14:19:58 INF] () Executed DbCommand (47ms) [Parameters=[], CommandType='"Text"', CommandTimeout='30']
DECLARE @result int;
EXEC @result = sp_getapplock @Resource = '__EFMigrationsLock', @LockOwner = 'Session', @LockMode = 'Exclusive';
SELECT @result
[14:19:58 INF] () Executed DbCommand (2ms) [Parameters=[], CommandType='"Text"', CommandTimeout='30']
IF OBJECT_ID(N'[__EFMigrationsHistory]') IS NULL
BEGIN
    CREATE TABLE [__EFMigrationsHistory] (
        [MigrationId] nvarchar(150) NOT NULL,
        [ProductVersion] nvarchar(32) NOT NULL,
        CONSTRAINT [PK___EFMigrationsHistory] PRIMARY KEY ([MigrationId])
    );
END;
[14:19:58 INF] () Executed DbCommand (1ms) [Parameters=[], CommandType='"Text"', CommandTimeout='30']
SELECT 1
[14:19:58 INF] () Executed DbCommand (1ms) [Parameters=[], CommandType='"Text"', CommandTimeout='30']
SELECT OBJECT_ID(N'[__EFMigrationsHistory]');
[14:19:58 INF] () Executed DbCommand (3ms) [Parameters=[], CommandType='"Text"', CommandTimeout='30']
SELECT [MigrationId], [ProductVersion]
FROM [__EFMigrationsHistory]
ORDER BY [MigrationId];
[14:19:58 INF] () No migrations were applied. The database is already up to date.
[14:19:58 INF] () Executed DbCommand (1ms) [Parameters=[], CommandType='"Text"', CommandTimeout='30']
DECLARE @result int;
EXEC @result = sp_releaseapplock @Resource = '__EFMigrationsLock', @LockOwner = 'Session';
SELECT @result
[14:19:59 INF] () Executed DbCommand (5ms) [Parameters=[], CommandType='"Text"', CommandTimeout='30']
SELECT TOP(1) [u].[Id], [u].[CreatedAt], [u].[CreatedByUserId], [u].[CreatedByUserName], [u].[Email], [u].[IsSystemAdmin], [u].[Name], [u].[RowVersion], [u].[UpdatedAt], [u].[UpdatedByUserId], [u].[UpdatedByUserName]
FROM [Users] AS [u]
WHERE [u].[IsSystemAdmin] = CAST(1 AS bit)
[14:19:59 INF] () User profile is available. Using 'C:\Users\vicen\AppData\Local\ASP.NET\DataProtection-Keys' as key repository and Windows DPAPI to encrypt keys at rest.
[14:19:59 INF] () Now listening on: https://localhost:7121
[14:19:59 INF] () Starting Hangfire Server using job storage: 'SQL Server: localhost\SQLEXPRESS@AppProject'
[14:19:59 INF] () Using the following options for SQL Server job storage: Queue poll interval: 00:00:00.
[14:19:59 INF] () Using the following options for Hangfire Server:
    Worker count: 20
    Listening queues: 'default'
    Shutdown timeout: 00:00:15
    Schedule polling interval: 00:00:15
[14:19:59 INF] () Application started. Press Ctrl+C to shut down.
[14:19:59 INF] () Hosting environment: Development
[14:19:59 INF] () Content root path: C:\Course\dotnet-template\AppProject.Core.API
[14:19:59 INF] () Server desktop-0fm4m6s:2028:75df3e15 successfully announced in 18.4613 ms
[14:19:59 INF] () Server desktop-0fm4m6s:2028:75df3e15 is starting the registered dispatchers: ServerWatchdog, ServerJobCancellationWatcher, SqlServerHeartbeatProcess, ExpirationManager, CountersAggregator, Worker, DelayedJobScheduler, RecurringJobScheduler...
[14:19:59 INF] () 1 servers were removed due to timeout
[14:19:59 INF] () Server desktop-0fm4m6s:2028:75df3e15 all the dispatchers started
[14:20:51 INF] () Request starting HTTP/2 OPTIONS https://localhost:7121/api/auth/Permission/GetCurrentUserPermissions - null null
[14:20:51 INF] () CORS policy execution successful.
[14:20:51 INF] () Request finished HTTP/2 OPTIONS https://localhost:7121/api/auth/Permission/GetCurrentUserPermissions - 204 null null 64.7554ms
[14:20:51 INF] () Request starting HTTP/2 GET https://localhost:7121/api/auth/Permission/GetCurrentUserPermissions - null null
[14:20:51 INF] () CORS policy execution successful.
[14:20:52 INF] (vicente.maria.vm17@gmail.com) Executing endpoint 'AppProject.Core.API.Controllers.Auth.PermissionController.GetCurrentUserPermissionsAsync (AppProject.Core.API)'
[14:20:52 INF] (vicente.maria.vm17@gmail.com) Route matched with {action = "GetCurrentUserPermissions", controller = "Permission"}. Executing controller action with signature System.Threading.Tasks.Task`1[Microsoft.AspNetCore.Mvc.IActionResult] GetCurrentUserPermissionsAsync(AppProject.Models.Auth.PermissionContext, System.Threading.CancellationToken) on controller AppProject.Core.API.Controllers.Auth.PermissionController (AppProject.Core.API).
[14:20:52 INF] () Executed DbCommand (0ms) [Parameters=[], CommandType='"Text"', CommandTimeout='30']
SELECT TOP(1) [u].[Id], [u].[CreatedAt], [u].[CreatedByUserId], [u].[CreatedByUserName], [u].[Email], [u].[IsSystemAdmin], [u].[Name], [u].[RowVersion], [u].[UpdatedAt], [u].[UpdatedByUserId], [u].[UpdatedByUserName]
FROM [Users] AS [u]
WHERE [u].[IsSystemAdmin] = CAST(1 AS bit)
[14:20:52 INF] (vicente.maria.vm17@gmail.com) Executing OkObjectResult, writing value of type 'AppProject.Models.Auth.PermissionType[]'.
[14:20:52 INF] (vicente.maria.vm17@gmail.com) Executed action AppProject.Core.API.Controllers.Auth.PermissionController.GetCurrentUserPermissionsAsync (AppProject.Core.API) in 118.8824ms
[14:20:52 INF] (vicente.maria.vm17@gmail.com) Executed endpoint 'AppProject.Core.API.Controllers.Auth.PermissionController.GetCurrentUserPermissionsAsync (AppProject.Core.API)'
[14:20:52 INF] () Request finished HTTP/2 GET https://localhost:7121/api/auth/Permission/GetCurrentUserPermissions - 200 null application/json; charset=utf-8 804.3196ms
[14:20:59 INF] () Request starting HTTP/2 OPTIONS https://localhost:7121/api/general/CountrySummary/GetSummaries?Take=100 - null null
[14:20:59 INF] () CORS policy execution successful.
[14:20:59 INF] () Request finished HTTP/2 OPTIONS https://localhost:7121/api/general/CountrySummary/GetSummaries?Take=100 - 204 null null 22.7789ms
[14:20:59 INF] () Request starting HTTP/2 GET https://localhost:7121/api/general/CountrySummary/GetSummaries?Take=100 - null null
[14:20:59 INF] () CORS policy execution successful.
[14:20:59 INF] (vicente.maria.vm17@gmail.com) Executing endpoint 'AppProject.Core.Controllers.General.CountrySummaryController.GetSummariesAsync (AppProject.Core.Controllers.General)'
[14:20:59 INF] (vicente.maria.vm17@gmail.com) Route matched with {action = "GetSummaries", controller = "CountrySummary"}. Executing controller action with signature System.Threading.Tasks.Task`1[Microsoft.AspNetCore.Mvc.IActionResult] GetSummariesAsync(AppProject.Models.SearchRequest, System.Threading.CancellationToken) on controller AppProject.Core.Controllers.General.CountrySummaryController (AppProject.Core.Controllers.General).
[14:20:59 INF] (vicente.maria.vm17@gmail.com) Executed DbCommand (5ms) [Parameters=[@__p_0='?' (DbType = Int32)], CommandType='"Text"', CommandTimeout='30']
SELECT TOP(@__p_0) [c].[Id], [c].[Name]
FROM [Countries] AS [c]
ORDER BY [c].[Name]
[14:20:59 INF] (vicente.maria.vm17@gmail.com) Executing OkObjectResult, writing value of type 'AppProject.Models.SummariesResponse`1[[AppProject.Core.Models.General.CountrySummary, AppProject.Core.Models, Version=1.0.0.0, Culture=neutral, PublicKeyToken=null]]'.
[14:20:59 INF] (vicente.maria.vm17@gmail.com) Executed action AppProject.Core.Controllers.General.CountrySummaryController.GetSummariesAsync (AppProject.Core.Controllers.General) in 103.6427ms
[14:20:59 INF] (vicente.maria.vm17@gmail.com) Executed endpoint 'AppProject.Core.Controllers.General.CountrySummaryController.GetSummariesAsync (AppProject.Core.Controllers.General)'
[14:20:59 INF] () Request finished HTTP/2 GET https://localhost:7121/api/general/CountrySummary/GetSummaries?Take=100 - 200 null application/json; charset=utf-8 125.7625ms
[14:21:08 INF] () Request starting HTTP/2 OPTIONS https://localhost:7121/api/general/CountrySummary/GetSummaries?Take=100 - null null
[14:21:08 INF] () CORS policy execution successful.
[14:21:08 INF] () Request finished HTTP/2 OPTIONS https://localhost:7121/api/general/CountrySummary/GetSummaries?Take=100 - 204 null null 3.2883ms
[14:21:08 INF] () Request starting HTTP/2 GET https://localhost:7121/api/general/CountrySummary/GetSummaries?Take=100 - null null
[14:21:08 INF] () CORS policy execution successful.
[14:21:08 INF] (vicente.maria.vm17@gmail.com) Executing endpoint 'AppProject.Core.Controllers.General.CountrySummaryController.GetSummariesAsync (AppProject.Core.Controllers.General)'
[14:21:08 INF] (vicente.maria.vm17@gmail.com) Route matched with {action = "GetSummaries", controller = "CountrySummary"}. Executing controller action with signature System.Threading.Tasks.Task`1[Microsoft.AspNetCore.Mvc.IActionResult] GetSummariesAsync(AppProject.Models.SearchRequest, System.Threading.CancellationToken) on controller AppProject.Core.Controllers.General.CountrySummaryController (AppProject.Core.Controllers.General).
[14:21:08 INF] (vicente.maria.vm17@gmail.com) Executed DbCommand (1ms) [Parameters=[@__p_0='?' (DbType = Int32)], CommandType='"Text"', CommandTimeout='30']
SELECT TOP(@__p_0) [c].[Id], [c].[Name]
FROM [Countries] AS [c]
ORDER BY [c].[Name]
[14:21:08 INF] (vicente.maria.vm17@gmail.com) Executing OkObjectResult, writing value of type 'AppProject.Models.SummariesResponse`1[[AppProject.Core.Models.General.CountrySummary, AppProject.Core.Models, Version=1.0.0.0, Culture=neutral, PublicKeyToken=null]]'.
[14:21:08 INF] (vicente.maria.vm17@gmail.com) Executed action AppProject.Core.Controllers.General.CountrySummaryController.GetSummariesAsync (AppProject.Core.Controllers.General) in 9.9238ms
[14:21:08 INF] (vicente.maria.vm17@gmail.com) Executed endpoint 'AppProject.Core.Controllers.General.CountrySummaryController.GetSummariesAsync (AppProject.Core.Controllers.General)'
[14:21:08 INF] () Request finished HTTP/2 GET https://localhost:7121/api/general/CountrySummary/GetSummaries?Take=100 - 200 null application/json; charset=utf-8 24.5347ms
[14:22:19 INF] () Start installing Hangfire SQL objects...
[14:22:19 INF] () Hangfire SQL objects installed.
[14:22:20 INF] () Executed DbCommand (14ms) [Parameters=[], CommandType='"Text"', CommandTimeout='30']
SELECT 1
[14:22:20 INF] () Acquiring an exclusive lock for migration application. See https://aka.ms/efcore-docs-migrations-lock for more information if this takes too long.
[14:22:20 INF] () Executed DbCommand (8ms) [Parameters=[], CommandType='"Text"', CommandTimeout='30']
DECLARE @result int;
EXEC @result = sp_getapplock @Resource = '__EFMigrationsLock', @LockOwner = 'Session', @LockMode = 'Exclusive';
SELECT @result
[14:22:20 INF] () Executed DbCommand (5ms) [Parameters=[], CommandType='"Text"', CommandTimeout='30']
IF OBJECT_ID(N'[__EFMigrationsHistory]') IS NULL
BEGIN
    CREATE TABLE [__EFMigrationsHistory] (
        [MigrationId] nvarchar(150) NOT NULL,
        [ProductVersion] nvarchar(32) NOT NULL,
        CONSTRAINT [PK___EFMigrationsHistory] PRIMARY KEY ([MigrationId])
    );
END;
[14:22:20 INF] () Executed DbCommand (2ms) [Parameters=[], CommandType='"Text"', CommandTimeout='30']
SELECT 1
[14:22:20 INF] () Executed DbCommand (1ms) [Parameters=[], CommandType='"Text"', CommandTimeout='30']
SELECT OBJECT_ID(N'[__EFMigrationsHistory]');
[14:22:20 INF] () Executed DbCommand (3ms) [Parameters=[], CommandType='"Text"', CommandTimeout='30']
SELECT [MigrationId], [ProductVersion]
FROM [__EFMigrationsHistory]
ORDER BY [MigrationId];
[14:22:20 INF] () No migrations were applied. The database is already up to date.
[14:22:20 INF] () Executed DbCommand (1ms) [Parameters=[], CommandType='"Text"', CommandTimeout='30']
DECLARE @result int;
EXEC @result = sp_releaseapplock @Resource = '__EFMigrationsLock', @LockOwner = 'Session';
SELECT @result
[14:22:21 INF] () Executed DbCommand (3ms) [Parameters=[], CommandType='"Text"', CommandTimeout='30']
SELECT TOP(1) [u].[Id], [u].[CreatedAt], [u].[CreatedByUserId], [u].[CreatedByUserName], [u].[Email], [u].[IsSystemAdmin], [u].[Name], [u].[RowVersion], [u].[UpdatedAt], [u].[UpdatedByUserId], [u].[UpdatedByUserName]
FROM [Users] AS [u]
WHERE [u].[IsSystemAdmin] = CAST(1 AS bit)
[14:22:21 INF] () User profile is available. Using 'C:\Users\vicen\AppData\Local\ASP.NET\DataProtection-Keys' as key repository and Windows DPAPI to encrypt keys at rest.
[14:22:21 INF] () Now listening on: https://localhost:7121
[14:22:21 INF] () Starting Hangfire Server using job storage: 'SQL Server: localhost\SQLEXPRESS@AppProject'
[14:22:21 INF] () Using the following options for SQL Server job storage: Queue poll interval: 00:00:00.
[14:22:21 INF] () Using the following options for Hangfire Server:
    Worker count: 20
    Listening queues: 'default'
    Shutdown timeout: 00:00:15
    Schedule polling interval: 00:00:15
[14:22:21 INF] () Application started. Press Ctrl+C to shut down.
[14:22:21 INF] () Hosting environment: Development
[14:22:21 INF] () Content root path: C:\Course\dotnet-template\AppProject.Core.API
[14:22:21 INF] () Server desktop-0fm4m6s:17124:067c3be8 successfully announced in 17.2097 ms
[14:22:21 INF] () Server desktop-0fm4m6s:17124:067c3be8 is starting the registered dispatchers: ServerWatchdog, ServerJobCancellationWatcher, SqlServerHeartbeatProcess, ExpirationManager, CountersAggregator, Worker, DelayedJobScheduler, RecurringJobScheduler...
[14:22:21 INF] () Server desktop-0fm4m6s:17124:067c3be8 all the dispatchers started
[14:27:05 INF] () Request starting HTTP/2 OPTIONS https://localhost:7121/api/auth/Permission/GetCurrentUserPermissions - null null
[14:27:05 INF] () CORS policy execution successful.
[14:27:05 INF] () Request finished HTTP/2 OPTIONS https://localhost:7121/api/auth/Permission/GetCurrentUserPermissions - 204 null null 70.926ms
[14:27:05 INF] () Request starting HTTP/2 GET https://localhost:7121/api/auth/Permission/GetCurrentUserPermissions - null null
[14:27:05 INF] () CORS policy execution successful.
[14:27:06 INF] (vicente.maria.vm17@gmail.com) Executing endpoint 'AppProject.Core.API.Controllers.Auth.PermissionController.GetCurrentUserPermissionsAsync (AppProject.Core.API)'
[14:27:06 INF] (vicente.maria.vm17@gmail.com) Route matched with {action = "GetCurrentUserPermissions", controller = "Permission"}. Executing controller action with signature System.Threading.Tasks.Task`1[Microsoft.AspNetCore.Mvc.IActionResult] GetCurrentUserPermissionsAsync(AppProject.Models.Auth.PermissionContext, System.Threading.CancellationToken) on controller AppProject.Core.API.Controllers.Auth.PermissionController (AppProject.Core.API).
[14:27:06 INF] () Executed DbCommand (5ms) [Parameters=[], CommandType='"Text"', CommandTimeout='30']
SELECT TOP(1) [u].[Id], [u].[CreatedAt], [u].[CreatedByUserId], [u].[CreatedByUserName], [u].[Email], [u].[IsSystemAdmin], [u].[Name], [u].[RowVersion], [u].[UpdatedAt], [u].[UpdatedByUserId], [u].[UpdatedByUserName]
FROM [Users] AS [u]
WHERE [u].[IsSystemAdmin] = CAST(1 AS bit)
[14:27:06 INF] (vicente.maria.vm17@gmail.com) Executing OkObjectResult, writing value of type 'AppProject.Models.Auth.PermissionType[]'.
[14:27:06 INF] (vicente.maria.vm17@gmail.com) Executed action AppProject.Core.API.Controllers.Auth.PermissionController.GetCurrentUserPermissionsAsync (AppProject.Core.API) in 157.0835ms
[14:27:06 INF] (vicente.maria.vm17@gmail.com) Executed endpoint 'AppProject.Core.API.Controllers.Auth.PermissionController.GetCurrentUserPermissionsAsync (AppProject.Core.API)'
[14:27:06 INF] () Request finished HTTP/2 GET https://localhost:7121/api/auth/Permission/GetCurrentUserPermissions - 200 null application/json; charset=utf-8 836.8463ms
[14:27:21 INF] () 1 servers were removed due to timeout
[14:28:21 INF] () Start installing Hangfire SQL objects...
[14:28:22 INF] () Hangfire SQL objects installed.
[14:28:23 INF] () Executed DbCommand (15ms) [Parameters=[], CommandType='"Text"', CommandTimeout='30']
SELECT 1
[14:28:23 INF] () Acquiring an exclusive lock for migration application. See https://aka.ms/efcore-docs-migrations-lock for more information if this takes too long.
[14:28:23 INF] () Executed DbCommand (9ms) [Parameters=[], CommandType='"Text"', CommandTimeout='30']
DECLARE @result int;
EXEC @result = sp_getapplock @Resource = '__EFMigrationsLock', @LockOwner = 'Session', @LockMode = 'Exclusive';
SELECT @result
[14:28:23 INF] () Executed DbCommand (6ms) [Parameters=[], CommandType='"Text"', CommandTimeout='30']
IF OBJECT_ID(N'[__EFMigrationsHistory]') IS NULL
BEGIN
    CREATE TABLE [__EFMigrationsHistory] (
        [MigrationId] nvarchar(150) NOT NULL,
        [ProductVersion] nvarchar(32) NOT NULL,
        CONSTRAINT [PK___EFMigrationsHistory] PRIMARY KEY ([MigrationId])
    );
END;
[14:28:23 INF] () Executed DbCommand (2ms) [Parameters=[], CommandType='"Text"', CommandTimeout='30']
SELECT 1
[14:28:23 INF] () Executed DbCommand (1ms) [Parameters=[], CommandType='"Text"', CommandTimeout='30']
SELECT OBJECT_ID(N'[__EFMigrationsHistory]');
[14:28:23 INF] () Executed DbCommand (3ms) [Parameters=[], CommandType='"Text"', CommandTimeout='30']
SELECT [MigrationId], [ProductVersion]
FROM [__EFMigrationsHistory]
ORDER BY [MigrationId];
[14:28:23 INF] () No migrations were applied. The database is already up to date.
[14:28:23 INF] () Executed DbCommand (1ms) [Parameters=[], CommandType='"Text"', CommandTimeout='30']
DECLARE @result int;
EXEC @result = sp_releaseapplock @Resource = '__EFMigrationsLock', @LockOwner = 'Session';
SELECT @result
[14:28:23 INF] () Executed DbCommand (3ms) [Parameters=[], CommandType='"Text"', CommandTimeout='30']
SELECT TOP(1) [u].[Id], [u].[CreatedAt], [u].[CreatedByUserId], [u].[CreatedByUserName], [u].[Email], [u].[IsSystemAdmin], [u].[Name], [u].[RowVersion], [u].[UpdatedAt], [u].[UpdatedByUserId], [u].[UpdatedByUserName]
FROM [Users] AS [u]
WHERE [u].[IsSystemAdmin] = CAST(1 AS bit)
[14:28:23 INF] () User profile is available. Using 'C:\Users\vicen\AppData\Local\ASP.NET\DataProtection-Keys' as key repository and Windows DPAPI to encrypt keys at rest.
[14:28:23 INF] () Now listening on: https://localhost:7121
[14:28:23 INF] () Starting Hangfire Server using job storage: 'SQL Server: localhost\SQLEXPRESS@AppProject'
[14:28:23 INF] () Using the following options for SQL Server job storage: Queue poll interval: 00:00:00.
[14:28:23 INF] () Using the following options for Hangfire Server:
    Worker count: 20
    Listening queues: 'default'
    Shutdown timeout: 00:00:15
    Schedule polling interval: 00:00:15
[14:28:23 INF] () Application started. Press Ctrl+C to shut down.
[14:28:23 INF] () Hosting environment: Development
[14:28:23 INF] () Content root path: C:\Course\dotnet-template\AppProject.Core.API
[14:28:24 INF] () Server desktop-0fm4m6s:26112:3b27aa5c successfully announced in 15.6744 ms
[14:28:24 INF] () Server desktop-0fm4m6s:26112:3b27aa5c is starting the registered dispatchers: ServerWatchdog, ServerJobCancellationWatcher, SqlServerHeartbeatProcess, ExpirationManager, CountersAggregator, Worker, DelayedJobScheduler, RecurringJobScheduler...
[14:28:24 INF] () Server desktop-0fm4m6s:26112:3b27aa5c all the dispatchers started
[14:30:36 INF] () Request starting HTTP/2 OPTIONS https://localhost:7121/api/auth/Permission/GetCurrentUserPermissions - null null
[14:30:36 INF] () CORS policy execution successful.
[14:30:36 INF] () Request finished HTTP/2 OPTIONS https://localhost:7121/api/auth/Permission/GetCurrentUserPermissions - 204 null null 54.2757ms
[14:30:36 INF] () Request starting HTTP/2 GET https://localhost:7121/api/auth/Permission/GetCurrentUserPermissions - null null
[14:30:36 INF] () CORS policy execution successful.
[14:30:36 INF] (vicente.maria.vm17@gmail.com) Executing endpoint 'AppProject.Core.API.Controllers.Auth.PermissionController.GetCurrentUserPermissionsAsync (AppProject.Core.API)'
[14:30:36 INF] (vicente.maria.vm17@gmail.com) Route matched with {action = "GetCurrentUserPermissions", controller = "Permission"}. Executing controller action with signature System.Threading.Tasks.Task`1[Microsoft.AspNetCore.Mvc.IActionResult] GetCurrentUserPermissionsAsync(AppProject.Models.Auth.PermissionContext, System.Threading.CancellationToken) on controller AppProject.Core.API.Controllers.Auth.PermissionController (AppProject.Core.API).
[14:30:36 INF] () Executed DbCommand (5ms) [Parameters=[], CommandType='"Text"', CommandTimeout='30']
SELECT TOP(1) [u].[Id], [u].[CreatedAt], [u].[CreatedByUserId], [u].[CreatedByUserName], [u].[Email], [u].[IsSystemAdmin], [u].[Name], [u].[RowVersion], [u].[UpdatedAt], [u].[UpdatedByUserId], [u].[UpdatedByUserName]
FROM [Users] AS [u]
WHERE [u].[IsSystemAdmin] = CAST(1 AS bit)
[14:30:36 INF] (vicente.maria.vm17@gmail.com) Executing OkObjectResult, writing value of type 'AppProject.Models.Auth.PermissionType[]'.
[14:30:36 INF] (vicente.maria.vm17@gmail.com) Executed action AppProject.Core.API.Controllers.Auth.PermissionController.GetCurrentUserPermissionsAsync (AppProject.Core.API) in 115.1543ms
[14:30:36 INF] (vicente.maria.vm17@gmail.com) Executed endpoint 'AppProject.Core.API.Controllers.Auth.PermissionController.GetCurrentUserPermissionsAsync (AppProject.Core.API)'
[14:30:36 INF] () Request finished HTTP/2 GET https://localhost:7121/api/auth/Permission/GetCurrentUserPermissions - 200 null application/json; charset=utf-8 774.2895ms
[14:31:23 INF] () Request starting HTTP/2 OPTIONS https://localhost:7121/api/general/CitySummary/GetSummaries?Take=100 - null null
[14:31:23 INF] () CORS policy execution successful.
[14:31:23 INF] () Request finished HTTP/2 OPTIONS https://localhost:7121/api/general/CitySummary/GetSummaries?Take=100 - 204 null null 9.9638ms
[14:31:23 INF] () Request starting HTTP/2 GET https://localhost:7121/api/general/CitySummary/GetSummaries?Take=100 - null null
[14:31:23 INF] () CORS policy execution successful.
[14:31:23 INF] (vicente.maria.vm17@gmail.com) Executing endpoint 'AppProject.Core.Controllers.General.CitySummaryController.GetSummariesAsync (AppProject.Core.Controllers.General)'
[14:31:23 INF] (vicente.maria.vm17@gmail.com) Route matched with {action = "GetSummaries", controller = "CitySummary"}. Executing controller action with signature System.Threading.Tasks.Task`1[Microsoft.AspNetCore.Mvc.IActionResult] GetSummariesAsync(AppProject.Core.Models.General.CitySummarySearchRequest, System.Threading.CancellationToken) on controller AppProject.Core.Controllers.General.CitySummaryController (AppProject.Core.Controllers.General).
[14:31:23 INF] (vicente.maria.vm17@gmail.com) Executed DbCommand (8ms) [Parameters=[@__p_0='?' (DbType = Int32)], CommandType='"Text"', CommandTimeout='30']
SELECT [c0].[Id], [c0].[Name], [s].[Name] AS [StateName], [c0].[StateId], [c1].[Name] AS [CountryName], [s].[CountryId]
FROM (
    SELECT TOP(@__p_0) [c].[Id], [c].[Name], [c].[StateId]
    FROM [Cities] AS [c]
    ORDER BY [c].[Name]
) AS [c0]
INNER JOIN [States] AS [s] ON [c0].[StateId] = [s].[Id]
INNER JOIN [Countries] AS [c1] ON [s].[CountryId] = [c1].[Id]
ORDER BY [c0].[Name]
[14:31:23 INF] (vicente.maria.vm17@gmail.com) Executing OkObjectResult, writing value of type 'AppProject.Models.SummariesResponse`1[[AppProject.Core.Models.General.CitySummary, AppProject.Core.Models, Version=1.0.0.0, Culture=neutral, PublicKeyToken=null]]'.
[14:31:23 INF] (vicente.maria.vm17@gmail.com) Executed action AppProject.Core.Controllers.General.CitySummaryController.GetSummariesAsync (AppProject.Core.Controllers.General) in 217.5169ms
[14:31:23 INF] (vicente.maria.vm17@gmail.com) Executed endpoint 'AppProject.Core.Controllers.General.CitySummaryController.GetSummariesAsync (AppProject.Core.Controllers.General)'
[14:31:23 INF] () Request finished HTTP/2 GET https://localhost:7121/api/general/CitySummary/GetSummaries?Take=100 - 200 null application/json; charset=utf-8 241.4428ms
[14:31:44 INF] () Request starting HTTP/2 OPTIONS https://localhost:7121/api/auth/Permission/GetCurrentUserPermissions - null null
[14:31:44 INF] () CORS policy execution successful.
[14:31:44 INF] () Request finished HTTP/2 OPTIONS https://localhost:7121/api/auth/Permission/GetCurrentUserPermissions - 204 null null 6.2025ms
[14:31:44 INF] () Request starting HTTP/2 GET https://localhost:7121/api/auth/Permission/GetCurrentUserPermissions - null null
[14:31:44 INF] () CORS policy execution successful.
[14:31:44 INF] (vicente.maria.vm17@gmail.com) Executing endpoint 'AppProject.Core.API.Controllers.Auth.PermissionController.GetCurrentUserPermissionsAsync (AppProject.Core.API)'
[14:31:44 INF] (vicente.maria.vm17@gmail.com) Route matched with {action = "GetCurrentUserPermissions", controller = "Permission"}. Executing controller action with signature System.Threading.Tasks.Task`1[Microsoft.AspNetCore.Mvc.IActionResult] GetCurrentUserPermissionsAsync(AppProject.Models.Auth.PermissionContext, System.Threading.CancellationToken) on controller AppProject.Core.API.Controllers.Auth.PermissionController (AppProject.Core.API).
[14:31:44 INF] (vicente.maria.vm17@gmail.com) Executing OkObjectResult, writing value of type 'AppProject.Models.Auth.PermissionType[]'.
[14:31:44 INF] (vicente.maria.vm17@gmail.com) Executed action AppProject.Core.API.Controllers.Auth.PermissionController.GetCurrentUserPermissionsAsync (AppProject.Core.API) in 3.0205ms
[14:31:44 INF] (vicente.maria.vm17@gmail.com) Executed endpoint 'AppProject.Core.API.Controllers.Auth.PermissionController.GetCurrentUserPermissionsAsync (AppProject.Core.API)'
[14:31:44 INF] () Request finished HTTP/2 GET https://localhost:7121/api/auth/Permission/GetCurrentUserPermissions - 200 null application/json; charset=utf-8 25.571ms
[14:31:50 INF] () Request starting HTTP/2 OPTIONS https://localhost:7121/api/general/CitySummary/GetSummaries?Take=100 - null null
[14:31:50 INF] () CORS policy execution successful.
[14:31:50 INF] () Request finished HTTP/2 OPTIONS https://localhost:7121/api/general/CitySummary/GetSummaries?Take=100 - 204 null null 3.8412ms
[14:31:50 INF] () Request starting HTTP/2 GET https://localhost:7121/api/general/CitySummary/GetSummaries?Take=100 - null null
[14:31:50 INF] () CORS policy execution successful.
[14:31:50 INF] (vicente.maria.vm17@gmail.com) Executing endpoint 'AppProject.Core.Controllers.General.CitySummaryController.GetSummariesAsync (AppProject.Core.Controllers.General)'
[14:31:50 INF] (vicente.maria.vm17@gmail.com) Route matched with {action = "GetSummaries", controller = "CitySummary"}. Executing controller action with signature System.Threading.Tasks.Task`1[Microsoft.AspNetCore.Mvc.IActionResult] GetSummariesAsync(AppProject.Core.Models.General.CitySummarySearchRequest, System.Threading.CancellationToken) on controller AppProject.Core.Controllers.General.CitySummaryController (AppProject.Core.Controllers.General).
[14:31:50 INF] (vicente.maria.vm17@gmail.com) Executed DbCommand (0ms) [Parameters=[@__p_0='?' (DbType = Int32)], CommandType='"Text"', CommandTimeout='30']
SELECT [c0].[Id], [c0].[Name], [s].[Name] AS [StateName], [c0].[StateId], [c1].[Name] AS [CountryName], [s].[CountryId]
FROM (
    SELECT TOP(@__p_0) [c].[Id], [c].[Name], [c].[StateId]
    FROM [Cities] AS [c]
    ORDER BY [c].[Name]
) AS [c0]
INNER JOIN [States] AS [s] ON [c0].[StateId] = [s].[Id]
INNER JOIN [Countries] AS [c1] ON [s].[CountryId] = [c1].[Id]
ORDER BY [c0].[Name]
[14:31:50 INF] (vicente.maria.vm17@gmail.com) Executing OkObjectResult, writing value of type 'AppProject.Models.SummariesResponse`1[[AppProject.Core.Models.General.CitySummary, AppProject.Core.Models, Version=1.0.0.0, Culture=neutral, PublicKeyToken=null]]'.
[14:31:50 INF] (vicente.maria.vm17@gmail.com) Executed action AppProject.Core.Controllers.General.CitySummaryController.GetSummariesAsync (AppProject.Core.Controllers.General) in 7.1086ms
[14:31:50 INF] (vicente.maria.vm17@gmail.com) Executed endpoint 'AppProject.Core.Controllers.General.CitySummaryController.GetSummariesAsync (AppProject.Core.Controllers.General)'
[14:31:50 INF] () Request finished HTTP/2 GET https://localhost:7121/api/general/CitySummary/GetSummaries?Take=100 - 200 null application/json; charset=utf-8 18.4432ms
[14:33:24 INF] () 1 servers were removed due to timeout
[14:33:47 INF] () Request starting HTTP/2 OPTIONS https://localhost:7121/api/auth/Permission/GetCurrentUserPermissions - null null
[14:33:47 INF] () CORS policy execution successful.
[14:33:47 INF] () Request finished HTTP/2 OPTIONS https://localhost:7121/api/auth/Permission/GetCurrentUserPermissions - 204 null null 3.8347ms
[14:33:47 INF] () Request starting HTTP/2 GET https://localhost:7121/api/auth/Permission/GetCurrentUserPermissions - null null
[14:33:47 INF] () CORS policy execution successful.
[14:33:47 INF] (vicente.maria.vm17@gmail.com) Executing endpoint 'AppProject.Core.API.Controllers.Auth.PermissionController.GetCurrentUserPermissionsAsync (AppProject.Core.API)'
[14:33:47 INF] (vicente.maria.vm17@gmail.com) Route matched with {action = "GetCurrentUserPermissions", controller = "Permission"}. Executing controller action with signature System.Threading.Tasks.Task`1[Microsoft.AspNetCore.Mvc.IActionResult] GetCurrentUserPermissionsAsync(AppProject.Models.Auth.PermissionContext, System.Threading.CancellationToken) on controller AppProject.Core.API.Controllers.Auth.PermissionController (AppProject.Core.API).
[14:33:47 INF] (vicente.maria.vm17@gmail.com) Executing OkObjectResult, writing value of type 'AppProject.Models.Auth.PermissionType[]'.
[14:33:47 INF] (vicente.maria.vm17@gmail.com) Executed action AppProject.Core.API.Controllers.Auth.PermissionController.GetCurrentUserPermissionsAsync (AppProject.Core.API) in 4.8024ms
[14:33:47 INF] (vicente.maria.vm17@gmail.com) Executed endpoint 'AppProject.Core.API.Controllers.Auth.PermissionController.GetCurrentUserPermissionsAsync (AppProject.Core.API)'
[14:33:47 INF] () Request finished HTTP/2 GET https://localhost:7121/api/auth/Permission/GetCurrentUserPermissions - 200 null application/json; charset=utf-8 39.3041ms
[14:33:53 INF] () Request starting HTTP/2 OPTIONS https://localhost:7121/api/general/CitySummary/GetSummaries?Take=100&SearchText=bo - null null
[14:33:53 INF] () CORS policy execution successful.
[14:33:53 INF] () Request finished HTTP/2 OPTIONS https://localhost:7121/api/general/CitySummary/GetSummaries?Take=100&SearchText=bo - 204 null null 30.636ms
[14:33:53 INF] () Request starting HTTP/2 GET https://localhost:7121/api/general/CitySummary/GetSummaries?Take=100&SearchText=bo - null null
[14:33:53 INF] () CORS policy execution successful.
[14:33:53 INF] (vicente.maria.vm17@gmail.com) Executing endpoint 'AppProject.Core.Controllers.General.CitySummaryController.GetSummariesAsync (AppProject.Core.Controllers.General)'
[14:33:53 INF] (vicente.maria.vm17@gmail.com) Route matched with {action = "GetSummaries", controller = "CitySummary"}. Executing controller action with signature System.Threading.Tasks.Task`1[Microsoft.AspNetCore.Mvc.IActionResult] GetSummariesAsync(AppProject.Core.Models.General.CitySummarySearchRequest, System.Threading.CancellationToken) on controller AppProject.Core.Controllers.General.CitySummaryController (AppProject.Core.Controllers.General).
[14:33:53 INF] (vicente.maria.vm17@gmail.com) Executed DbCommand (10ms) [Parameters=[@__p_1='?' (DbType = Int32), @__searchText_0_contains='?' (Size = 36) (DbType = AnsiString), @__searchText_0_contains_1='?' (Size = 200)], CommandType='"Text"', CommandTimeout='30']
SELECT [c0].[Id], [c0].[Name], [s].[Name] AS [StateName], [c0].[StateId], [c1].[Name] AS [CountryName], [s].[CountryId]
FROM (
    SELECT TOP(@__p_1) [c].[Id], [c].[Name], [c].[StateId]
    FROM [Cities] AS [c]
    WHERE CONVERT(varchar(36), [c].[Id]) LIKE @__searchText_0_contains ESCAPE '\' OR [c].[Name] LIKE @__searchText_0_contains_1 ESCAPE N'\' OR COALESCE([c].[Code], N'') LIKE @__searchText_0_contains_1 ESCAPE N'\'
    ORDER BY [c].[Name]
) AS [c0]
INNER JOIN [States] AS [s] ON [c0].[StateId] = [s].[Id]
INNER JOIN [Countries] AS [c1] ON [s].[CountryId] = [c1].[Id]
ORDER BY [c0].[Name]
[14:33:53 INF] (vicente.maria.vm17@gmail.com) Executing OkObjectResult, writing value of type 'AppProject.Models.SummariesResponse`1[[AppProject.Core.Models.General.CitySummary, AppProject.Core.Models, Version=1.0.0.0, Culture=neutral, PublicKeyToken=null]]'.
[14:33:53 INF] (vicente.maria.vm17@gmail.com) Executed action AppProject.Core.Controllers.General.CitySummaryController.GetSummariesAsync (AppProject.Core.Controllers.General) in 57.1673ms
[14:33:53 INF] (vicente.maria.vm17@gmail.com) Executed endpoint 'AppProject.Core.Controllers.General.CitySummaryController.GetSummariesAsync (AppProject.Core.Controllers.General)'
[14:33:53 INF] () Request finished HTTP/2 GET https://localhost:7121/api/general/CitySummary/GetSummaries?Take=100&SearchText=bo - 200 null application/json; charset=utf-8 68.609ms
[14:33:57 INF] () Request starting HTTP/2 GET https://localhost:7121/api/general/CitySummary/GetSummaries?Take=100&SearchText=bo - null null
[14:33:57 INF] () CORS policy execution successful.
[14:33:57 INF] (vicente.maria.vm17@gmail.com) Executing endpoint 'AppProject.Core.Controllers.General.CitySummaryController.GetSummariesAsync (AppProject.Core.Controllers.General)'
[14:33:57 INF] (vicente.maria.vm17@gmail.com) Route matched with {action = "GetSummaries", controller = "CitySummary"}. Executing controller action with signature System.Threading.Tasks.Task`1[Microsoft.AspNetCore.Mvc.IActionResult] GetSummariesAsync(AppProject.Core.Models.General.CitySummarySearchRequest, System.Threading.CancellationToken) on controller AppProject.Core.Controllers.General.CitySummaryController (AppProject.Core.Controllers.General).
[14:33:57 INF] (vicente.maria.vm17@gmail.com) Executed DbCommand (0ms) [Parameters=[@__p_1='?' (DbType = Int32), @__searchText_0_contains='?' (Size = 36) (DbType = AnsiString), @__searchText_0_contains_1='?' (Size = 200)], CommandType='"Text"', CommandTimeout='30']
SELECT [c0].[Id], [c0].[Name], [s].[Name] AS [StateName], [c0].[StateId], [c1].[Name] AS [CountryName], [s].[CountryId]
FROM (
    SELECT TOP(@__p_1) [c].[Id], [c].[Name], [c].[StateId]
    FROM [Cities] AS [c]
    WHERE CONVERT(varchar(36), [c].[Id]) LIKE @__searchText_0_contains ESCAPE '\' OR [c].[Name] LIKE @__searchText_0_contains_1 ESCAPE N'\' OR COALESCE([c].[Code], N'') LIKE @__searchText_0_contains_1 ESCAPE N'\'
    ORDER BY [c].[Name]
) AS [c0]
INNER JOIN [States] AS [s] ON [c0].[StateId] = [s].[Id]
INNER JOIN [Countries] AS [c1] ON [s].[CountryId] = [c1].[Id]
ORDER BY [c0].[Name]
[14:33:57 INF] (vicente.maria.vm17@gmail.com) Executing OkObjectResult, writing value of type 'AppProject.Models.SummariesResponse`1[[AppProject.Core.Models.General.CitySummary, AppProject.Core.Models, Version=1.0.0.0, Culture=neutral, PublicKeyToken=null]]'.
[14:33:57 INF] (vicente.maria.vm17@gmail.com) Executed action AppProject.Core.Controllers.General.CitySummaryController.GetSummariesAsync (AppProject.Core.Controllers.General) in 5.3107ms
[14:33:57 INF] (vicente.maria.vm17@gmail.com) Executed endpoint 'AppProject.Core.Controllers.General.CitySummaryController.GetSummariesAsync (AppProject.Core.Controllers.General)'
[14:33:57 INF] () Request finished HTTP/2 GET https://localhost:7121/api/general/CitySummary/GetSummaries?Take=100&SearchText=bo - 200 null application/json; charset=utf-8 14.9946ms
[14:34:01 INF] () Request starting HTTP/2 OPTIONS https://localhost:7121/api/general/CitySummary/GetSummaries?Take=100&SearchText= - null null
[14:34:01 INF] () CORS policy execution successful.
[14:34:01 INF] () Request finished HTTP/2 OPTIONS https://localhost:7121/api/general/CitySummary/GetSummaries?Take=100&SearchText= - 204 null null 3.0332ms
[14:34:01 INF] () Request starting HTTP/2 GET https://localhost:7121/api/general/CitySummary/GetSummaries?Take=100&SearchText= - null null
[14:34:01 INF] () CORS policy execution successful.
[14:34:01 INF] (vicente.maria.vm17@gmail.com) Executing endpoint 'AppProject.Core.Controllers.General.CitySummaryController.GetSummariesAsync (AppProject.Core.Controllers.General)'
[14:34:01 INF] (vicente.maria.vm17@gmail.com) Route matched with {action = "GetSummaries", controller = "CitySummary"}. Executing controller action with signature System.Threading.Tasks.Task`1[Microsoft.AspNetCore.Mvc.IActionResult] GetSummariesAsync(AppProject.Core.Models.General.CitySummarySearchRequest, System.Threading.CancellationToken) on controller AppProject.Core.Controllers.General.CitySummaryController (AppProject.Core.Controllers.General).
[14:34:01 INF] (vicente.maria.vm17@gmail.com) Executed DbCommand (3ms) [Parameters=[@__p_0='?' (DbType = Int32)], CommandType='"Text"', CommandTimeout='30']
SELECT [c0].[Id], [c0].[Name], [s].[Name] AS [StateName], [c0].[StateId], [c1].[Name] AS [CountryName], [s].[CountryId]
FROM (
    SELECT TOP(@__p_0) [c].[Id], [c].[Name], [c].[StateId]
    FROM [Cities] AS [c]
    ORDER BY [c].[Name]
) AS [c0]
INNER JOIN [States] AS [s] ON [c0].[StateId] = [s].[Id]
INNER JOIN [Countries] AS [c1] ON [s].[CountryId] = [c1].[Id]
ORDER BY [c0].[Name]
[14:34:01 INF] (vicente.maria.vm17@gmail.com) Executing OkObjectResult, writing value of type 'AppProject.Models.SummariesResponse`1[[AppProject.Core.Models.General.CitySummary, AppProject.Core.Models, Version=1.0.0.0, Culture=neutral, PublicKeyToken=null]]'.
[14:34:01 INF] (vicente.maria.vm17@gmail.com) Executed action AppProject.Core.Controllers.General.CitySummaryController.GetSummariesAsync (AppProject.Core.Controllers.General) in 7.3508ms
[14:34:01 INF] (vicente.maria.vm17@gmail.com) Executed endpoint 'AppProject.Core.Controllers.General.CitySummaryController.GetSummariesAsync (AppProject.Core.Controllers.General)'
[14:34:01 INF] () Request finished HTTP/2 GET https://localhost:7121/api/general/CitySummary/GetSummaries?Take=100&SearchText= - 200 null application/json; charset=utf-8 17.1026ms
[14:34:07 INF] () Request starting HTTP/2 OPTIONS https://localhost:7121/api/general/CitySummary/GetSummaries?Take=100&SearchText=gr - null null
[14:34:07 INF] () CORS policy execution successful.
[14:34:07 INF] () Request finished HTTP/2 OPTIONS https://localhost:7121/api/general/CitySummary/GetSummaries?Take=100&SearchText=gr - 204 null null 3.246ms
[14:34:07 INF] () Request starting HTTP/2 GET https://localhost:7121/api/general/CitySummary/GetSummaries?Take=100&SearchText=gr - null null
[14:34:07 INF] () CORS policy execution successful.
[14:34:07 INF] (vicente.maria.vm17@gmail.com) Executing endpoint 'AppProject.Core.Controllers.General.CitySummaryController.GetSummariesAsync (AppProject.Core.Controllers.General)'
[14:34:07 INF] (vicente.maria.vm17@gmail.com) Route matched with {action = "GetSummaries", controller = "CitySummary"}. Executing controller action with signature System.Threading.Tasks.Task`1[Microsoft.AspNetCore.Mvc.IActionResult] GetSummariesAsync(AppProject.Core.Models.General.CitySummarySearchRequest, System.Threading.CancellationToken) on controller AppProject.Core.Controllers.General.CitySummaryController (AppProject.Core.Controllers.General).
[14:34:07 INF] (vicente.maria.vm17@gmail.com) Executed DbCommand (10ms) [Parameters=[@__p_1='?' (DbType = Int32), @__searchText_0_contains='?' (Size = 36) (DbType = AnsiString), @__searchText_0_contains_1='?' (Size = 200)], CommandType='"Text"', CommandTimeout='30']
SELECT [c0].[Id], [c0].[Name], [s].[Name] AS [StateName], [c0].[StateId], [c1].[Name] AS [CountryName], [s].[CountryId]
FROM (
    SELECT TOP(@__p_1) [c].[Id], [c].[Name], [c].[StateId]
    FROM [Cities] AS [c]
    WHERE CONVERT(varchar(36), [c].[Id]) LIKE @__searchText_0_contains ESCAPE '\' OR [c].[Name] LIKE @__searchText_0_contains_1 ESCAPE N'\' OR COALESCE([c].[Code], N'') LIKE @__searchText_0_contains_1 ESCAPE N'\'
    ORDER BY [c].[Name]
) AS [c0]
INNER JOIN [States] AS [s] ON [c0].[StateId] = [s].[Id]
INNER JOIN [Countries] AS [c1] ON [s].[CountryId] = [c1].[Id]
ORDER BY [c0].[Name]
[14:34:07 INF] (vicente.maria.vm17@gmail.com) Executing OkObjectResult, writing value of type 'AppProject.Models.SummariesResponse`1[[AppProject.Core.Models.General.CitySummary, AppProject.Core.Models, Version=1.0.0.0, Culture=neutral, PublicKeyToken=null]]'.
[14:34:07 INF] (vicente.maria.vm17@gmail.com) Executed action AppProject.Core.Controllers.General.CitySummaryController.GetSummariesAsync (AppProject.Core.Controllers.General) in 15.1989ms
[14:34:07 INF] (vicente.maria.vm17@gmail.com) Executed endpoint 'AppProject.Core.Controllers.General.CitySummaryController.GetSummariesAsync (AppProject.Core.Controllers.General)'
[14:34:07 INF] () Request finished HTTP/2 GET https://localhost:7121/api/general/CitySummary/GetSummaries?Take=100&SearchText=gr - 200 null application/json; charset=utf-8 100.2118ms
[14:34:09 INF] () Request starting HTTP/2 GET https://localhost:7121/api/general/CitySummary/GetSummaries?Take=100&SearchText=gr - null null
[14:34:09 INF] () CORS policy execution successful.
[14:34:09 INF] (vicente.maria.vm17@gmail.com) Executing endpoint 'AppProject.Core.Controllers.General.CitySummaryController.GetSummariesAsync (AppProject.Core.Controllers.General)'
[14:34:09 INF] (vicente.maria.vm17@gmail.com) Route matched with {action = "GetSummaries", controller = "CitySummary"}. Executing controller action with signature System.Threading.Tasks.Task`1[Microsoft.AspNetCore.Mvc.IActionResult] GetSummariesAsync(AppProject.Core.Models.General.CitySummarySearchRequest, System.Threading.CancellationToken) on controller AppProject.Core.Controllers.General.CitySummaryController (AppProject.Core.Controllers.General).
[14:34:09 INF] (vicente.maria.vm17@gmail.com) Executed DbCommand (5ms) [Parameters=[@__p_1='?' (DbType = Int32), @__searchText_0_contains='?' (Size = 36) (DbType = AnsiString), @__searchText_0_contains_1='?' (Size = 200)], CommandType='"Text"', CommandTimeout='30']
SELECT [c0].[Id], [c0].[Name], [s].[Name] AS [StateName], [c0].[StateId], [c1].[Name] AS [CountryName], [s].[CountryId]
FROM (
    SELECT TOP(@__p_1) [c].[Id], [c].[Name], [c].[StateId]
    FROM [Cities] AS [c]
    WHERE CONVERT(varchar(36), [c].[Id]) LIKE @__searchText_0_contains ESCAPE '\' OR [c].[Name] LIKE @__searchText_0_contains_1 ESCAPE N'\' OR COALESCE([c].[Code], N'') LIKE @__searchText_0_contains_1 ESCAPE N'\'
    ORDER BY [c].[Name]
) AS [c0]
INNER JOIN [States] AS [s] ON [c0].[StateId] = [s].[Id]
INNER JOIN [Countries] AS [c1] ON [s].[CountryId] = [c1].[Id]
ORDER BY [c0].[Name]
[14:34:09 INF] (vicente.maria.vm17@gmail.com) Executing OkObjectResult, writing value of type 'AppProject.Models.SummariesResponse`1[[AppProject.Core.Models.General.CitySummary, AppProject.Core.Models, Version=1.0.0.0, Culture=neutral, PublicKeyToken=null]]'.
[14:34:09 INF] (vicente.maria.vm17@gmail.com) Executed action AppProject.Core.Controllers.General.CitySummaryController.GetSummariesAsync (AppProject.Core.Controllers.General) in 10.2042ms
[14:34:09 INF] (vicente.maria.vm17@gmail.com) Executed endpoint 'AppProject.Core.Controllers.General.CitySummaryController.GetSummariesAsync (AppProject.Core.Controllers.General)'
[14:34:09 INF] () Request finished HTTP/2 GET https://localhost:7121/api/general/CitySummary/GetSummaries?Take=100&SearchText=gr - 200 null application/json; charset=utf-8 19.7607ms
[14:34:15 INF] () Request starting HTTP/2 OPTIONS https://localhost:7121/api/general/CitySummary/GetSummaries?Take=100&SearchText=city - null null
[14:34:15 INF] () CORS policy execution successful.
[14:34:15 INF] () Request finished HTTP/2 OPTIONS https://localhost:7121/api/general/CitySummary/GetSummaries?Take=100&SearchText=city - 204 null null 2.9547ms
[14:34:15 INF] () Request starting HTTP/2 GET https://localhost:7121/api/general/CitySummary/GetSummaries?Take=100&SearchText=city - null null
[14:34:15 INF] () CORS policy execution successful.
[14:34:15 INF] (vicente.maria.vm17@gmail.com) Executing endpoint 'AppProject.Core.Controllers.General.CitySummaryController.GetSummariesAsync (AppProject.Core.Controllers.General)'
[14:34:15 INF] (vicente.maria.vm17@gmail.com) Route matched with {action = "GetSummaries", controller = "CitySummary"}. Executing controller action with signature System.Threading.Tasks.Task`1[Microsoft.AspNetCore.Mvc.IActionResult] GetSummariesAsync(AppProject.Core.Models.General.CitySummarySearchRequest, System.Threading.CancellationToken) on controller AppProject.Core.Controllers.General.CitySummaryController (AppProject.Core.Controllers.General).
[14:34:15 INF] (vicente.maria.vm17@gmail.com) Executed DbCommand (1ms) [Parameters=[@__p_1='?' (DbType = Int32), @__searchText_0_contains='?' (Size = 36) (DbType = AnsiString), @__searchText_0_contains_1='?' (Size = 200)], CommandType='"Text"', CommandTimeout='30']
SELECT [c0].[Id], [c0].[Name], [s].[Name] AS [StateName], [c0].[StateId], [c1].[Name] AS [CountryName], [s].[CountryId]
FROM (
    SELECT TOP(@__p_1) [c].[Id], [c].[Name], [c].[StateId]
    FROM [Cities] AS [c]
    WHERE CONVERT(varchar(36), [c].[Id]) LIKE @__searchText_0_contains ESCAPE '\' OR [c].[Name] LIKE @__searchText_0_contains_1 ESCAPE N'\' OR COALESCE([c].[Code], N'') LIKE @__searchText_0_contains_1 ESCAPE N'\'
    ORDER BY [c].[Name]
) AS [c0]
INNER JOIN [States] AS [s] ON [c0].[StateId] = [s].[Id]
INNER JOIN [Countries] AS [c1] ON [s].[CountryId] = [c1].[Id]
ORDER BY [c0].[Name]
[14:34:15 INF] (vicente.maria.vm17@gmail.com) Executing OkObjectResult, writing value of type 'AppProject.Models.SummariesResponse`1[[AppProject.Core.Models.General.CitySummary, AppProject.Core.Models, Version=1.0.0.0, Culture=neutral, PublicKeyToken=null]]'.
[14:34:15 INF] (vicente.maria.vm17@gmail.com) Executed action AppProject.Core.Controllers.General.CitySummaryController.GetSummariesAsync (AppProject.Core.Controllers.General) in 4.6487ms
[14:34:15 INF] (vicente.maria.vm17@gmail.com) Executed endpoint 'AppProject.Core.Controllers.General.CitySummaryController.GetSummariesAsync (AppProject.Core.Controllers.General)'
[14:34:15 INF] () Request finished HTTP/2 GET https://localhost:7121/api/general/CitySummary/GetSummaries?Take=100&SearchText=city - 200 null application/json; charset=utf-8 14.4024ms
[14:34:19 INF] () Request starting HTTP/2 OPTIONS https://localhost:7121/api/general/CitySummary/GetSummaries?Take=100&SearchText=cityy - null null
[14:34:19 INF] () CORS policy execution successful.
[14:34:19 INF] () Request finished HTTP/2 OPTIONS https://localhost:7121/api/general/CitySummary/GetSummaries?Take=100&SearchText=cityy - 204 null null 3.431ms
[14:34:19 INF] () Request starting HTTP/2 GET https://localhost:7121/api/general/CitySummary/GetSummaries?Take=100&SearchText=cityy - null null
[14:34:19 INF] () CORS policy execution successful.
[14:34:19 INF] (vicente.maria.vm17@gmail.com) Executing endpoint 'AppProject.Core.Controllers.General.CitySummaryController.GetSummariesAsync (AppProject.Core.Controllers.General)'
[14:34:19 INF] (vicente.maria.vm17@gmail.com) Route matched with {action = "GetSummaries", controller = "CitySummary"}. Executing controller action with signature System.Threading.Tasks.Task`1[Microsoft.AspNetCore.Mvc.IActionResult] GetSummariesAsync(AppProject.Core.Models.General.CitySummarySearchRequest, System.Threading.CancellationToken) on controller AppProject.Core.Controllers.General.CitySummaryController (AppProject.Core.Controllers.General).
[14:34:19 INF] (vicente.maria.vm17@gmail.com) Executed DbCommand (1ms) [Parameters=[@__p_1='?' (DbType = Int32), @__searchText_0_contains='?' (Size = 36) (DbType = AnsiString), @__searchText_0_contains_1='?' (Size = 200)], CommandType='"Text"', CommandTimeout='30']
SELECT [c0].[Id], [c0].[Name], [s].[Name] AS [StateName], [c0].[StateId], [c1].[Name] AS [CountryName], [s].[CountryId]
FROM (
    SELECT TOP(@__p_1) [c].[Id], [c].[Name], [c].[StateId]
    FROM [Cities] AS [c]
    WHERE CONVERT(varchar(36), [c].[Id]) LIKE @__searchText_0_contains ESCAPE '\' OR [c].[Name] LIKE @__searchText_0_contains_1 ESCAPE N'\' OR COALESCE([c].[Code], N'') LIKE @__searchText_0_contains_1 ESCAPE N'\'
    ORDER BY [c].[Name]
) AS [c0]
INNER JOIN [States] AS [s] ON [c0].[StateId] = [s].[Id]
INNER JOIN [Countries] AS [c1] ON [s].[CountryId] = [c1].[Id]
ORDER BY [c0].[Name]
[14:34:19 INF] (vicente.maria.vm17@gmail.com) Executing OkObjectResult, writing value of type 'AppProject.Models.SummariesResponse`1[[AppProject.Core.Models.General.CitySummary, AppProject.Core.Models, Version=1.0.0.0, Culture=neutral, PublicKeyToken=null]]'.
[14:34:19 INF] (vicente.maria.vm17@gmail.com) Executed action AppProject.Core.Controllers.General.CitySummaryController.GetSummariesAsync (AppProject.Core.Controllers.General) in 5.11ms
[14:34:19 INF] (vicente.maria.vm17@gmail.com) Executed endpoint 'AppProject.Core.Controllers.General.CitySummaryController.GetSummariesAsync (AppProject.Core.Controllers.General)'
[14:34:19 INF] () Request finished HTTP/2 GET https://localhost:7121/api/general/CitySummary/GetSummaries?Take=100&SearchText=cityy - 200 null application/json; charset=utf-8 14.0415ms
[16:28:32 INF] () Start installing Hangfire SQL objects...
[16:28:33 INF] () Hangfire SQL objects installed.
[16:28:34 INF] () Executed DbCommand (14ms) [Parameters=[], CommandType='"Text"', CommandTimeout='30']
SELECT 1
[16:28:34 INF] () Acquiring an exclusive lock for migration application. See https://aka.ms/efcore-docs-migrations-lock for more information if this takes too long.
[16:28:34 INF] () Executed DbCommand (9ms) [Parameters=[], CommandType='"Text"', CommandTimeout='30']
DECLARE @result int;
EXEC @result = sp_getapplock @Resource = '__EFMigrationsLock', @LockOwner = 'Session', @LockMode = 'Exclusive';
SELECT @result
[16:28:34 INF] () Executed DbCommand (5ms) [Parameters=[], CommandType='"Text"', CommandTimeout='30']
IF OBJECT_ID(N'[__EFMigrationsHistory]') IS NULL
BEGIN
    CREATE TABLE [__EFMigrationsHistory] (
        [MigrationId] nvarchar(150) NOT NULL,
        [ProductVersion] nvarchar(32) NOT NULL,
        CONSTRAINT [PK___EFMigrationsHistory] PRIMARY KEY ([MigrationId])
    );
END;
[16:28:34 INF] () Executed DbCommand (2ms) [Parameters=[], CommandType='"Text"', CommandTimeout='30']
SELECT 1
[16:28:34 INF] () Executed DbCommand (1ms) [Parameters=[], CommandType='"Text"', CommandTimeout='30']
SELECT OBJECT_ID(N'[__EFMigrationsHistory]');
[16:28:34 INF] () Executed DbCommand (3ms) [Parameters=[], CommandType='"Text"', CommandTimeout='30']
SELECT [MigrationId], [ProductVersion]
FROM [__EFMigrationsHistory]
ORDER BY [MigrationId];
[16:28:34 INF] () No migrations were applied. The database is already up to date.
[16:28:34 INF] () Executed DbCommand (1ms) [Parameters=[], CommandType='"Text"', CommandTimeout='30']
DECLARE @result int;
EXEC @result = sp_releaseapplock @Resource = '__EFMigrationsLock', @LockOwner = 'Session';
SELECT @result
[16:28:34 INF] () Executed DbCommand (4ms) [Parameters=[], CommandType='"Text"', CommandTimeout='30']
SELECT TOP(1) [u].[Id], [u].[CreatedAt], [u].[CreatedByUserId], [u].[CreatedByUserName], [u].[Email], [u].[IsSystemAdmin], [u].[Name], [u].[RowVersion], [u].[UpdatedAt], [u].[UpdatedByUserId], [u].[UpdatedByUserName]
FROM [Users] AS [u]
WHERE [u].[IsSystemAdmin] = CAST(1 AS bit)
[16:28:35 INF] () User profile is available. Using 'C:\Users\vicen\AppData\Local\ASP.NET\DataProtection-Keys' as key repository and Windows DPAPI to encrypt keys at rest.
[16:28:35 INF] () Now listening on: https://localhost:7121
[16:28:35 INF] () Starting Hangfire Server using job storage: 'SQL Server: localhost\SQLEXPRESS@AppProject'
[16:28:35 INF] () Using the following options for SQL Server job storage: Queue poll interval: 00:00:00.
[16:28:35 INF] () Using the following options for Hangfire Server:
    Worker count: 20
    Listening queues: 'default'
    Shutdown timeout: 00:00:15
    Schedule polling interval: 00:00:15
[16:28:35 INF] () Application started. Press Ctrl+C to shut down.
[16:28:35 INF] () Hosting environment: Development
[16:28:35 INF] () Content root path: C:\Course\dotnet-template\AppProject.Core.API
[16:28:35 INF] () Server desktop-0fm4m6s:30204:1545a10e successfully announced in 59.8792 ms
[16:28:35 INF] () Server desktop-0fm4m6s:30204:1545a10e is starting the registered dispatchers: ServerWatchdog, ServerJobCancellationWatcher, SqlServerHeartbeatProcess, ExpirationManager, CountersAggregator, Worker, DelayedJobScheduler, RecurringJobScheduler...
[16:28:35 INF] () 1 servers were removed due to timeout
[16:28:35 INF] () Server desktop-0fm4m6s:30204:1545a10e all the dispatchers started
[16:29:27 INF] () Request starting HTTP/2 OPTIONS https://localhost:7121/api/auth/Permission/GetCurrentUserPermissions - null null
[16:29:27 INF] () CORS policy execution successful.
[16:29:27 INF] () Request finished HTTP/2 OPTIONS https://localhost:7121/api/auth/Permission/GetCurrentUserPermissions - 204 null null 68.1527ms
[16:29:27 INF] () Request starting HTTP/2 GET https://localhost:7121/api/auth/Permission/GetCurrentUserPermissions - null null
[16:29:27 INF] () CORS policy execution successful.
[16:29:27 INF] (vicente.maria.vm17@gmail.com) Executing endpoint 'AppProject.Core.API.Controllers.Auth.PermissionController.GetCurrentUserPermissionsAsync (AppProject.Core.API)'
[16:29:27 INF] (vicente.maria.vm17@gmail.com) Route matched with {action = "GetCurrentUserPermissions", controller = "Permission"}. Executing controller action with signature System.Threading.Tasks.Task`1[Microsoft.AspNetCore.Mvc.IActionResult] GetCurrentUserPermissionsAsync(AppProject.Models.Auth.PermissionContext, System.Threading.CancellationToken) on controller AppProject.Core.API.Controllers.Auth.PermissionController (AppProject.Core.API).
[16:29:27 INF] () Executed DbCommand (0ms) [Parameters=[], CommandType='"Text"', CommandTimeout='30']
SELECT TOP(1) [u].[Id], [u].[CreatedAt], [u].[CreatedByUserId], [u].[CreatedByUserName], [u].[Email], [u].[IsSystemAdmin], [u].[Name], [u].[RowVersion], [u].[UpdatedAt], [u].[UpdatedByUserId], [u].[UpdatedByUserName]
FROM [Users] AS [u]
WHERE [u].[IsSystemAdmin] = CAST(1 AS bit)
[16:29:28 INF] (vicente.maria.vm17@gmail.com) Executing OkObjectResult, writing value of type 'AppProject.Models.Auth.PermissionType[]'.
[16:29:28 INF] (vicente.maria.vm17@gmail.com) Executed action AppProject.Core.API.Controllers.Auth.PermissionController.GetCurrentUserPermissionsAsync (AppProject.Core.API) in 177.6229ms
[16:29:28 INF] (vicente.maria.vm17@gmail.com) Executed endpoint 'AppProject.Core.API.Controllers.Auth.PermissionController.GetCurrentUserPermissionsAsync (AppProject.Core.API)'
[16:29:28 INF] () Request finished HTTP/2 GET https://localhost:7121/api/auth/Permission/GetCurrentUserPermissions - 200 null application/json; charset=utf-8 943.1817ms
[16:29:38 INF] () Request starting HTTP/2 OPTIONS https://localhost:7121/api/general/StateSummary/GetSummaries?Take=100 - null null
[16:29:38 INF] () CORS policy execution successful.
[16:29:38 INF] () Request finished HTTP/2 OPTIONS https://localhost:7121/api/general/StateSummary/GetSummaries?Take=100 - 204 null null 9.5647ms
[16:29:38 INF] () Request starting HTTP/2 GET https://localhost:7121/api/general/StateSummary/GetSummaries?Take=100 - null null
[16:29:38 INF] () CORS policy execution successful.
[16:29:38 INF] (vicente.maria.vm17@gmail.com) Executing endpoint 'AppProject.Core.Controllers.General.StateSummaryController.GetSummariesAsync (AppProject.Core.Controllers.General)'
[16:29:38 INF] (vicente.maria.vm17@gmail.com) Route matched with {action = "GetSummaries", controller = "StateSummary"}. Executing controller action with signature System.Threading.Tasks.Task`1[Microsoft.AspNetCore.Mvc.IActionResult] GetSummariesAsync(AppProject.Core.Models.General.StateSummarySearchRequest, System.Threading.CancellationToken) on controller AppProject.Core.Controllers.General.StateSummaryController (AppProject.Core.Controllers.General).
[16:29:39 INF] (vicente.maria.vm17@gmail.com) Executed DbCommand (6ms) [Parameters=[@__p_0='?' (DbType = Int32)], CommandType='"Text"', CommandTimeout='30']
SELECT [s0].[Id], [s0].[Name], [c].[Name] AS [CountryName], [s0].[CountryId]
FROM (
    SELECT TOP(@__p_0) [s].[Id], [s].[CountryId], [s].[Name]
    FROM [States] AS [s]
    ORDER BY [s].[Name]
) AS [s0]
INNER JOIN [Countries] AS [c] ON [s0].[CountryId] = [c].[Id]
ORDER BY [s0].[Name]
[16:29:39 INF] (vicente.maria.vm17@gmail.com) Executing OkObjectResult, writing value of type 'AppProject.Models.SummariesResponse`1[[AppProject.Core.Models.General.StateSummary, AppProject.Core.Models, Version=1.0.0.0, Culture=neutral, PublicKeyToken=null]]'.
[16:29:39 INF] (vicente.maria.vm17@gmail.com) Executed action AppProject.Core.Controllers.General.StateSummaryController.GetSummariesAsync (AppProject.Core.Controllers.General) in 186.8878ms
[16:29:39 INF] (vicente.maria.vm17@gmail.com) Executed endpoint 'AppProject.Core.Controllers.General.StateSummaryController.GetSummariesAsync (AppProject.Core.Controllers.General)'
[16:29:39 INF] () Request finished HTTP/2 GET https://localhost:7121/api/general/StateSummary/GetSummaries?Take=100 - 200 null application/json; charset=utf-8 217.5954ms
[16:31:12 INF] () Request starting HTTP/2 OPTIONS https://localhost:7121/api/general/CitySummary/GetSummaries?Take=100 - null null
[16:31:12 INF] () CORS policy execution successful.
[16:31:12 INF] () Request finished HTTP/2 OPTIONS https://localhost:7121/api/general/CitySummary/GetSummaries?Take=100 - 204 null null 3.6668ms
[16:31:12 INF] () Request starting HTTP/2 GET https://localhost:7121/api/general/CitySummary/GetSummaries?Take=100 - null null
[16:31:12 INF] () CORS policy execution successful.
[16:31:12 INF] (vicente.maria.vm17@gmail.com) Executing endpoint 'AppProject.Core.Controllers.General.CitySummaryController.GetSummariesAsync (AppProject.Core.Controllers.General)'
[16:31:12 INF] (vicente.maria.vm17@gmail.com) Route matched with {action = "GetSummaries", controller = "CitySummary"}. Executing controller action with signature System.Threading.Tasks.Task`1[Microsoft.AspNetCore.Mvc.IActionResult] GetSummariesAsync(AppProject.Core.Models.General.CitySummarySearchRequest, System.Threading.CancellationToken) on controller AppProject.Core.Controllers.General.CitySummaryController (AppProject.Core.Controllers.General).
[16:31:12 INF] (vicente.maria.vm17@gmail.com) Executed DbCommand (5ms) [Parameters=[@__p_0='?' (DbType = Int32)], CommandType='"Text"', CommandTimeout='30']
SELECT [c0].[Id], [c0].[Name], [s].[Name] AS [StateName], [c0].[StateId], [c1].[Name] AS [CountryName], [s].[CountryId]
FROM (
    SELECT TOP(@__p_0) [c].[Id], [c].[Name], [c].[StateId]
    FROM [Cities] AS [c]
    ORDER BY [c].[Name]
) AS [c0]
INNER JOIN [States] AS [s] ON [c0].[StateId] = [s].[Id]
INNER JOIN [Countries] AS [c1] ON [s].[CountryId] = [c1].[Id]
ORDER BY [c0].[Name]
[16:31:12 INF] (vicente.maria.vm17@gmail.com) Executing OkObjectResult, writing value of type 'AppProject.Models.SummariesResponse`1[[AppProject.Core.Models.General.CitySummary, AppProject.Core.Models, Version=1.0.0.0, Culture=neutral, PublicKeyToken=null]]'.
[16:31:12 INF] (vicente.maria.vm17@gmail.com) Executed action AppProject.Core.Controllers.General.CitySummaryController.GetSummariesAsync (AppProject.Core.Controllers.General) in 26.5046ms
[16:31:12 INF] (vicente.maria.vm17@gmail.com) Executed endpoint 'AppProject.Core.Controllers.General.CitySummaryController.GetSummariesAsync (AppProject.Core.Controllers.General)'
[16:31:12 INF] () Request finished HTTP/2 GET https://localhost:7121/api/general/CitySummary/GetSummaries?Take=100 - 200 null application/json; charset=utf-8 44.0939ms
[16:32:29 INF] () Request starting HTTP/2 OPTIONS https://localhost:7121/api/general/CitySummary/GetSummaries?Take=10 - null null
[16:32:29 INF] () CORS policy execution successful.
[16:32:29 INF] () Request finished HTTP/2 OPTIONS https://localhost:7121/api/general/CitySummary/GetSummaries?Take=10 - 204 null null 3.1451ms
[16:32:29 INF] () Request starting HTTP/2 GET https://localhost:7121/api/general/CitySummary/GetSummaries?Take=10 - null null
[16:32:29 INF] () CORS policy execution successful.
[16:32:29 INF] (vicente.maria.vm17@gmail.com) Executing endpoint 'AppProject.Core.Controllers.General.CitySummaryController.GetSummariesAsync (AppProject.Core.Controllers.General)'
[16:32:29 INF] (vicente.maria.vm17@gmail.com) Route matched with {action = "GetSummaries", controller = "CitySummary"}. Executing controller action with signature System.Threading.Tasks.Task`1[Microsoft.AspNetCore.Mvc.IActionResult] GetSummariesAsync(AppProject.Core.Models.General.CitySummarySearchRequest, System.Threading.CancellationToken) on controller AppProject.Core.Controllers.General.CitySummaryController (AppProject.Core.Controllers.General).
[16:32:29 INF] (vicente.maria.vm17@gmail.com) Executed DbCommand (3ms) [Parameters=[@__p_0='?' (DbType = Int32)], CommandType='"Text"', CommandTimeout='30']
SELECT [c0].[Id], [c0].[Name], [s].[Name] AS [StateName], [c0].[StateId], [c1].[Name] AS [CountryName], [s].[CountryId]
FROM (
    SELECT TOP(@__p_0) [c].[Id], [c].[Name], [c].[StateId]
    FROM [Cities] AS [c]
    ORDER BY [c].[Name]
) AS [c0]
INNER JOIN [States] AS [s] ON [c0].[StateId] = [s].[Id]
INNER JOIN [Countries] AS [c1] ON [s].[CountryId] = [c1].[Id]
ORDER BY [c0].[Name]
[16:32:29 INF] (vicente.maria.vm17@gmail.com) Executing OkObjectResult, writing value of type 'AppProject.Models.SummariesResponse`1[[AppProject.Core.Models.General.CitySummary, AppProject.Core.Models, Version=1.0.0.0, Culture=neutral, PublicKeyToken=null]]'.
[16:32:29 INF] (vicente.maria.vm17@gmail.com) Executed action AppProject.Core.Controllers.General.CitySummaryController.GetSummariesAsync (AppProject.Core.Controllers.General) in 8.2906ms
[16:32:29 INF] (vicente.maria.vm17@gmail.com) Executed endpoint 'AppProject.Core.Controllers.General.CitySummaryController.GetSummariesAsync (AppProject.Core.Controllers.General)'
[16:32:29 INF] () Request finished HTTP/2 GET https://localhost:7121/api/general/CitySummary/GetSummaries?Take=10 - 200 null application/json; charset=utf-8 18.1878ms
[16:32:40 INF] () Request starting HTTP/2 OPTIONS https://localhost:7121/api/general/StateSummary/GetSummaries?Take=100 - null null
[16:32:40 INF] () CORS policy execution successful.
[16:32:40 INF] () Request finished HTTP/2 OPTIONS https://localhost:7121/api/general/StateSummary/GetSummaries?Take=100 - 204 null null 4.3362ms
[16:32:40 INF] () Request starting HTTP/2 OPTIONS https://localhost:7121/api/auth/Permission/GetCurrentUserPermissions - null null
[16:32:40 INF] () CORS policy execution successful.
[16:32:40 INF] () Request finished HTTP/2 OPTIONS https://localhost:7121/api/auth/Permission/GetCurrentUserPermissions - 204 null null 25.4474ms
[16:32:40 INF] () Request starting HTTP/2 GET https://localhost:7121/api/general/StateSummary/GetSummaries?Take=100 - null null
[16:32:40 INF] () Request starting HTTP/2 GET https://localhost:7121/api/auth/Permission/GetCurrentUserPermissions - null null
[16:32:40 INF] () CORS policy execution successful.
[16:32:40 INF] () CORS policy execution successful.
[16:32:40 INF] (vicente.maria.vm17@gmail.com) Executing endpoint 'AppProject.Core.Controllers.General.StateSummaryController.GetSummariesAsync (AppProject.Core.Controllers.General)'
[16:32:40 INF] (vicente.maria.vm17@gmail.com) Executing endpoint 'AppProject.Core.API.Controllers.Auth.PermissionController.GetCurrentUserPermissionsAsync (AppProject.Core.API)'
[16:32:40 INF] (vicente.maria.vm17@gmail.com) Route matched with {action = "GetSummaries", controller = "StateSummary"}. Executing controller action with signature System.Threading.Tasks.Task`1[Microsoft.AspNetCore.Mvc.IActionResult] GetSummariesAsync(AppProject.Core.Models.General.StateSummarySearchRequest, System.Threading.CancellationToken) on controller AppProject.Core.Controllers.General.StateSummaryController (AppProject.Core.Controllers.General).
[16:32:40 INF] (vicente.maria.vm17@gmail.com) Route matched with {action = "GetCurrentUserPermissions", controller = "Permission"}. Executing controller action with signature System.Threading.Tasks.Task`1[Microsoft.AspNetCore.Mvc.IActionResult] GetCurrentUserPermissionsAsync(AppProject.Models.Auth.PermissionContext, System.Threading.CancellationToken) on controller AppProject.Core.API.Controllers.Auth.PermissionController (AppProject.Core.API).
[16:32:40 INF] (vicente.maria.vm17@gmail.com) Executing OkObjectResult, writing value of type 'AppProject.Models.Auth.PermissionType[]'.
[16:32:40 INF] (vicente.maria.vm17@gmail.com) Executed action AppProject.Core.API.Controllers.Auth.PermissionController.GetCurrentUserPermissionsAsync (AppProject.Core.API) in 29.4671ms
[16:32:40 INF] (vicente.maria.vm17@gmail.com) Executed endpoint 'AppProject.Core.API.Controllers.Auth.PermissionController.GetCurrentUserPermissionsAsync (AppProject.Core.API)'
[16:32:40 INF] () Request finished HTTP/2 GET https://localhost:7121/api/auth/Permission/GetCurrentUserPermissions - 200 null application/json; charset=utf-8 170.7995ms
[16:32:40 INF] (vicente.maria.vm17@gmail.com) Executed DbCommand (37ms) [Parameters=[@__p_0='?' (DbType = Int32)], CommandType='"Text"', CommandTimeout='30']
SELECT [s0].[Id], [s0].[Name], [c].[Name] AS [CountryName], [s0].[CountryId]
FROM (
    SELECT TOP(@__p_0) [s].[Id], [s].[CountryId], [s].[Name]
    FROM [States] AS [s]
    ORDER BY [s].[Name]
) AS [s0]
INNER JOIN [Countries] AS [c] ON [s0].[CountryId] = [c].[Id]
ORDER BY [s0].[Name]
[16:32:40 INF] (vicente.maria.vm17@gmail.com) Executing OkObjectResult, writing value of type 'AppProject.Models.SummariesResponse`1[[AppProject.Core.Models.General.StateSummary, AppProject.Core.Models, Version=1.0.0.0, Culture=neutral, PublicKeyToken=null]]'.
[16:32:40 INF] (vicente.maria.vm17@gmail.com) Executed action AppProject.Core.Controllers.General.StateSummaryController.GetSummariesAsync (AppProject.Core.Controllers.General) in 74.8492ms
[16:32:40 INF] (vicente.maria.vm17@gmail.com) Executed endpoint 'AppProject.Core.Controllers.General.StateSummaryController.GetSummariesAsync (AppProject.Core.Controllers.General)'
[16:32:40 INF] () Request finished HTTP/2 GET https://localhost:7121/api/general/StateSummary/GetSummaries?Take=100 - 200 null application/json; charset=utf-8 239.7007ms
[16:32:55 INF] () Request starting HTTP/2 OPTIONS https://localhost:7121/api/general/StateSummary/GetSummaries?Take=100&SearchText=mmk - null null
[16:32:55 INF] () CORS policy execution successful.
[16:32:55 INF] () Request finished HTTP/2 OPTIONS https://localhost:7121/api/general/StateSummary/GetSummaries?Take=100&SearchText=mmk - 204 null null 6.7179ms
[16:32:55 INF] () Request starting HTTP/2 GET https://localhost:7121/api/general/StateSummary/GetSummaries?Take=100&SearchText=mmk - null null
[16:32:55 INF] () CORS policy execution successful.
[16:32:55 INF] (vicente.maria.vm17@gmail.com) Executing endpoint 'AppProject.Core.Controllers.General.StateSummaryController.GetSummariesAsync (AppProject.Core.Controllers.General)'
[16:32:55 INF] (vicente.maria.vm17@gmail.com) Route matched with {action = "GetSummaries", controller = "StateSummary"}. Executing controller action with signature System.Threading.Tasks.Task`1[Microsoft.AspNetCore.Mvc.IActionResult] GetSummariesAsync(AppProject.Core.Models.General.StateSummarySearchRequest, System.Threading.CancellationToken) on controller AppProject.Core.Controllers.General.StateSummaryController (AppProject.Core.Controllers.General).
[16:32:55 INF] (vicente.maria.vm17@gmail.com) Executed DbCommand (8ms) [Parameters=[@__p_1='?' (DbType = Int32), @__searchText_0_contains='?' (Size = 36) (DbType = AnsiString), @__searchText_0_contains_1='?' (Size = 200)], CommandType='"Text"', CommandTimeout='30']
SELECT [s0].[Id], [s0].[Name], [c].[Name] AS [CountryName], [s0].[CountryId]
FROM (
    SELECT TOP(@__p_1) [s].[Id], [s].[CountryId], [s].[Name]
    FROM [States] AS [s]
    WHERE CONVERT(varchar(36), [s].[Id]) LIKE @__searchText_0_contains ESCAPE '\' OR [s].[Name] LIKE @__searchText_0_contains_1 ESCAPE N'\' OR COALESCE([s].[Code], N'') LIKE @__searchText_0_contains_1 ESCAPE N'\'
    ORDER BY [s].[Name]
) AS [s0]
INNER JOIN [Countries] AS [c] ON [s0].[CountryId] = [c].[Id]
ORDER BY [s0].[Name]
[16:32:55 INF] (vicente.maria.vm17@gmail.com) Executing OkObjectResult, writing value of type 'AppProject.Models.SummariesResponse`1[[AppProject.Core.Models.General.StateSummary, AppProject.Core.Models, Version=1.0.0.0, Culture=neutral, PublicKeyToken=null]]'.
[16:32:55 INF] (vicente.maria.vm17@gmail.com) Executed action AppProject.Core.Controllers.General.StateSummaryController.GetSummariesAsync (AppProject.Core.Controllers.General) in 59.5792ms
[16:32:55 INF] (vicente.maria.vm17@gmail.com) Executed endpoint 'AppProject.Core.Controllers.General.StateSummaryController.GetSummariesAsync (AppProject.Core.Controllers.General)'
[16:32:55 INF] () Request finished HTTP/2 GET https://localhost:7121/api/general/StateSummary/GetSummaries?Take=100&SearchText=mmk - 200 null application/json; charset=utf-8 76.8085ms
[16:33:01 INF] () Request starting HTTP/2 OPTIONS https://localhost:7121/api/general/StateSummary/GetSummaries?Take=100&SearchText=bo - null null
[16:33:01 INF] () CORS policy execution successful.
[16:33:01 INF] () Request finished HTTP/2 OPTIONS https://localhost:7121/api/general/StateSummary/GetSummaries?Take=100&SearchText=bo - 204 null null 7.2607ms
[16:33:01 INF] () Request starting HTTP/2 GET https://localhost:7121/api/general/StateSummary/GetSummaries?Take=100&SearchText=bo - null null
[16:33:01 INF] () CORS policy execution successful.
[16:33:01 INF] (vicente.maria.vm17@gmail.com) Executing endpoint 'AppProject.Core.Controllers.General.StateSummaryController.GetSummariesAsync (AppProject.Core.Controllers.General)'
[16:33:01 INF] (vicente.maria.vm17@gmail.com) Route matched with {action = "GetSummaries", controller = "StateSummary"}. Executing controller action with signature System.Threading.Tasks.Task`1[Microsoft.AspNetCore.Mvc.IActionResult] GetSummariesAsync(AppProject.Core.Models.General.StateSummarySearchRequest, System.Threading.CancellationToken) on controller AppProject.Core.Controllers.General.StateSummaryController (AppProject.Core.Controllers.General).
[16:33:01 INF] (vicente.maria.vm17@gmail.com) Executed DbCommand (0ms) [Parameters=[@__p_1='?' (DbType = Int32), @__searchText_0_contains='?' (Size = 36) (DbType = AnsiString), @__searchText_0_contains_1='?' (Size = 200)], CommandType='"Text"', CommandTimeout='30']
SELECT [s0].[Id], [s0].[Name], [c].[Name] AS [CountryName], [s0].[CountryId]
FROM (
    SELECT TOP(@__p_1) [s].[Id], [s].[CountryId], [s].[Name]
    FROM [States] AS [s]
    WHERE CONVERT(varchar(36), [s].[Id]) LIKE @__searchText_0_contains ESCAPE '\' OR [s].[Name] LIKE @__searchText_0_contains_1 ESCAPE N'\' OR COALESCE([s].[Code], N'') LIKE @__searchText_0_contains_1 ESCAPE N'\'
    ORDER BY [s].[Name]
) AS [s0]
INNER JOIN [Countries] AS [c] ON [s0].[CountryId] = [c].[Id]
ORDER BY [s0].[Name]
[16:33:01 INF] (vicente.maria.vm17@gmail.com) Executing OkObjectResult, writing value of type 'AppProject.Models.SummariesResponse`1[[AppProject.Core.Models.General.StateSummary, AppProject.Core.Models, Version=1.0.0.0, Culture=neutral, PublicKeyToken=null]]'.
[16:33:01 INF] (vicente.maria.vm17@gmail.com) Executed action AppProject.Core.Controllers.General.StateSummaryController.GetSummariesAsync (AppProject.Core.Controllers.General) in 9.5822ms
[16:33:01 INF] (vicente.maria.vm17@gmail.com) Executed endpoint 'AppProject.Core.Controllers.General.StateSummaryController.GetSummariesAsync (AppProject.Core.Controllers.General)'
[16:33:01 INF] () Request finished HTTP/2 GET https://localhost:7121/api/general/StateSummary/GetSummaries?Take=100&SearchText=bo - 200 null application/json; charset=utf-8 35.2031ms
[16:33:01 INF] () Request starting HTTP/2 OPTIONS https://localhost:7121/api/general/StateSummary/GetSummaries?Take=100&SearchText=bol - null null
[16:33:01 INF] () CORS policy execution successful.
[16:33:01 INF] () Request finished HTTP/2 OPTIONS https://localhost:7121/api/general/StateSummary/GetSummaries?Take=100&SearchText=bol - 204 null null 7.7005ms
[16:33:01 INF] () Request starting HTTP/2 GET https://localhost:7121/api/general/StateSummary/GetSummaries?Take=100&SearchText=bol - null null
[16:33:01 INF] () CORS policy execution successful.
[16:33:01 INF] (vicente.maria.vm17@gmail.com) Executing endpoint 'AppProject.Core.Controllers.General.StateSummaryController.GetSummariesAsync (AppProject.Core.Controllers.General)'
[16:33:01 INF] (vicente.maria.vm17@gmail.com) Route matched with {action = "GetSummaries", controller = "StateSummary"}. Executing controller action with signature System.Threading.Tasks.Task`1[Microsoft.AspNetCore.Mvc.IActionResult] GetSummariesAsync(AppProject.Core.Models.General.StateSummarySearchRequest, System.Threading.CancellationToken) on controller AppProject.Core.Controllers.General.StateSummaryController (AppProject.Core.Controllers.General).
[16:33:01 INF] (vicente.maria.vm17@gmail.com) Executed DbCommand (2ms) [Parameters=[@__p_1='?' (DbType = Int32), @__searchText_0_contains='?' (Size = 36) (DbType = AnsiString), @__searchText_0_contains_1='?' (Size = 200)], CommandType='"Text"', CommandTimeout='30']
SELECT [s0].[Id], [s0].[Name], [c].[Name] AS [CountryName], [s0].[CountryId]
FROM (
    SELECT TOP(@__p_1) [s].[Id], [s].[CountryId], [s].[Name]
    FROM [States] AS [s]
    WHERE CONVERT(varchar(36), [s].[Id]) LIKE @__searchText_0_contains ESCAPE '\' OR [s].[Name] LIKE @__searchText_0_contains_1 ESCAPE N'\' OR COALESCE([s].[Code], N'') LIKE @__searchText_0_contains_1 ESCAPE N'\'
    ORDER BY [s].[Name]
) AS [s0]
INNER JOIN [Countries] AS [c] ON [s0].[CountryId] = [c].[Id]
ORDER BY [s0].[Name]
[16:33:01 INF] (vicente.maria.vm17@gmail.com) Executing OkObjectResult, writing value of type 'AppProject.Models.SummariesResponse`1[[AppProject.Core.Models.General.StateSummary, AppProject.Core.Models, Version=1.0.0.0, Culture=neutral, PublicKeyToken=null]]'.
[16:33:01 INF] (vicente.maria.vm17@gmail.com) Executed action AppProject.Core.Controllers.General.StateSummaryController.GetSummariesAsync (AppProject.Core.Controllers.General) in 12.9879ms
[16:33:01 INF] (vicente.maria.vm17@gmail.com) Executed endpoint 'AppProject.Core.Controllers.General.StateSummaryController.GetSummariesAsync (AppProject.Core.Controllers.General)'
[16:33:01 INF] () Request finished HTTP/2 GET https://localhost:7121/api/general/StateSummary/GetSummaries?Take=100&SearchText=bol - 200 null application/json; charset=utf-8 38.6029ms
[19:46:21 INF] () Start installing Hangfire SQL objects...
[19:46:22 INF] () Hangfire SQL objects installed.
[19:46:23 INF] () Executed DbCommand (15ms) [Parameters=[], CommandType='"Text"', CommandTimeout='30']
SELECT 1
[19:46:23 INF] () Acquiring an exclusive lock for migration application. See https://aka.ms/efcore-docs-migrations-lock for more information if this takes too long.
[19:46:23 INF] () Executed DbCommand (8ms) [Parameters=[], CommandType='"Text"', CommandTimeout='30']
DECLARE @result int;
EXEC @result = sp_getapplock @Resource = '__EFMigrationsLock', @LockOwner = 'Session', @LockMode = 'Exclusive';
SELECT @result
[19:46:23 INF] () Executed DbCommand (5ms) [Parameters=[], CommandType='"Text"', CommandTimeout='30']
IF OBJECT_ID(N'[__EFMigrationsHistory]') IS NULL
BEGIN
    CREATE TABLE [__EFMigrationsHistory] (
        [MigrationId] nvarchar(150) NOT NULL,
        [ProductVersion] nvarchar(32) NOT NULL,
        CONSTRAINT [PK___EFMigrationsHistory] PRIMARY KEY ([MigrationId])
    );
END;
[19:46:23 INF] () Executed DbCommand (37ms) [Parameters=[], CommandType='"Text"', CommandTimeout='30']
SELECT 1
[19:46:23 INF] () Executed DbCommand (3ms) [Parameters=[], CommandType='"Text"', CommandTimeout='30']
SELECT OBJECT_ID(N'[__EFMigrationsHistory]');
[19:46:23 INF] () Executed DbCommand (4ms) [Parameters=[], CommandType='"Text"', CommandTimeout='30']
SELECT [MigrationId], [ProductVersion]
FROM [__EFMigrationsHistory]
ORDER BY [MigrationId];
[19:46:23 INF] () No migrations were applied. The database is already up to date.
[19:46:23 INF] () Executed DbCommand (1ms) [Parameters=[], CommandType='"Text"', CommandTimeout='30']
DECLARE @result int;
EXEC @result = sp_releaseapplock @Resource = '__EFMigrationsLock', @LockOwner = 'Session';
SELECT @result
[19:46:23 INF] () Executed DbCommand (4ms) [Parameters=[], CommandType='"Text"', CommandTimeout='30']
SELECT TOP(1) [u].[Id], [u].[CreatedAt], [u].[CreatedByUserId], [u].[CreatedByUserName], [u].[Email], [u].[IsSystemAdmin], [u].[Name], [u].[RowVersion], [u].[UpdatedAt], [u].[UpdatedByUserId], [u].[UpdatedByUserName]
FROM [Users] AS [u]
WHERE [u].[IsSystemAdmin] = CAST(1 AS bit)
[19:46:23 INF] () User profile is available. Using 'C:\Users\vicen\AppData\Local\ASP.NET\DataProtection-Keys' as key repository and Windows DPAPI to encrypt keys at rest.
[19:46:24 INF] () Now listening on: https://localhost:7121
[19:46:24 INF] () Starting Hangfire Server using job storage: 'SQL Server: localhost\SQLEXPRESS@AppProject'
[19:46:24 INF] () Using the following options for SQL Server job storage: Queue poll interval: 00:00:00.
[19:46:24 INF] () Using the following options for Hangfire Server:
    Worker count: 20
    Listening queues: 'default'
    Shutdown timeout: 00:00:15
    Schedule polling interval: 00:00:15
[19:46:24 INF] () Application started. Press Ctrl+C to shut down.
[19:46:24 INF] () Hosting environment: Development
[19:46:24 INF] () Content root path: C:\Course\dotnet-template\AppProject.Core.API
[19:46:24 INF] () Server desktop-0fm4m6s:20032:8cdd0016 successfully announced in 19.4793 ms
[19:46:24 INF] () Server desktop-0fm4m6s:20032:8cdd0016 is starting the registered dispatchers: ServerWatchdog, ServerJobCancellationWatcher, SqlServerHeartbeatProcess, ExpirationManager, CountersAggregator, Worker, DelayedJobScheduler, RecurringJobScheduler...
[19:46:24 INF] () 1 servers were removed due to timeout
[19:46:24 INF] () Server desktop-0fm4m6s:20032:8cdd0016 all the dispatchers started
[19:49:53 INF] () Request starting HTTP/2 OPTIONS https://localhost:7121/api/auth/Permission/GetCurrentUserPermissions - null null
[19:49:54 INF] () CORS policy execution successful.
[19:49:54 INF] () Request finished HTTP/2 OPTIONS https://localhost:7121/api/auth/Permission/GetCurrentUserPermissions - 204 null null 77.8121ms
[19:49:54 INF] () Request starting HTTP/2 GET https://localhost:7121/api/auth/Permission/GetCurrentUserPermissions - null null
[19:49:54 INF] () CORS policy execution successful.
[19:49:55 INF] (vicente.maria.vm17@gmail.com) Executing endpoint 'AppProject.Core.API.Controllers.Auth.PermissionController.GetCurrentUserPermissionsAsync (AppProject.Core.API)'
[19:49:55 INF] (vicente.maria.vm17@gmail.com) Route matched with {action = "GetCurrentUserPermissions", controller = "Permission"}. Executing controller action with signature System.Threading.Tasks.Task`1[Microsoft.AspNetCore.Mvc.IActionResult] GetCurrentUserPermissionsAsync(AppProject.Models.Auth.PermissionContext, System.Threading.CancellationToken) on controller AppProject.Core.API.Controllers.Auth.PermissionController (AppProject.Core.API).
[19:49:55 INF] () Executed DbCommand (3ms) [Parameters=[], CommandType='"Text"', CommandTimeout='30']
SELECT TOP(1) [u].[Id], [u].[CreatedAt], [u].[CreatedByUserId], [u].[CreatedByUserName], [u].[Email], [u].[IsSystemAdmin], [u].[Name], [u].[RowVersion], [u].[UpdatedAt], [u].[UpdatedByUserId], [u].[UpdatedByUserName]
FROM [Users] AS [u]
WHERE [u].[IsSystemAdmin] = CAST(1 AS bit)
[19:49:55 INF] (vicente.maria.vm17@gmail.com) Executing OkObjectResult, writing value of type 'AppProject.Models.Auth.PermissionType[]'.
[19:49:55 INF] (vicente.maria.vm17@gmail.com) Executed action AppProject.Core.API.Controllers.Auth.PermissionController.GetCurrentUserPermissionsAsync (AppProject.Core.API) in 162.9474ms
[19:49:55 INF] (vicente.maria.vm17@gmail.com) Executed endpoint 'AppProject.Core.API.Controllers.Auth.PermissionController.GetCurrentUserPermissionsAsync (AppProject.Core.API)'
[19:49:55 INF] () Request finished HTTP/2 GET https://localhost:7121/api/auth/Permission/GetCurrentUserPermissions - 200 null application/json; charset=utf-8 1331.5863ms
[19:50:21 INF] () Request starting HTTP/2 OPTIONS https://localhost:7121/api/general/CountrySummary/GetSummaries?Take=100 - null null
[19:50:21 INF] () CORS policy execution successful.
[19:50:21 INF] () Request finished HTTP/2 OPTIONS https://localhost:7121/api/general/CountrySummary/GetSummaries?Take=100 - 204 null null 57.0016ms
[19:50:22 INF] () Request starting HTTP/2 GET https://localhost:7121/api/general/CountrySummary/GetSummaries?Take=100 - null null
[19:50:22 INF] () CORS policy execution successful.
[19:50:22 INF] (vicente.maria.vm17@gmail.com) Executing endpoint 'AppProject.Core.Controllers.General.CountrySummaryController.GetSummariesAsync (AppProject.Core.Controllers.General)'
[19:50:22 INF] (vicente.maria.vm17@gmail.com) Route matched with {action = "GetSummaries", controller = "CountrySummary"}. Executing controller action with signature System.Threading.Tasks.Task`1[Microsoft.AspNetCore.Mvc.IActionResult] GetSummariesAsync(AppProject.Models.SearchRequest, System.Threading.CancellationToken) on controller AppProject.Core.Controllers.General.CountrySummaryController (AppProject.Core.Controllers.General).
[19:50:22 INF] (vicente.maria.vm17@gmail.com) Executed DbCommand (4ms) [Parameters=[@__p_0='?' (DbType = Int32)], CommandType='"Text"', CommandTimeout='30']
SELECT TOP(@__p_0) [c].[Id], [c].[Name]
FROM [Countries] AS [c]
ORDER BY [c].[Name]
[19:50:22 INF] (vicente.maria.vm17@gmail.com) Executing OkObjectResult, writing value of type 'AppProject.Models.SummariesResponse`1[[AppProject.Core.Models.General.CountrySummary, AppProject.Core.Models, Version=1.0.0.0, Culture=neutral, PublicKeyToken=null]]'.
[19:50:22 INF] (vicente.maria.vm17@gmail.com) Executed action AppProject.Core.Controllers.General.CountrySummaryController.GetSummariesAsync (AppProject.Core.Controllers.General) in 95.875ms
[19:50:22 INF] (vicente.maria.vm17@gmail.com) Executed endpoint 'AppProject.Core.Controllers.General.CountrySummaryController.GetSummariesAsync (AppProject.Core.Controllers.General)'
[19:50:22 INF] () Request finished HTTP/2 GET https://localhost:7121/api/general/CountrySummary/GetSummaries?Take=100 - 200 null application/json; charset=utf-8 126.2464ms
[19:50:30 INF] () Request starting HTTP/2 OPTIONS https://localhost:7121/api/general/StateSummary/GetSummaries?CountryId=0f3370cd-0d7a-4fbc-326b-08dec7d1a13e&Take=100 - null null
[19:50:30 INF] () CORS policy execution successful.
[19:50:30 INF] () Request finished HTTP/2 OPTIONS https://localhost:7121/api/general/StateSummary/GetSummaries?CountryId=0f3370cd-0d7a-4fbc-326b-08dec7d1a13e&Take=100 - 204 null null 39.2335ms
[19:50:30 INF] () Request starting HTTP/2 GET https://localhost:7121/api/general/StateSummary/GetSummaries?CountryId=0f3370cd-0d7a-4fbc-326b-08dec7d1a13e&Take=100 - null null
[19:50:30 INF] () CORS policy execution successful.
[19:50:30 INF] (vicente.maria.vm17@gmail.com) Executing endpoint 'AppProject.Core.Controllers.General.StateSummaryController.GetSummariesAsync (AppProject.Core.Controllers.General)'
[19:50:30 INF] (vicente.maria.vm17@gmail.com) Route matched with {action = "GetSummaries", controller = "StateSummary"}. Executing controller action with signature System.Threading.Tasks.Task`1[Microsoft.AspNetCore.Mvc.IActionResult] GetSummariesAsync(AppProject.Core.Models.General.StateSummarySearchRequest, System.Threading.CancellationToken) on controller AppProject.Core.Controllers.General.StateSummaryController (AppProject.Core.Controllers.General).
[19:50:31 INF] (vicente.maria.vm17@gmail.com) Executed DbCommand (9ms) [Parameters=[@__p_1='?' (DbType = Int32), @__request_CountryId_Value_0='?' (DbType = Guid)], CommandType='"Text"', CommandTimeout='30']
SELECT [s0].[Id], [s0].[Name], [c].[Name] AS [CountryName], [s0].[CountryId]
FROM (
    SELECT TOP(@__p_1) [s].[Id], [s].[CountryId], [s].[Name]
    FROM [States] AS [s]
    WHERE [s].[CountryId] = @__request_CountryId_Value_0
    ORDER BY [s].[Name]
) AS [s0]
INNER JOIN [Countries] AS [c] ON [s0].[CountryId] = [c].[Id]
ORDER BY [s0].[Name]
[19:50:31 INF] (vicente.maria.vm17@gmail.com) Executing OkObjectResult, writing value of type 'AppProject.Models.SummariesResponse`1[[AppProject.Core.Models.General.StateSummary, AppProject.Core.Models, Version=1.0.0.0, Culture=neutral, PublicKeyToken=null]]'.
[19:50:31 INF] (vicente.maria.vm17@gmail.com) Executed action AppProject.Core.Controllers.General.StateSummaryController.GetSummariesAsync (AppProject.Core.Controllers.General) in 135.1523ms
[19:50:31 INF] (vicente.maria.vm17@gmail.com) Executed endpoint 'AppProject.Core.Controllers.General.StateSummaryController.GetSummariesAsync (AppProject.Core.Controllers.General)'
[19:50:31 INF] () Request finished HTTP/2 GET https://localhost:7121/api/general/StateSummary/GetSummaries?CountryId=0f3370cd-0d7a-4fbc-326b-08dec7d1a13e&Take=100 - 200 null application/json; charset=utf-8 164.7936ms
[19:50:36 INF] () Request starting HTTP/2 OPTIONS https://localhost:7121/api/general/CountrySummary/GetSummaries?Take=100 - null null
[19:50:36 INF] () Request starting HTTP/2 OPTIONS https://localhost:7121/api/general/State/Get?Id=144a0763-69b1-406b-c8fb-08deec96ff82 - null null
[19:50:36 INF] () CORS policy execution successful.
[19:50:36 INF] () Request finished HTTP/2 OPTIONS https://localhost:7121/api/general/CountrySummary/GetSummaries?Take=100 - 204 null null 146.7365ms
[19:50:36 INF] () CORS policy execution successful.
[19:50:36 INF] () Request finished HTTP/2 OPTIONS https://localhost:7121/api/general/State/Get?Id=144a0763-69b1-406b-c8fb-08deec96ff82 - 204 null null 59.3516ms
[19:50:36 INF] () Request starting HTTP/2 GET https://localhost:7121/api/general/CountrySummary/GetSummaries?Take=100 - null null
[19:50:36 INF] () CORS policy execution successful.
[19:50:36 INF] () Request starting HTTP/2 GET https://localhost:7121/api/general/State/Get?Id=144a0763-69b1-406b-c8fb-08deec96ff82 - null null
[19:50:36 INF] (vicente.maria.vm17@gmail.com) Executing endpoint 'AppProject.Core.Controllers.General.CountrySummaryController.GetSummariesAsync (AppProject.Core.Controllers.General)'
[19:50:36 INF] (vicente.maria.vm17@gmail.com) Route matched with {action = "GetSummaries", controller = "CountrySummary"}. Executing controller action with signature System.Threading.Tasks.Task`1[Microsoft.AspNetCore.Mvc.IActionResult] GetSummariesAsync(AppProject.Models.SearchRequest, System.Threading.CancellationToken) on controller AppProject.Core.Controllers.General.CountrySummaryController (AppProject.Core.Controllers.General).
[19:50:36 INF] () CORS policy execution successful.
[19:50:36 INF] (vicente.maria.vm17@gmail.com) Executing endpoint 'AppProject.Core.Controllers.General.StateController.GetAsync (AppProject.Core.Controllers.General)'
[19:50:36 INF] (vicente.maria.vm17@gmail.com) Executed DbCommand (4ms) [Parameters=[@__p_0='?' (DbType = Int32)], CommandType='"Text"', CommandTimeout='30']
SELECT TOP(@__p_0) [c].[Id], [c].[Name]
FROM [Countries] AS [c]
ORDER BY [c].[Name]
[19:50:36 INF] (vicente.maria.vm17@gmail.com) Executing OkObjectResult, writing value of type 'AppProject.Models.SummariesResponse`1[[AppProject.Core.Models.General.CountrySummary, AppProject.Core.Models, Version=1.0.0.0, Culture=neutral, PublicKeyToken=null]]'.
[19:50:37 INF] (vicente.maria.vm17@gmail.com) Executed action AppProject.Core.Controllers.General.CountrySummaryController.GetSummariesAsync (AppProject.Core.Controllers.General) in 91.7473ms
[19:50:37 INF] (vicente.maria.vm17@gmail.com) Executed endpoint 'AppProject.Core.Controllers.General.CountrySummaryController.GetSummariesAsync (AppProject.Core.Controllers.General)'
[19:50:37 INF] () Request finished HTTP/2 GET https://localhost:7121/api/general/CountrySummary/GetSummaries?Take=100 - 200 null application/json; charset=utf-8 237.0625ms
[19:50:37 INF] (vicente.maria.vm17@gmail.com) Route matched with {action = "Get", controller = "State"}. Executing controller action with signature System.Threading.Tasks.Task`1[Microsoft.AspNetCore.Mvc.IActionResult] GetAsync(AppProject.Models.GetByIdRequest`1[System.Guid], System.Threading.CancellationToken) on controller AppProject.Core.Controllers.General.StateController (AppProject.Core.Controllers.General).
[19:50:37 INF] (vicente.maria.vm17@gmail.com) Executed DbCommand (2ms) [Parameters=[@__request_Id_0='?' (DbType = Guid)], CommandType='"Text"', CommandTimeout='30']
SELECT [s].[Id], [s].[Name], [s].[Code], [s].[CountryId], [s].[RowVersion]
FROM [States] AS [s]
WHERE [s].[Id] = @__request_Id_0
[19:50:37 INF] (vicente.maria.vm17@gmail.com) Executing OkObjectResult, writing value of type 'AppProject.Models.EntityResponse`1[[AppProject.Core.Models.General.State, AppProject.Core.Models.General, Version=1.0.0.0, Culture=neutral, PublicKeyToken=null]]'.
[19:50:37 INF] (vicente.maria.vm17@gmail.com) Executed action AppProject.Core.Controllers.General.StateController.GetAsync (AppProject.Core.Controllers.General) in 81.2567ms
[19:50:37 INF] (vicente.maria.vm17@gmail.com) Executed endpoint 'AppProject.Core.Controllers.General.StateController.GetAsync (AppProject.Core.Controllers.General)'
[19:50:37 INF] () Request finished HTTP/2 GET https://localhost:7121/api/general/State/Get?Id=144a0763-69b1-406b-c8fb-08deec96ff82 - 200 null application/json; charset=utf-8 333.613ms
[19:50:37 INF] () Request starting HTTP/2 GET https://localhost:7121/api/general/CountrySummary/GetSummaries?Take=100 - null null
[19:50:37 INF] () CORS policy execution successful.
[19:50:37 INF] (vicente.maria.vm17@gmail.com) Executing endpoint 'AppProject.Core.Controllers.General.CountrySummaryController.GetSummariesAsync (AppProject.Core.Controllers.General)'
[19:50:37 INF] (vicente.maria.vm17@gmail.com) Route matched with {action = "GetSummaries", controller = "CountrySummary"}. Executing controller action with signature System.Threading.Tasks.Task`1[Microsoft.AspNetCore.Mvc.IActionResult] GetSummariesAsync(AppProject.Models.SearchRequest, System.Threading.CancellationToken) on controller AppProject.Core.Controllers.General.CountrySummaryController (AppProject.Core.Controllers.General).
[19:50:37 INF] (vicente.maria.vm17@gmail.com) Executed DbCommand (0ms) [Parameters=[@__p_0='?' (DbType = Int32)], CommandType='"Text"', CommandTimeout='30']
SELECT TOP(@__p_0) [c].[Id], [c].[Name]
FROM [Countries] AS [c]
ORDER BY [c].[Name]
[19:50:37 INF] (vicente.maria.vm17@gmail.com) Executing OkObjectResult, writing value of type 'AppProject.Models.SummariesResponse`1[[AppProject.Core.Models.General.CountrySummary, AppProject.Core.Models, Version=1.0.0.0, Culture=neutral, PublicKeyToken=null]]'.
[19:50:37 INF] (vicente.maria.vm17@gmail.com) Executed action AppProject.Core.Controllers.General.CountrySummaryController.GetSummariesAsync (AppProject.Core.Controllers.General) in 8.3556ms
[19:50:37 INF] (vicente.maria.vm17@gmail.com) Executed endpoint 'AppProject.Core.Controllers.General.CountrySummaryController.GetSummariesAsync (AppProject.Core.Controllers.General)'
[19:50:37 INF] () Request finished HTTP/2 GET https://localhost:7121/api/general/CountrySummary/GetSummaries?Take=100 - 200 null application/json; charset=utf-8 21.4517ms
[19:50:48 INF] () Request starting HTTP/2 OPTIONS https://localhost:7121/api/general/State/Put - null null
[19:50:48 INF] () CORS policy execution successful.
[19:50:48 INF] () Request starting HTTP/2 PUT https://localhost:7121/api/general/State/Put - application/json; charset=utf-8 165
[19:50:48 INF] () CORS policy execution successful.
[19:50:48 INF] () Request finished HTTP/2 OPTIONS https://localhost:7121/api/general/State/Put - 204 null null 5.643ms
[19:50:48 INF] (vicente.maria.vm17@gmail.com) Executing endpoint 'AppProject.Core.Controllers.General.StateController.PutAsync (AppProject.Core.Controllers.General)'
[19:50:48 INF] (vicente.maria.vm17@gmail.com) Route matched with {action = "Put", controller = "State"}. Executing controller action with signature System.Threading.Tasks.Task`1[Microsoft.AspNetCore.Mvc.IActionResult] PutAsync(AppProject.Models.CreateOrUpdateRequest`1[AppProject.Core.Models.General.State], System.Threading.CancellationToken) on controller AppProject.Core.Controllers.General.StateController (AppProject.Core.Controllers.General).
[19:50:48 INF] (vicente.maria.vm17@gmail.com) Executed DbCommand (6ms) [Parameters=[@__state_CountryId_0='?' (DbType = Guid), @__state_Name_1='?' (Size = 200), @__state_Id_2='?' (DbType = Guid)], CommandType='"Text"', CommandTimeout='30']
SELECT CASE
    WHEN EXISTS (
        SELECT 1
        FROM [States] AS [s]
        WHERE [s].[CountryId] = @__state_CountryId_0 AND [s].[Name] = @__state_Name_1 AND [s].[Id] <> @__state_Id_2) THEN CAST(1 AS bit)
    ELSE CAST(0 AS bit)
END
[19:50:48 INF] (vicente.maria.vm17@gmail.com) Executed DbCommand (1ms) [Parameters=[@__request_Entity_Id_0='?' (DbType = Guid)], CommandType='"Text"', CommandTimeout='30']
SELECT [s].[Id], [s].[Code], [s].[CountryId], [s].[CreatedAt], [s].[CreatedByUserId], [s].[CreatedByUserName], [s].[Name], [s].[RowVersion], [s].[UpdatedAt], [s].[UpdatedByUserId], [s].[UpdatedByUserName]
FROM [States] AS [s]
WHERE [s].[Id] = @__request_Entity_Id_0
[19:50:49 INF] (vicente.maria.vm17@gmail.com) Executed DbCommand (7ms) [Parameters=[@p9='?' (DbType = Guid), @p0='?' (Size = 200), @p1='?' (DbType = Guid), @p2='?' (DbType = DateTimeOffset), @p3='?' (DbType = Guid), @p4='?' (Size = 255), @p5='?' (Size = 200), @p10='?' (Size = 8) (DbType = Binary), @p6='?' (DbType = DateTimeOffset), @p7='?' (DbType = Guid), @p8='?' (Size = 255)], CommandType='"Text"', CommandTimeout='30']
SET IMPLICIT_TRANSACTIONS OFF;
SET NOCOUNT ON;
UPDATE [States] SET [Code] = @p0, [CountryId] = @p1, [CreatedAt] = @p2, [CreatedByUserId] = @p3, [CreatedByUserName] = @p4, [Name] = @p5, [UpdatedAt] = @p6, [UpdatedByUserId] = @p7, [UpdatedByUserName] = @p8
OUTPUT INSERTED.[RowVersion]
WHERE [Id] = @p9 AND [RowVersion] = @p10;
[19:50:49 INF] (vicente.maria.vm17@gmail.com) Executing OkObjectResult, writing value of type 'AppProject.Models.KeyResponse`1[[System.Guid, System.Private.CoreLib, Version=9.0.0.0, Culture=neutral, PublicKeyToken=7cec85d7bea7798e]]'.
[19:50:49 INF] (vicente.maria.vm17@gmail.com) Executed action AppProject.Core.Controllers.General.StateController.PutAsync (AppProject.Core.Controllers.General) in 286.93ms
[19:50:49 INF] (vicente.maria.vm17@gmail.com) Executed endpoint 'AppProject.Core.Controllers.General.StateController.PutAsync (AppProject.Core.Controllers.General)'
[19:50:49 INF] () Request finished HTTP/2 PUT https://localhost:7121/api/general/State/Put - 200 null application/json; charset=utf-8 390.2091ms
[19:50:49 INF] () Request starting HTTP/2 OPTIONS https://localhost:7121/api/general/StateSummary/GetSummaries?CountryId=0f3370cd-0d7a-4fbc-326b-08dec7d1a13e&Take=100 - null null
[19:50:49 INF] () CORS policy execution successful.
[19:50:49 INF] () Request finished HTTP/2 OPTIONS https://localhost:7121/api/general/StateSummary/GetSummaries?CountryId=0f3370cd-0d7a-4fbc-326b-08dec7d1a13e&Take=100 - 204 null null 3.7317ms
[19:50:49 INF] () Request starting HTTP/2 GET https://localhost:7121/api/general/StateSummary/GetSummaries?CountryId=0f3370cd-0d7a-4fbc-326b-08dec7d1a13e&Take=100 - null null
[19:50:49 INF] () CORS policy execution successful.
[19:50:49 INF] (vicente.maria.vm17@gmail.com) Executing endpoint 'AppProject.Core.Controllers.General.StateSummaryController.GetSummariesAsync (AppProject.Core.Controllers.General)'
[19:50:49 INF] (vicente.maria.vm17@gmail.com) Route matched with {action = "GetSummaries", controller = "StateSummary"}. Executing controller action with signature System.Threading.Tasks.Task`1[Microsoft.AspNetCore.Mvc.IActionResult] GetSummariesAsync(AppProject.Core.Models.General.StateSummarySearchRequest, System.Threading.CancellationToken) on controller AppProject.Core.Controllers.General.StateSummaryController (AppProject.Core.Controllers.General).
[19:50:49 INF] (vicente.maria.vm17@gmail.com) Executed DbCommand (3ms) [Parameters=[@__p_1='?' (DbType = Int32), @__request_CountryId_Value_0='?' (DbType = Guid)], CommandType='"Text"', CommandTimeout='30']
SELECT [s0].[Id], [s0].[Name], [c].[Name] AS [CountryName], [s0].[CountryId]
FROM (
    SELECT TOP(@__p_1) [s].[Id], [s].[CountryId], [s].[Name]
    FROM [States] AS [s]
    WHERE [s].[CountryId] = @__request_CountryId_Value_0
    ORDER BY [s].[Name]
) AS [s0]
INNER JOIN [Countries] AS [c] ON [s0].[CountryId] = [c].[Id]
ORDER BY [s0].[Name]
[19:50:49 INF] (vicente.maria.vm17@gmail.com) Executing OkObjectResult, writing value of type 'AppProject.Models.SummariesResponse`1[[AppProject.Core.Models.General.StateSummary, AppProject.Core.Models, Version=1.0.0.0, Culture=neutral, PublicKeyToken=null]]'.
[19:50:49 INF] (vicente.maria.vm17@gmail.com) Executed action AppProject.Core.Controllers.General.StateSummaryController.GetSummariesAsync (AppProject.Core.Controllers.General) in 8.6794ms
[19:50:49 INF] (vicente.maria.vm17@gmail.com) Executed endpoint 'AppProject.Core.Controllers.General.StateSummaryController.GetSummariesAsync (AppProject.Core.Controllers.General)'
[19:50:49 INF] () Request finished HTTP/2 GET https://localhost:7121/api/general/StateSummary/GetSummaries?CountryId=0f3370cd-0d7a-4fbc-326b-08dec7d1a13e&Take=100 - 200 null application/json; charset=utf-8 21.0565ms
[19:50:57 INF] () Request starting HTTP/2 OPTIONS https://localhost:7121/api/general/State/Delete?Id=144a0763-69b1-406b-c8fb-08deec96ff82 - null null
[19:50:57 INF] () CORS policy execution successful.
[19:50:57 INF] () Request finished HTTP/2 OPTIONS https://localhost:7121/api/general/State/Delete?Id=144a0763-69b1-406b-c8fb-08deec96ff82 - 204 null null 6.1719ms
[19:50:57 INF] () Request starting HTTP/2 DELETE https://localhost:7121/api/general/State/Delete?Id=144a0763-69b1-406b-c8fb-08deec96ff82 - null null
[19:50:57 INF] () CORS policy execution successful.
[19:50:57 INF] (vicente.maria.vm17@gmail.com) Executing endpoint 'AppProject.Core.Controllers.General.StateController.DeleteAsync (AppProject.Core.Controllers.General)'
[19:50:57 INF] (vicente.maria.vm17@gmail.com) Route matched with {action = "Delete", controller = "State"}. Executing controller action with signature System.Threading.Tasks.Task`1[Microsoft.AspNetCore.Mvc.IActionResult] DeleteAsync(AppProject.Models.DeleteRequest`1[System.Guid], System.Threading.CancellationToken) on controller AppProject.Core.Controllers.General.StateController (AppProject.Core.Controllers.General).
[19:50:57 INF] (vicente.maria.vm17@gmail.com) Executed DbCommand (5ms) [Parameters=[@__request_Id_0='?' (DbType = Guid)], CommandType='"Text"', CommandTimeout='30']
SELECT [c].[Id], [c].[Code], [c].[CreatedAt], [c].[CreatedByUserId], [c].[CreatedByUserName], [c].[Name], [c].[RowVersion], [c].[UpdatedAt], [c].[UpdatedByUserId], [c].[UpdatedByUserName]
FROM [Countries] AS [c]
WHERE [c].[Id] = @__request_Id_0
[19:54:33 INF] () Start installing Hangfire SQL objects...
[19:54:33 INF] () Hangfire SQL objects installed.
[19:54:34 INF] () Executed DbCommand (14ms) [Parameters=[], CommandType='"Text"', CommandTimeout='30']
SELECT 1
[19:54:34 INF] () Acquiring an exclusive lock for migration application. See https://aka.ms/efcore-docs-migrations-lock for more information if this takes too long.
[19:54:34 INF] () Executed DbCommand (11ms) [Parameters=[], CommandType='"Text"', CommandTimeout='30']
DECLARE @result int;
EXEC @result = sp_getapplock @Resource = '__EFMigrationsLock', @LockOwner = 'Session', @LockMode = 'Exclusive';
SELECT @result
[19:54:34 INF] () Executed DbCommand (1ms) [Parameters=[], CommandType='"Text"', CommandTimeout='30']
IF OBJECT_ID(N'[__EFMigrationsHistory]') IS NULL
BEGIN
    CREATE TABLE [__EFMigrationsHistory] (
        [MigrationId] nvarchar(150) NOT NULL,
        [ProductVersion] nvarchar(32) NOT NULL,
        CONSTRAINT [PK___EFMigrationsHistory] PRIMARY KEY ([MigrationId])
    );
END;
[19:54:34 INF] () Executed DbCommand (2ms) [Parameters=[], CommandType='"Text"', CommandTimeout='30']
SELECT 1
[19:54:34 INF] () Executed DbCommand (1ms) [Parameters=[], CommandType='"Text"', CommandTimeout='30']
SELECT OBJECT_ID(N'[__EFMigrationsHistory]');
[19:54:34 INF] () Executed DbCommand (5ms) [Parameters=[], CommandType='"Text"', CommandTimeout='30']
SELECT [MigrationId], [ProductVersion]
FROM [__EFMigrationsHistory]
ORDER BY [MigrationId];
[19:54:34 INF] () No migrations were applied. The database is already up to date.
[19:54:34 INF] () Executed DbCommand (1ms) [Parameters=[], CommandType='"Text"', CommandTimeout='30']
DECLARE @result int;
EXEC @result = sp_releaseapplock @Resource = '__EFMigrationsLock', @LockOwner = 'Session';
SELECT @result
[19:54:35 INF] () Executed DbCommand (5ms) [Parameters=[], CommandType='"Text"', CommandTimeout='30']
SELECT TOP(1) [u].[Id], [u].[CreatedAt], [u].[CreatedByUserId], [u].[CreatedByUserName], [u].[Email], [u].[IsSystemAdmin], [u].[Name], [u].[RowVersion], [u].[UpdatedAt], [u].[UpdatedByUserId], [u].[UpdatedByUserName]
FROM [Users] AS [u]
WHERE [u].[IsSystemAdmin] = CAST(1 AS bit)
[19:54:35 INF] () User profile is available. Using 'C:\Users\vicen\AppData\Local\ASP.NET\DataProtection-Keys' as key repository and Windows DPAPI to encrypt keys at rest.
[19:54:35 INF] () Now listening on: https://localhost:7121
[19:54:35 INF] () Starting Hangfire Server using job storage: 'SQL Server: localhost\SQLEXPRESS@AppProject'
[19:54:35 INF] () Using the following options for SQL Server job storage: Queue poll interval: 00:00:00.
[19:54:35 INF] () Using the following options for Hangfire Server:
    Worker count: 20
    Listening queues: 'default'
    Shutdown timeout: 00:00:15
    Schedule polling interval: 00:00:15
[19:54:35 INF] () Application started. Press Ctrl+C to shut down.
[19:54:35 INF] () Hosting environment: Development
[19:54:35 INF] () Content root path: C:\Course\dotnet-template\AppProject.Core.API
[19:54:35 INF] () Server desktop-0fm4m6s:18088:a5f123e4 successfully announced in 18.5949 ms
[19:54:35 INF] () Server desktop-0fm4m6s:18088:a5f123e4 is starting the registered dispatchers: ServerWatchdog, ServerJobCancellationWatcher, SqlServerHeartbeatProcess, ExpirationManager, CountersAggregator, Worker, DelayedJobScheduler, RecurringJobScheduler...
[19:54:35 INF] () Server desktop-0fm4m6s:18088:a5f123e4 all the dispatchers started
[19:55:21 INF] () Request starting HTTP/2 OPTIONS https://localhost:7121/api/auth/Permission/GetCurrentUserPermissions - null null
[19:55:21 INF] () CORS policy execution successful.
[19:55:22 INF] () Request finished HTTP/2 OPTIONS https://localhost:7121/api/auth/Permission/GetCurrentUserPermissions - 204 null null 64.8351ms
[19:55:22 INF] () Request starting HTTP/2 GET https://localhost:7121/api/auth/Permission/GetCurrentUserPermissions - null null
[19:55:22 INF] () CORS policy execution successful.
[19:55:23 INF] (vicente.maria.vm17@gmail.com) Executing endpoint 'AppProject.Core.API.Controllers.Auth.PermissionController.GetCurrentUserPermissionsAsync (AppProject.Core.API)'
[19:55:23 INF] (vicente.maria.vm17@gmail.com) Route matched with {action = "GetCurrentUserPermissions", controller = "Permission"}. Executing controller action with signature System.Threading.Tasks.Task`1[Microsoft.AspNetCore.Mvc.IActionResult] GetCurrentUserPermissionsAsync(AppProject.Models.Auth.PermissionContext, System.Threading.CancellationToken) on controller AppProject.Core.API.Controllers.Auth.PermissionController (AppProject.Core.API).
[19:55:23 INF] () Executed DbCommand (5ms) [Parameters=[], CommandType='"Text"', CommandTimeout='30']
SELECT TOP(1) [u].[Id], [u].[CreatedAt], [u].[CreatedByUserId], [u].[CreatedByUserName], [u].[Email], [u].[IsSystemAdmin], [u].[Name], [u].[RowVersion], [u].[UpdatedAt], [u].[UpdatedByUserId], [u].[UpdatedByUserName]
FROM [Users] AS [u]
WHERE [u].[IsSystemAdmin] = CAST(1 AS bit)
[19:55:23 INF] (vicente.maria.vm17@gmail.com) Executing OkObjectResult, writing value of type 'AppProject.Models.Auth.PermissionType[]'.
[19:55:23 INF] (vicente.maria.vm17@gmail.com) Executed action AppProject.Core.API.Controllers.Auth.PermissionController.GetCurrentUserPermissionsAsync (AppProject.Core.API) in 142.8237ms
[19:55:23 INF] (vicente.maria.vm17@gmail.com) Executed endpoint 'AppProject.Core.API.Controllers.Auth.PermissionController.GetCurrentUserPermissionsAsync (AppProject.Core.API)'
[19:55:23 INF] () Request finished HTTP/2 GET https://localhost:7121/api/auth/Permission/GetCurrentUserPermissions - 200 null application/json; charset=utf-8 1688.1564ms
[19:55:26 INF] () Request starting HTTP/2 OPTIONS https://localhost:7121/api/general/CountrySummary/GetSummaries?Take=100 - null null
[19:55:26 INF] () CORS policy execution successful.
[19:55:26 INF] () Request finished HTTP/2 OPTIONS https://localhost:7121/api/general/CountrySummary/GetSummaries?Take=100 - 204 null null 7.4235ms
[19:55:26 INF] () Request starting HTTP/2 GET https://localhost:7121/api/general/CountrySummary/GetSummaries?Take=100 - null null
[19:55:26 INF] () CORS policy execution successful.
[19:55:26 INF] (vicente.maria.vm17@gmail.com) Executing endpoint 'AppProject.Core.Controllers.General.CountrySummaryController.GetSummariesAsync (AppProject.Core.Controllers.General)'
[19:55:26 INF] (vicente.maria.vm17@gmail.com) Route matched with {action = "GetSummaries", controller = "CountrySummary"}. Executing controller action with signature System.Threading.Tasks.Task`1[Microsoft.AspNetCore.Mvc.IActionResult] GetSummariesAsync(AppProject.Models.SearchRequest, System.Threading.CancellationToken) on controller AppProject.Core.Controllers.General.CountrySummaryController (AppProject.Core.Controllers.General).
[19:55:26 INF] (vicente.maria.vm17@gmail.com) Executed DbCommand (4ms) [Parameters=[@__p_0='?' (DbType = Int32)], CommandType='"Text"', CommandTimeout='30']
SELECT TOP(@__p_0) [c].[Id], [c].[Name]
FROM [Countries] AS [c]
ORDER BY [c].[Name]
[19:55:26 INF] (vicente.maria.vm17@gmail.com) Executing OkObjectResult, writing value of type 'AppProject.Models.SummariesResponse`1[[AppProject.Core.Models.General.CountrySummary, AppProject.Core.Models, Version=1.0.0.0, Culture=neutral, PublicKeyToken=null]]'.
[19:55:26 INF] (vicente.maria.vm17@gmail.com) Executed action AppProject.Core.Controllers.General.CountrySummaryController.GetSummariesAsync (AppProject.Core.Controllers.General) in 85.9394ms
[19:55:26 INF] (vicente.maria.vm17@gmail.com) Executed endpoint 'AppProject.Core.Controllers.General.CountrySummaryController.GetSummariesAsync (AppProject.Core.Controllers.General)'
[19:55:26 INF] () Request finished HTTP/2 GET https://localhost:7121/api/general/CountrySummary/GetSummaries?Take=100 - 200 null application/json; charset=utf-8 116.8726ms
[19:55:28 INF] () Request starting HTTP/2 OPTIONS https://localhost:7121/api/general/StateSummary/GetSummaries?Take=100 - null null
[19:55:28 INF] () CORS policy execution successful.
[19:55:28 INF] () Request finished HTTP/2 OPTIONS https://localhost:7121/api/general/StateSummary/GetSummaries?Take=100 - 204 null null 36.8786ms
[19:55:28 INF] () Request starting HTTP/2 GET https://localhost:7121/api/general/StateSummary/GetSummaries?Take=100 - null null
[19:55:28 INF] () CORS policy execution successful.
[19:55:28 INF] (vicente.maria.vm17@gmail.com) Executing endpoint 'AppProject.Core.Controllers.General.StateSummaryController.GetSummariesAsync (AppProject.Core.Controllers.General)'
[19:55:28 INF] (vicente.maria.vm17@gmail.com) Route matched with {action = "GetSummaries", controller = "StateSummary"}. Executing controller action with signature System.Threading.Tasks.Task`1[Microsoft.AspNetCore.Mvc.IActionResult] GetSummariesAsync(AppProject.Core.Models.General.StateSummarySearchRequest, System.Threading.CancellationToken) on controller AppProject.Core.Controllers.General.StateSummaryController (AppProject.Core.Controllers.General).
[19:55:29 INF] (vicente.maria.vm17@gmail.com) Executed DbCommand (4ms) [Parameters=[@__p_0='?' (DbType = Int32)], CommandType='"Text"', CommandTimeout='30']
SELECT [s0].[Id], [s0].[Name], [c].[Name] AS [CountryName], [s0].[CountryId]
FROM (
    SELECT TOP(@__p_0) [s].[Id], [s].[CountryId], [s].[Name]
    FROM [States] AS [s]
    ORDER BY [s].[Name]
) AS [s0]
INNER JOIN [Countries] AS [c] ON [s0].[CountryId] = [c].[Id]
ORDER BY [s0].[Name]
[19:55:29 INF] (vicente.maria.vm17@gmail.com) Executing OkObjectResult, writing value of type 'AppProject.Models.SummariesResponse`1[[AppProject.Core.Models.General.StateSummary, AppProject.Core.Models, Version=1.0.0.0, Culture=neutral, PublicKeyToken=null]]'.
[19:55:29 INF] (vicente.maria.vm17@gmail.com) Executed action AppProject.Core.Controllers.General.StateSummaryController.GetSummariesAsync (AppProject.Core.Controllers.General) in 101.506ms
[19:55:29 INF] (vicente.maria.vm17@gmail.com) Executed endpoint 'AppProject.Core.Controllers.General.StateSummaryController.GetSummariesAsync (AppProject.Core.Controllers.General)'
[19:55:29 INF] () Request finished HTTP/2 GET https://localhost:7121/api/general/StateSummary/GetSummaries?Take=100 - 200 null application/json; charset=utf-8 246.091ms
[19:55:35 INF] () Request starting HTTP/2 OPTIONS https://localhost:7121/api/general/State/Delete?Id=144a0763-69b1-406b-c8fb-08deec96ff82 - null null
[19:55:35 INF] () CORS policy execution successful.
[19:55:35 INF] () Request finished HTTP/2 OPTIONS https://localhost:7121/api/general/State/Delete?Id=144a0763-69b1-406b-c8fb-08deec96ff82 - 204 null null 8.4704ms
[19:55:35 INF] () Request starting HTTP/2 DELETE https://localhost:7121/api/general/State/Delete?Id=144a0763-69b1-406b-c8fb-08deec96ff82 - null null
[19:55:35 INF] () CORS policy execution successful.
[19:55:35 INF] (vicente.maria.vm17@gmail.com) Executing endpoint 'AppProject.Core.Controllers.General.StateController.DeleteAsync (AppProject.Core.Controllers.General)'
[19:55:35 INF] (vicente.maria.vm17@gmail.com) Route matched with {action = "Delete", controller = "State"}. Executing controller action with signature System.Threading.Tasks.Task`1[Microsoft.AspNetCore.Mvc.IActionResult] DeleteAsync(AppProject.Models.DeleteRequest`1[System.Guid], System.Threading.CancellationToken) on controller AppProject.Core.Controllers.General.StateController (AppProject.Core.Controllers.General).
[19:59:53 INF] () 1 servers were removed due to timeout
[20:00:38 ERR] (vicente.maria.vm17@gmail.com) An error occurred using the connection to database 'AppProject' on server 'localhost\SQLEXPRESS'.
[20:01:13 INF] (vicente.maria.vm17@gmail.com) Executed action AppProject.Core.Controllers.General.StateController.DeleteAsync (AppProject.Core.Controllers.General) in 337586.775ms
[20:01:13 INF] (vicente.maria.vm17@gmail.com) Executed endpoint 'AppProject.Core.Controllers.General.StateController.DeleteAsync (AppProject.Core.Controllers.General)'
[20:01:25 ERR] () System.Threading.Tasks.TaskCanceledException: A task was canceled.
   at Microsoft.EntityFrameworkCore.Storage.RelationalConnection.OpenInternalAsync(Boolean errorsExpected, CancellationToken cancellationToken)
   at Microsoft.EntityFrameworkCore.Storage.RelationalConnection.OpenInternalAsync(Boolean errorsExpected, CancellationToken cancellationToken)
   at Microsoft.EntityFrameworkCore.Storage.RelationalConnection.OpenAsync(CancellationToken cancellationToken, Boolean errorsExpected)
   at Microsoft.EntityFrameworkCore.Storage.RelationalCommand.ExecuteReaderAsync(RelationalCommandParameterObject parameterObject, CancellationToken cancellationToken)
   at Microsoft.EntityFrameworkCore.Query.Internal.SplitQueryingEnumerable`1.AsyncEnumerator.InitializeReaderAsync(AsyncEnumerator enumerator, CancellationToken cancellationToken)
   at Microsoft.EntityFrameworkCore.SqlServer.Storage.Internal.SqlServerExecutionStrategy.ExecuteAsync[TState,TResult](TState state, Func`4 operation, Func`4 verifySucceeded, CancellationToken cancellationToken)
   at Microsoft.EntityFrameworkCore.Query.Internal.SplitQueryingEnumerable`1.AsyncEnumerator.MoveNextAsync()
   at Microsoft.EntityFrameworkCore.EntityFrameworkQueryableExtensions.ToListAsync[TSource](IQueryable`1 source, CancellationToken cancellationToken)
   at Microsoft.EntityFrameworkCore.EntityFrameworkQueryableExtensions.ToListAsync[TSource](IQueryable`1 source, CancellationToken cancellationToken)
   at AppProject.Core.Infraestructure.Database.DatabaseRepository.GetByConditionAsync[TEntity](Func`2 queryable, CancellationToken cancellationToken) in C:\Course\dotnet-template\AppProject.Core.Infraestructure.Database\DatabaseRepository.cs:line 101
   at AppProject.Core.Infraestructure.Database.DatabaseRepository.GetFirstOrDefaultAsync[TEntity](Func`2 queryable, CancellationToken cancellationToken) in C:\Course\dotnet-template\AppProject.Core.Infraestructure.Database\DatabaseRepository.cs:line 115
   at AppProject.Core.Services.General.StateService.DeleteEntityAsync(DeleteRequest`1 request, CancellationToken cancellationToken) in C:\Course\dotnet-template\AppProject.Core.Services.General\StateService.cs:line 78
   at AppProject.Core.Controllers.General.StateController.DeleteAsync(DeleteRequest`1 request, CancellationToken cancellationToken) in C:\Course\dotnet-template\AppProject.Core.Controllers.General\StateController.cs:line 37
   at Microsoft.AspNetCore.Mvc.Infrastructure.ActionMethodExecutor.TaskOfIActionResultExecutor.Execute(ActionContext actionContext, IActionResultTypeMapper mapper, ObjectMethodExecutor executor, Object controller, Object[] arguments)
   at Microsoft.AspNetCore.Mvc.Infrastructure.ControllerActionInvoker.<InvokeActionMethodAsync>g__Awaited|12_0(ControllerActionInvoker invoker, ValueTask`1 actionResultValueTask)
   at Microsoft.AspNetCore.Mvc.Infrastructure.ControllerActionInvoker.<InvokeNextActionFilterAsync>g__Awaited|10_0(ControllerActionInvoker invoker, Task lastTask, State next, Scope scope, Object state, Boolean isCompleted)
   at Microsoft.AspNetCore.Mvc.Infrastructure.ControllerActionInvoker.Rethrow(ActionExecutedContextSealed context)
   at Microsoft.AspNetCore.Mvc.Infrastructure.ControllerActionInvoker.Next(State& next, Scope& scope, Object& state, Boolean& isCompleted)
   at Microsoft.AspNetCore.Mvc.Infrastructure.ControllerActionInvoker.InvokeInnerFilterAsync()
--- End of stack trace from previous location ---
   at Microsoft.AspNetCore.Mvc.Infrastructure.ResourceInvoker.<InvokeFilterPipelineAsync>g__Awaited|20_0(ResourceInvoker invoker, Task lastTask, State next, Scope scope, Object state, Boolean isCompleted)
   at Microsoft.AspNetCore.Mvc.Infrastructure.ResourceInvoker.<InvokeAsync>g__Logged|17_1(ResourceInvoker invoker)
   at Microsoft.AspNetCore.Mvc.Infrastructure.ResourceInvoker.<InvokeAsync>g__Logged|17_1(ResourceInvoker invoker)
   at Microsoft.AspNetCore.Routing.EndpointMiddleware.<Invoke>g__AwaitRequestTask|7_0(Endpoint endpoint, Task requestTask, ILogger logger)
   at AppProject.Core.API.Middlewares.SerilogUserEnricherMiddleware.Invoke(HttpContext context) in C:\Course\dotnet-template\AppProject.Core.API\Middlewares\SerilogUserEnricherMiddleware.cs:line 17
   at Microsoft.AspNetCore.Authorization.AuthorizationMiddleware.Invoke(HttpContext context)
   at Microsoft.AspNetCore.Authentication.AuthenticationMiddleware.Invoke(HttpContext context)
   at Microsoft.AspNetCore.RateLimiting.RateLimitingMiddleware.InvokeInternal(HttpContext context, EnableRateLimitingAttribute enableRateLimitingAttribute)
   at AppProject.Core.API.Middlewares.ExceptionMiddleware.InvokeAsync(HttpContext context) in C:\Course\dotnet-template\AppProject.Core.API\Middlewares\ExceptionMiddleware.cs:line 23
[20:01:33 INF] () Request finished HTTP/2 DELETE https://localhost:7121/api/general/State/Delete?Id=144a0763-69b1-406b-c8fb-08deec96ff82 - 500 null application/json 358064.3349ms
[20:01:40 INF] () Request starting HTTP/2 OPTIONS https://localhost:7121/api/general/StateSummary/GetSummaries?Take=100 - null null
[20:01:40 INF] () CORS policy execution successful.
[20:01:41 INF] () Request finished HTTP/2 OPTIONS https://localhost:7121/api/general/StateSummary/GetSummaries?Take=100 - 204 null null 43.8543ms
[20:01:41 INF] () Request starting HTTP/2 GET https://localhost:7121/api/general/StateSummary/GetSummaries?Take=100 - null null
[20:01:41 INF] () CORS policy execution successful.
[20:01:41 INF] (vicente.maria.vm17@gmail.com) Executing endpoint 'AppProject.Core.Controllers.General.StateSummaryController.GetSummariesAsync (AppProject.Core.Controllers.General)'
[20:01:41 INF] (vicente.maria.vm17@gmail.com) Route matched with {action = "GetSummaries", controller = "StateSummary"}. Executing controller action with signature System.Threading.Tasks.Task`1[Microsoft.AspNetCore.Mvc.IActionResult] GetSummariesAsync(AppProject.Core.Models.General.StateSummarySearchRequest, System.Threading.CancellationToken) on controller AppProject.Core.Controllers.General.StateSummaryController (AppProject.Core.Controllers.General).
[20:01:41 INF] (vicente.maria.vm17@gmail.com) Executed DbCommand (3ms) [Parameters=[@__p_0='?' (DbType = Int32)], CommandType='"Text"', CommandTimeout='30']
SELECT [s0].[Id], [s0].[Name], [c].[Name] AS [CountryName], [s0].[CountryId]
FROM (
    SELECT TOP(@__p_0) [s].[Id], [s].[CountryId], [s].[Name]
    FROM [States] AS [s]
    ORDER BY [s].[Name]
) AS [s0]
INNER JOIN [Countries] AS [c] ON [s0].[CountryId] = [c].[Id]
ORDER BY [s0].[Name]
[20:01:41 INF] (vicente.maria.vm17@gmail.com) Executing OkObjectResult, writing value of type 'AppProject.Models.SummariesResponse`1[[AppProject.Core.Models.General.StateSummary, AppProject.Core.Models, Version=1.0.0.0, Culture=neutral, PublicKeyToken=null]]'.
[20:01:41 INF] (vicente.maria.vm17@gmail.com) Executed action AppProject.Core.Controllers.General.StateSummaryController.GetSummariesAsync (AppProject.Core.Controllers.General) in 11.6555ms
[20:01:41 INF] (vicente.maria.vm17@gmail.com) Executed endpoint 'AppProject.Core.Controllers.General.StateSummaryController.GetSummariesAsync (AppProject.Core.Controllers.General)'
[20:01:41 INF] () Request finished HTTP/2 GET https://localhost:7121/api/general/StateSummary/GetSummaries?Take=100 - 200 null application/json; charset=utf-8 28.9372ms
[20:01:47 INF] () Request starting HTTP/2 OPTIONS https://localhost:7121/api/general/CountrySummary/GetSummaries?Take=100 - null null
[20:01:47 INF] () CORS policy execution successful.
[20:01:47 INF] () Request starting HTTP/2 OPTIONS https://localhost:7121/api/auth/Permission/GetCurrentUserPermissions - null null
[20:01:47 INF] () Request finished HTTP/2 OPTIONS https://localhost:7121/api/general/CountrySummary/GetSummaries?Take=100 - 204 null null 7.7177ms
[20:01:47 INF] () Request starting HTTP/2 GET https://localhost:7121/api/general/CountrySummary/GetSummaries?Take=100 - null null
[20:01:56 INF] () CORS policy execution successful.
[20:01:56 INF] () CORS policy execution successful.
[20:01:56 INF] () Request starting HTTP/2 OPTIONS https://localhost:7121/api/general/StateSummary/GetSummaries?Take=100 - null null
[20:01:57 INF] () Request finished HTTP/2 OPTIONS https://localhost:7121/api/auth/Permission/GetCurrentUserPermissions - 204 null null 9628.4802ms
[20:01:57 INF] () CORS policy execution successful.
[20:01:57 INF] (vicente.maria.vm17@gmail.com) Executing endpoint 'AppProject.Core.Controllers.General.CountrySummaryController.GetSummariesAsync (AppProject.Core.Controllers.General)'
[20:01:57 INF] (vicente.maria.vm17@gmail.com) Route matched with {action = "GetSummaries", controller = "CountrySummary"}. Executing controller action with signature System.Threading.Tasks.Task`1[Microsoft.AspNetCore.Mvc.IActionResult] GetSummariesAsync(AppProject.Models.SearchRequest, System.Threading.CancellationToken) on controller AppProject.Core.Controllers.General.CountrySummaryController (AppProject.Core.Controllers.General).
[20:01:57 INF] () Request finished HTTP/2 OPTIONS https://localhost:7121/api/general/StateSummary/GetSummaries?Take=100 - 204 null null 41.8278ms
[20:01:57 INF] (vicente.maria.vm17@gmail.com) Executed DbCommand (1ms) [Parameters=[@__p_0='?' (DbType = Int32)], CommandType='"Text"', CommandTimeout='30']
SELECT TOP(@__p_0) [c].[Id], [c].[Name]
FROM [Countries] AS [c]
ORDER BY [c].[Name]
[20:01:57 INF] (vicente.maria.vm17@gmail.com) Executing OkObjectResult, writing value of type 'AppProject.Models.SummariesResponse`1[[AppProject.Core.Models.General.CountrySummary, AppProject.Core.Models, Version=1.0.0.0, Culture=neutral, PublicKeyToken=null]]'.
[20:01:57 INF] () Request starting HTTP/2 GET https://localhost:7121/api/auth/Permission/GetCurrentUserPermissions - null null
[20:01:57 INF] (vicente.maria.vm17@gmail.com) Executed action AppProject.Core.Controllers.General.CountrySummaryController.GetSummariesAsync (AppProject.Core.Controllers.General) in 11.4466ms
[20:01:57 INF] () Request starting HTTP/2 GET https://localhost:7121/api/general/StateSummary/GetSummaries?Take=100 - null null
[20:01:57 INF] (vicente.maria.vm17@gmail.com) Executed endpoint 'AppProject.Core.Controllers.General.CountrySummaryController.GetSummariesAsync (AppProject.Core.Controllers.General)'
[20:01:57 INF] () CORS policy execution successful.
[20:01:57 INF] () Request finished HTTP/2 GET https://localhost:7121/api/general/CountrySummary/GetSummaries?Take=100 - 200 null application/json; charset=utf-8 9727.4956ms
[20:01:57 INF] () CORS policy execution successful.
[20:01:57 INF] (vicente.maria.vm17@gmail.com) Executing endpoint 'AppProject.Core.API.Controllers.Auth.PermissionController.GetCurrentUserPermissionsAsync (AppProject.Core.API)'
[20:01:57 INF] (vicente.maria.vm17@gmail.com) Executing endpoint 'AppProject.Core.Controllers.General.StateSummaryController.GetSummariesAsync (AppProject.Core.Controllers.General)'
[20:01:57 INF] (vicente.maria.vm17@gmail.com) Route matched with {action = "GetCurrentUserPermissions", controller = "Permission"}. Executing controller action with signature System.Threading.Tasks.Task`1[Microsoft.AspNetCore.Mvc.IActionResult] GetCurrentUserPermissionsAsync(AppProject.Models.Auth.PermissionContext, System.Threading.CancellationToken) on controller AppProject.Core.API.Controllers.Auth.PermissionController (AppProject.Core.API).
[20:01:57 INF] (vicente.maria.vm17@gmail.com) Route matched with {action = "GetSummaries", controller = "StateSummary"}. Executing controller action with signature System.Threading.Tasks.Task`1[Microsoft.AspNetCore.Mvc.IActionResult] GetSummariesAsync(AppProject.Core.Models.General.StateSummarySearchRequest, System.Threading.CancellationToken) on controller AppProject.Core.Controllers.General.StateSummaryController (AppProject.Core.Controllers.General).
[20:01:57 INF] () Executed DbCommand (3ms) [Parameters=[], CommandType='"Text"', CommandTimeout='30']
SELECT TOP(1) [u].[Id], [u].[CreatedAt], [u].[CreatedByUserId], [u].[CreatedByUserName], [u].[Email], [u].[IsSystemAdmin], [u].[Name], [u].[RowVersion], [u].[UpdatedAt], [u].[UpdatedByUserId], [u].[UpdatedByUserName]
FROM [Users] AS [u]
WHERE [u].[IsSystemAdmin] = CAST(1 AS bit)
[20:01:57 INF] (vicente.maria.vm17@gmail.com) Executed DbCommand (1ms) [Parameters=[@__p_0='?' (DbType = Int32)], CommandType='"Text"', CommandTimeout='30']
SELECT [s0].[Id], [s0].[Name], [c].[Name] AS [CountryName], [s0].[CountryId]
FROM (
    SELECT TOP(@__p_0) [s].[Id], [s].[CountryId], [s].[Name]
    FROM [States] AS [s]
    ORDER BY [s].[Name]
) AS [s0]
INNER JOIN [Countries] AS [c] ON [s0].[CountryId] = [c].[Id]
ORDER BY [s0].[Name]
[20:01:57 INF] (vicente.maria.vm17@gmail.com) Executing OkObjectResult, writing value of type 'AppProject.Models.SummariesResponse`1[[AppProject.Core.Models.General.StateSummary, AppProject.Core.Models, Version=1.0.0.0, Culture=neutral, PublicKeyToken=null]]'.
[20:01:57 INF] (vicente.maria.vm17@gmail.com) Executing OkObjectResult, writing value of type 'AppProject.Models.Auth.PermissionType[]'.
[20:01:57 INF] (vicente.maria.vm17@gmail.com) Executed action AppProject.Core.Controllers.General.StateSummaryController.GetSummariesAsync (AppProject.Core.Controllers.General) in 40.1575ms
[20:01:57 INF] (vicente.maria.vm17@gmail.com) Executed action AppProject.Core.API.Controllers.Auth.PermissionController.GetCurrentUserPermissionsAsync (AppProject.Core.API) in 43.8964ms
[20:01:57 INF] (vicente.maria.vm17@gmail.com) Executed endpoint 'AppProject.Core.Controllers.General.StateSummaryController.GetSummariesAsync (AppProject.Core.Controllers.General)'
[20:01:57 INF] (vicente.maria.vm17@gmail.com) Executed endpoint 'AppProject.Core.API.Controllers.Auth.PermissionController.GetCurrentUserPermissionsAsync (AppProject.Core.API)'
[20:01:57 INF] () Request finished HTTP/2 GET https://localhost:7121/api/auth/Permission/GetCurrentUserPermissions - 200 null application/json; charset=utf-8 146.6487ms
[20:01:57 INF] () Request finished HTTP/2 GET https://localhost:7121/api/general/StateSummary/GetSummaries?Take=100 - 200 null application/json; charset=utf-8 142.2993ms
[20:02:08 INF] () Request starting HTTP/2 OPTIONS https://localhost:7121/api/general/State/Delete?Id=144a0763-69b1-406b-c8fb-08deec96ff82 - null null
[20:02:08 INF] () CORS policy execution successful.
[20:02:08 INF] () Request finished HTTP/2 OPTIONS https://localhost:7121/api/general/State/Delete?Id=144a0763-69b1-406b-c8fb-08deec96ff82 - 204 null null 8.8713ms
[20:02:08 INF] () Request starting HTTP/2 DELETE https://localhost:7121/api/general/State/Delete?Id=144a0763-69b1-406b-c8fb-08deec96ff82 - null null
[20:02:08 INF] () CORS policy execution successful.
[20:02:08 INF] (vicente.maria.vm17@gmail.com) Executing endpoint 'AppProject.Core.Controllers.General.StateController.DeleteAsync (AppProject.Core.Controllers.General)'
[20:02:08 INF] (vicente.maria.vm17@gmail.com) Route matched with {action = "Delete", controller = "State"}. Executing controller action with signature System.Threading.Tasks.Task`1[Microsoft.AspNetCore.Mvc.IActionResult] DeleteAsync(AppProject.Models.DeleteRequest`1[System.Guid], System.Threading.CancellationToken) on controller AppProject.Core.Controllers.General.StateController (AppProject.Core.Controllers.General).
[20:02:33 INF] (vicente.maria.vm17@gmail.com) Executed DbCommand (19ms) [Parameters=[@__request_Id_0='?' (DbType = Guid)], CommandType='"Text"', CommandTimeout='30']
SELECT [c].[Id], [c].[Code], [c].[CreatedAt], [c].[CreatedByUserId], [c].[CreatedByUserName], [c].[Name], [c].[RowVersion], [c].[UpdatedAt], [c].[UpdatedByUserId], [c].[UpdatedByUserName]
FROM [Countries] AS [c]
WHERE [c].[Id] = @__request_Id_0
[20:03:09 INF] (vicente.maria.vm17@gmail.com) Executed action AppProject.Core.Controllers.General.StateController.DeleteAsync (AppProject.Core.Controllers.General) in 60951.8542ms
[20:03:09 INF] (vicente.maria.vm17@gmail.com) Executed endpoint 'AppProject.Core.Controllers.General.StateController.DeleteAsync (AppProject.Core.Controllers.General)'
[20:03:10 ERR] () AppProject.Exceptions.AppException: Exception of type 'AppProject.Exceptions.AppException' was thrown.
   at AppProject.Core.Services.General.StateService.DeleteEntityAsync(DeleteRequest`1 request, CancellationToken cancellationToken) in C:\Course\dotnet-template\AppProject.Core.Services.General\StateService.cs:line 84
   at AppProject.Core.Controllers.General.StateController.DeleteAsync(DeleteRequest`1 request, CancellationToken cancellationToken) in C:\Course\dotnet-template\AppProject.Core.Controllers.General\StateController.cs:line 37
   at Microsoft.AspNetCore.Mvc.Infrastructure.ActionMethodExecutor.TaskOfIActionResultExecutor.Execute(ActionContext actionContext, IActionResultTypeMapper mapper, ObjectMethodExecutor executor, Object controller, Object[] arguments)
   at Microsoft.AspNetCore.Mvc.Infrastructure.ControllerActionInvoker.<InvokeActionMethodAsync>g__Awaited|12_0(ControllerActionInvoker invoker, ValueTask`1 actionResultValueTask)
   at Microsoft.AspNetCore.Mvc.Infrastructure.ControllerActionInvoker.<InvokeNextActionFilterAsync>g__Awaited|10_0(ControllerActionInvoker invoker, Task lastTask, State next, Scope scope, Object state, Boolean isCompleted)
   at Microsoft.AspNetCore.Mvc.Infrastructure.ControllerActionInvoker.Rethrow(ActionExecutedContextSealed context)
   at Microsoft.AspNetCore.Mvc.Infrastructure.ControllerActionInvoker.Next(State& next, Scope& scope, Object& state, Boolean& isCompleted)
   at Microsoft.AspNetCore.Mvc.Infrastructure.ControllerActionInvoker.<InvokeInnerFilterAsync>g__Awaited|13_0(ControllerActionInvoker invoker, Task lastTask, State next, Scope scope, Object state, Boolean isCompleted)
   at Microsoft.AspNetCore.Mvc.Infrastructure.ResourceInvoker.<InvokeFilterPipelineAsync>g__Awaited|20_0(ResourceInvoker invoker, Task lastTask, State next, Scope scope, Object state, Boolean isCompleted)
   at Microsoft.AspNetCore.Mvc.Infrastructure.ResourceInvoker.<InvokeAsync>g__Logged|17_1(ResourceInvoker invoker)
   at Microsoft.AspNetCore.Mvc.Infrastructure.ResourceInvoker.<InvokeAsync>g__Logged|17_1(ResourceInvoker invoker)
   at Microsoft.AspNetCore.Routing.EndpointMiddleware.<Invoke>g__AwaitRequestTask|7_0(Endpoint endpoint, Task requestTask, ILogger logger)
   at AppProject.Core.API.Middlewares.SerilogUserEnricherMiddleware.Invoke(HttpContext context) in C:\Course\dotnet-template\AppProject.Core.API\Middlewares\SerilogUserEnricherMiddleware.cs:line 17
   at Microsoft.AspNetCore.Authorization.AuthorizationMiddleware.Invoke(HttpContext context)
   at Microsoft.AspNetCore.Authentication.AuthenticationMiddleware.Invoke(HttpContext context)
   at Microsoft.AspNetCore.RateLimiting.RateLimitingMiddleware.InvokeInternal(HttpContext context, EnableRateLimitingAttribute enableRateLimitingAttribute)
   at AppProject.Core.API.Middlewares.ExceptionMiddleware.InvokeAsync(HttpContext context) in C:\Course\dotnet-template\AppProject.Core.API\Middlewares\ExceptionMiddleware.cs:line 23
[20:03:10 INF] () Request finished HTTP/2 DELETE https://localhost:7121/api/general/State/Delete?Id=144a0763-69b1-406b-c8fb-08deec96ff82 - 500 null application/json 61883.0002ms
[20:03:22 INF] () Request starting HTTP/2 OPTIONS https://localhost:7121/api/general/State/Delete?Id=144a0763-69b1-406b-c8fb-08deec96ff82 - null null
[20:03:22 INF] () CORS policy execution successful.
[20:03:22 INF] () Request finished HTTP/2 OPTIONS https://localhost:7121/api/general/State/Delete?Id=144a0763-69b1-406b-c8fb-08deec96ff82 - 204 null null 6.6994ms
[20:03:22 INF] () Request starting HTTP/2 DELETE https://localhost:7121/api/general/State/Delete?Id=144a0763-69b1-406b-c8fb-08deec96ff82 - null null
[20:03:22 INF] () CORS policy execution successful.
[20:03:22 INF] (vicente.maria.vm17@gmail.com) Executing endpoint 'AppProject.Core.Controllers.General.StateController.DeleteAsync (AppProject.Core.Controllers.General)'
[20:03:22 INF] (vicente.maria.vm17@gmail.com) Route matched with {action = "Delete", controller = "State"}. Executing controller action with signature System.Threading.Tasks.Task`1[Microsoft.AspNetCore.Mvc.IActionResult] DeleteAsync(AppProject.Models.DeleteRequest`1[System.Guid], System.Threading.CancellationToken) on controller AppProject.Core.Controllers.General.StateController (AppProject.Core.Controllers.General).
[20:04:28 INF] (vicente.maria.vm17@gmail.com) Executed DbCommand (2ms) [Parameters=[@__request_Id_0='?' (DbType = Guid)], CommandType='"Text"', CommandTimeout='30']
SELECT [c].[Id], [c].[Code], [c].[CreatedAt], [c].[CreatedByUserId], [c].[CreatedByUserName], [c].[Name], [c].[RowVersion], [c].[UpdatedAt], [c].[UpdatedByUserId], [c].[UpdatedByUserName]
FROM [Countries] AS [c]
WHERE [c].[Id] = @__request_Id_0
[20:06:01 INF] (vicente.maria.vm17@gmail.com) Executed action AppProject.Core.Controllers.General.StateController.DeleteAsync (AppProject.Core.Controllers.General) in 158294.5865ms
[20:06:01 INF] (vicente.maria.vm17@gmail.com) Executed endpoint 'AppProject.Core.Controllers.General.StateController.DeleteAsync (AppProject.Core.Controllers.General)'
[20:06:01 ERR] () AppProject.Exceptions.AppException: Exception of type 'AppProject.Exceptions.AppException' was thrown.
   at AppProject.Core.Services.General.StateService.DeleteEntityAsync(DeleteRequest`1 request, CancellationToken cancellationToken) in C:\Course\dotnet-template\AppProject.Core.Services.General\StateService.cs:line 84
   at AppProject.Core.Controllers.General.StateController.DeleteAsync(DeleteRequest`1 request, CancellationToken cancellationToken) in C:\Course\dotnet-template\AppProject.Core.Controllers.General\StateController.cs:line 37
   at Microsoft.AspNetCore.Mvc.Infrastructure.ActionMethodExecutor.TaskOfIActionResultExecutor.Execute(ActionContext actionContext, IActionResultTypeMapper mapper, ObjectMethodExecutor executor, Object controller, Object[] arguments)
   at Microsoft.AspNetCore.Mvc.Infrastructure.ControllerActionInvoker.<InvokeActionMethodAsync>g__Awaited|12_0(ControllerActionInvoker invoker, ValueTask`1 actionResultValueTask)
   at Microsoft.AspNetCore.Mvc.Infrastructure.ControllerActionInvoker.<InvokeNextActionFilterAsync>g__Awaited|10_0(ControllerActionInvoker invoker, Task lastTask, State next, Scope scope, Object state, Boolean isCompleted)
   at Microsoft.AspNetCore.Mvc.Infrastructure.ControllerActionInvoker.Rethrow(ActionExecutedContextSealed context)
   at Microsoft.AspNetCore.Mvc.Infrastructure.ControllerActionInvoker.Next(State& next, Scope& scope, Object& state, Boolean& isCompleted)
   at Microsoft.AspNetCore.Mvc.Infrastructure.ControllerActionInvoker.<InvokeInnerFilterAsync>g__Awaited|13_0(ControllerActionInvoker invoker, Task lastTask, State next, Scope scope, Object state, Boolean isCompleted)
   at Microsoft.AspNetCore.Mvc.Infrastructure.ResourceInvoker.<InvokeFilterPipelineAsync>g__Awaited|20_0(ResourceInvoker invoker, Task lastTask, State next, Scope scope, Object state, Boolean isCompleted)
   at Microsoft.AspNetCore.Mvc.Infrastructure.ResourceInvoker.<InvokeAsync>g__Logged|17_1(ResourceInvoker invoker)
   at Microsoft.AspNetCore.Mvc.Infrastructure.ResourceInvoker.<InvokeAsync>g__Logged|17_1(ResourceInvoker invoker)
   at Microsoft.AspNetCore.Routing.EndpointMiddleware.<Invoke>g__AwaitRequestTask|7_0(Endpoint endpoint, Task requestTask, ILogger logger)
   at AppProject.Core.API.Middlewares.SerilogUserEnricherMiddleware.Invoke(HttpContext context) in C:\Course\dotnet-template\AppProject.Core.API\Middlewares\SerilogUserEnricherMiddleware.cs:line 17
   at Microsoft.AspNetCore.Authorization.AuthorizationMiddleware.Invoke(HttpContext context)
   at Microsoft.AspNetCore.Authentication.AuthenticationMiddleware.Invoke(HttpContext context)
   at Microsoft.AspNetCore.RateLimiting.RateLimitingMiddleware.InvokeInternal(HttpContext context, EnableRateLimitingAttribute enableRateLimitingAttribute)
   at AppProject.Core.API.Middlewares.ExceptionMiddleware.InvokeAsync(HttpContext context) in C:\Course\dotnet-template\AppProject.Core.API\Middlewares\ExceptionMiddleware.cs:line 23
[20:06:01 INF] () Request finished HTTP/2 DELETE https://localhost:7121/api/general/State/Delete?Id=144a0763-69b1-406b-c8fb-08deec96ff82 - 500 null application/json 159098.9437ms
[20:09:49 INF] () Start installing Hangfire SQL objects...
[20:09:50 INF] () Hangfire SQL objects installed.
[20:09:51 INF] () Executed DbCommand (11ms) [Parameters=[], CommandType='"Text"', CommandTimeout='30']
SELECT 1
[20:09:51 INF] () Acquiring an exclusive lock for migration application. See https://aka.ms/efcore-docs-migrations-lock for more information if this takes too long.
[20:09:51 INF] () Executed DbCommand (12ms) [Parameters=[], CommandType='"Text"', CommandTimeout='30']
DECLARE @result int;
EXEC @result = sp_getapplock @Resource = '__EFMigrationsLock', @LockOwner = 'Session', @LockMode = 'Exclusive';
SELECT @result
[20:09:51 INF] () Executed DbCommand (1ms) [Parameters=[], CommandType='"Text"', CommandTimeout='30']
IF OBJECT_ID(N'[__EFMigrationsHistory]') IS NULL
BEGIN
    CREATE TABLE [__EFMigrationsHistory] (
        [MigrationId] nvarchar(150) NOT NULL,
        [ProductVersion] nvarchar(32) NOT NULL,
        CONSTRAINT [PK___EFMigrationsHistory] PRIMARY KEY ([MigrationId])
    );
END;
[20:09:51 INF] () Executed DbCommand (2ms) [Parameters=[], CommandType='"Text"', CommandTimeout='30']
SELECT 1
[20:09:51 INF] () Executed DbCommand (1ms) [Parameters=[], CommandType='"Text"', CommandTimeout='30']
SELECT OBJECT_ID(N'[__EFMigrationsHistory]');
[20:09:51 INF] () Executed DbCommand (4ms) [Parameters=[], CommandType='"Text"', CommandTimeout='30']
SELECT [MigrationId], [ProductVersion]
FROM [__EFMigrationsHistory]
ORDER BY [MigrationId];
[20:09:51 INF] () No migrations were applied. The database is already up to date.
[20:09:51 INF] () Executed DbCommand (1ms) [Parameters=[], CommandType='"Text"', CommandTimeout='30']
DECLARE @result int;
EXEC @result = sp_releaseapplock @Resource = '__EFMigrationsLock', @LockOwner = 'Session';
SELECT @result
[20:09:51 INF] () Executed DbCommand (3ms) [Parameters=[], CommandType='"Text"', CommandTimeout='30']
SELECT TOP(1) [u].[Id], [u].[CreatedAt], [u].[CreatedByUserId], [u].[CreatedByUserName], [u].[Email], [u].[IsSystemAdmin], [u].[Name], [u].[RowVersion], [u].[UpdatedAt], [u].[UpdatedByUserId], [u].[UpdatedByUserName]
FROM [Users] AS [u]
WHERE [u].[IsSystemAdmin] = CAST(1 AS bit)
[20:09:51 INF] () User profile is available. Using 'C:\Users\vicen\AppData\Local\ASP.NET\DataProtection-Keys' as key repository and Windows DPAPI to encrypt keys at rest.
[20:09:52 INF] () Now listening on: https://localhost:7121
[20:09:52 INF] () Starting Hangfire Server using job storage: 'SQL Server: localhost\SQLEXPRESS@AppProject'
[20:09:52 INF] () Using the following options for SQL Server job storage: Queue poll interval: 00:00:00.
[20:09:52 INF] () Using the following options for Hangfire Server:
    Worker count: 20
    Listening queues: 'default'
    Shutdown timeout: 00:00:15
    Schedule polling interval: 00:00:15
[20:09:52 INF] () Application started. Press Ctrl+C to shut down.
[20:09:52 INF] () Hosting environment: Development
[20:09:52 INF] () Content root path: C:\Course\dotnet-template\AppProject.Core.API
[20:09:52 INF] () Server desktop-0fm4m6s:16364:0331b34c successfully announced in 20.1558 ms
[20:09:52 INF] () Server desktop-0fm4m6s:16364:0331b34c is starting the registered dispatchers: ServerWatchdog, ServerJobCancellationWatcher, SqlServerHeartbeatProcess, ExpirationManager, CountersAggregator, Worker, DelayedJobScheduler, RecurringJobScheduler...
[20:09:52 INF] () Server desktop-0fm4m6s:16364:0331b34c all the dispatchers started
[20:11:30 INF] () Request starting HTTP/2 OPTIONS https://localhost:7121/api/auth/Permission/GetCurrentUserPermissions - null null
[20:11:30 INF] () CORS policy execution successful.
[20:11:30 INF] () Request finished HTTP/2 OPTIONS https://localhost:7121/api/auth/Permission/GetCurrentUserPermissions - 204 null null 70.9292ms
[20:11:30 INF] () Request starting HTTP/2 GET https://localhost:7121/api/auth/Permission/GetCurrentUserPermissions - null null
[20:11:30 INF] () CORS policy execution successful.
[20:11:32 INF] (vicente.maria.vm17@gmail.com) Executing endpoint 'AppProject.Core.API.Controllers.Auth.PermissionController.GetCurrentUserPermissionsAsync (AppProject.Core.API)'
[20:11:32 INF] (vicente.maria.vm17@gmail.com) Route matched with {action = "GetCurrentUserPermissions", controller = "Permission"}. Executing controller action with signature System.Threading.Tasks.Task`1[Microsoft.AspNetCore.Mvc.IActionResult] GetCurrentUserPermissionsAsync(AppProject.Models.Auth.PermissionContext, System.Threading.CancellationToken) on controller AppProject.Core.API.Controllers.Auth.PermissionController (AppProject.Core.API).
[20:11:32 INF] () Executed DbCommand (4ms) [Parameters=[], CommandType='"Text"', CommandTimeout='30']
SELECT TOP(1) [u].[Id], [u].[CreatedAt], [u].[CreatedByUserId], [u].[CreatedByUserName], [u].[Email], [u].[IsSystemAdmin], [u].[Name], [u].[RowVersion], [u].[UpdatedAt], [u].[UpdatedByUserId], [u].[UpdatedByUserName]
FROM [Users] AS [u]
WHERE [u].[IsSystemAdmin] = CAST(1 AS bit)
[20:11:32 INF] (vicente.maria.vm17@gmail.com) Executing OkObjectResult, writing value of type 'AppProject.Models.Auth.PermissionType[]'.
[20:11:32 INF] (vicente.maria.vm17@gmail.com) Executed action AppProject.Core.API.Controllers.Auth.PermissionController.GetCurrentUserPermissionsAsync (AppProject.Core.API) in 166.7771ms
[20:11:32 INF] (vicente.maria.vm17@gmail.com) Executed endpoint 'AppProject.Core.API.Controllers.Auth.PermissionController.GetCurrentUserPermissionsAsync (AppProject.Core.API)'
[20:11:32 INF] () Request finished HTTP/2 GET https://localhost:7121/api/auth/Permission/GetCurrentUserPermissions - 200 null application/json; charset=utf-8 2011.5721ms
[20:11:36 INF] () Request starting HTTP/2 OPTIONS https://localhost:7121/api/general/CountrySummary/GetSummaries?Take=100 - null null
[20:11:36 INF] () CORS policy execution successful.
[20:11:36 INF] () Request finished HTTP/2 OPTIONS https://localhost:7121/api/general/CountrySummary/GetSummaries?Take=100 - 204 null null 9.7021ms
[20:11:36 INF] () Request starting HTTP/2 GET https://localhost:7121/api/general/CountrySummary/GetSummaries?Take=100 - null null
[20:11:36 INF] () CORS policy execution successful.
[20:11:36 INF] (vicente.maria.vm17@gmail.com) Executing endpoint 'AppProject.Core.Controllers.General.CountrySummaryController.GetSummariesAsync (AppProject.Core.Controllers.General)'
[20:11:36 INF] (vicente.maria.vm17@gmail.com) Route matched with {action = "GetSummaries", controller = "CountrySummary"}. Executing controller action with signature System.Threading.Tasks.Task`1[Microsoft.AspNetCore.Mvc.IActionResult] GetSummariesAsync(AppProject.Models.SearchRequest, System.Threading.CancellationToken) on controller AppProject.Core.Controllers.General.CountrySummaryController (AppProject.Core.Controllers.General).
[20:11:36 INF] (vicente.maria.vm17@gmail.com) Executed DbCommand (4ms) [Parameters=[@__p_0='?' (DbType = Int32)], CommandType='"Text"', CommandTimeout='30']
SELECT TOP(@__p_0) [c].[Id], [c].[Name]
FROM [Countries] AS [c]
ORDER BY [c].[Name]
[20:11:36 INF] (vicente.maria.vm17@gmail.com) Executing OkObjectResult, writing value of type 'AppProject.Models.SummariesResponse`1[[AppProject.Core.Models.General.CountrySummary, AppProject.Core.Models, Version=1.0.0.0, Culture=neutral, PublicKeyToken=null]]'.
[20:11:36 INF] (vicente.maria.vm17@gmail.com) Executed action AppProject.Core.Controllers.General.CountrySummaryController.GetSummariesAsync (AppProject.Core.Controllers.General) in 138.1346ms
[20:11:36 INF] (vicente.maria.vm17@gmail.com) Executed endpoint 'AppProject.Core.Controllers.General.CountrySummaryController.GetSummariesAsync (AppProject.Core.Controllers.General)'
[20:11:36 INF] () Request finished HTTP/2 GET https://localhost:7121/api/general/CountrySummary/GetSummaries?Take=100 - 200 null application/json; charset=utf-8 234.8167ms
[20:11:41 INF] () Request starting HTTP/2 OPTIONS https://localhost:7121/api/general/StateSummary/GetSummaries?Take=100 - null null
[20:11:41 INF] () CORS policy execution successful.
[20:11:41 INF] () Request finished HTTP/2 OPTIONS https://localhost:7121/api/general/StateSummary/GetSummaries?Take=100 - 204 null null 77.6708ms
[20:11:41 INF] () Request starting HTTP/2 GET https://localhost:7121/api/general/StateSummary/GetSummaries?Take=100 - null null
[20:11:41 INF] () CORS policy execution successful.
[20:11:41 INF] (vicente.maria.vm17@gmail.com) Executing endpoint 'AppProject.Core.Controllers.General.StateSummaryController.GetSummariesAsync (AppProject.Core.Controllers.General)'
[20:11:41 INF] (vicente.maria.vm17@gmail.com) Route matched with {action = "GetSummaries", controller = "StateSummary"}. Executing controller action with signature System.Threading.Tasks.Task`1[Microsoft.AspNetCore.Mvc.IActionResult] GetSummariesAsync(AppProject.Core.Models.General.StateSummarySearchRequest, System.Threading.CancellationToken) on controller AppProject.Core.Controllers.General.StateSummaryController (AppProject.Core.Controllers.General).
[20:11:41 INF] (vicente.maria.vm17@gmail.com) Executed DbCommand (8ms) [Parameters=[@__p_0='?' (DbType = Int32)], CommandType='"Text"', CommandTimeout='30']
SELECT [s0].[Id], [s0].[Name], [c].[Name] AS [CountryName], [s0].[CountryId]
FROM (
    SELECT TOP(@__p_0) [s].[Id], [s].[CountryId], [s].[Name]
    FROM [States] AS [s]
    ORDER BY [s].[Name]
) AS [s0]
INNER JOIN [Countries] AS [c] ON [s0].[CountryId] = [c].[Id]
ORDER BY [s0].[Name]
[20:11:41 INF] (vicente.maria.vm17@gmail.com) Executing OkObjectResult, writing value of type 'AppProject.Models.SummariesResponse`1[[AppProject.Core.Models.General.StateSummary, AppProject.Core.Models, Version=1.0.0.0, Culture=neutral, PublicKeyToken=null]]'.
[20:11:41 INF] (vicente.maria.vm17@gmail.com) Executed action AppProject.Core.Controllers.General.StateSummaryController.GetSummariesAsync (AppProject.Core.Controllers.General) in 99.5632ms
[20:11:41 INF] (vicente.maria.vm17@gmail.com) Executed endpoint 'AppProject.Core.Controllers.General.StateSummaryController.GetSummariesAsync (AppProject.Core.Controllers.General)'
[20:11:41 INF] () Request finished HTTP/2 GET https://localhost:7121/api/general/StateSummary/GetSummaries?Take=100 - 200 null application/json; charset=utf-8 190.2979ms
[20:11:50 INF] () Request starting HTTP/2 OPTIONS https://localhost:7121/api/general/State/Delete?Id=263ec573-b91f-4fa8-6e25-08dec870c69f - null null
[20:11:50 INF] () CORS policy execution successful.
[20:11:50 INF] () Request finished HTTP/2 OPTIONS https://localhost:7121/api/general/State/Delete?Id=263ec573-b91f-4fa8-6e25-08dec870c69f - 204 null null 33.1059ms
[20:11:50 INF] () Request starting HTTP/2 DELETE https://localhost:7121/api/general/State/Delete?Id=263ec573-b91f-4fa8-6e25-08dec870c69f - null null
[20:11:50 INF] () CORS policy execution successful.
[20:11:50 INF] (vicente.maria.vm17@gmail.com) Executing endpoint 'AppProject.Core.Controllers.General.StateController.DeleteAsync (AppProject.Core.Controllers.General)'
[20:11:50 INF] (vicente.maria.vm17@gmail.com) Route matched with {action = "Delete", controller = "State"}. Executing controller action with signature System.Threading.Tasks.Task`1[Microsoft.AspNetCore.Mvc.IActionResult] DeleteAsync(AppProject.Models.DeleteRequest`1[System.Guid], System.Threading.CancellationToken) on controller AppProject.Core.Controllers.General.StateController (AppProject.Core.Controllers.General).
[20:11:50 INF] (vicente.maria.vm17@gmail.com) Executed DbCommand (3ms) [Parameters=[@__request_Id_0='?' (DbType = Guid)], CommandType='"Text"', CommandTimeout='30']
SELECT [c].[Id], [c].[Code], [c].[CreatedAt], [c].[CreatedByUserId], [c].[CreatedByUserName], [c].[Name], [c].[RowVersion], [c].[UpdatedAt], [c].[UpdatedByUserId], [c].[UpdatedByUserName]
FROM [Countries] AS [c]
WHERE [c].[Id] = @__request_Id_0
[20:12:08 INF] (vicente.maria.vm17@gmail.com) Executed action AppProject.Core.Controllers.General.StateController.DeleteAsync (AppProject.Core.Controllers.General) in 17303.1692ms
[20:12:08 INF] (vicente.maria.vm17@gmail.com) Executed endpoint 'AppProject.Core.Controllers.General.StateController.DeleteAsync (AppProject.Core.Controllers.General)'
[20:12:08 ERR] () AppProject.Exceptions.AppException: Exception of type 'AppProject.Exceptions.AppException' was thrown.
   at AppProject.Core.Services.General.StateService.DeleteEntityAsync(DeleteRequest`1 request, CancellationToken cancellationToken) in C:\Course\dotnet-template\AppProject.Core.Services.General\StateService.cs:line 84
   at AppProject.Core.Controllers.General.StateController.DeleteAsync(DeleteRequest`1 request, CancellationToken cancellationToken) in C:\Course\dotnet-template\AppProject.Core.Controllers.General\StateController.cs:line 37
   at Microsoft.AspNetCore.Mvc.Infrastructure.ActionMethodExecutor.TaskOfIActionResultExecutor.Execute(ActionContext actionContext, IActionResultTypeMapper mapper, ObjectMethodExecutor executor, Object controller, Object[] arguments)
   at Microsoft.AspNetCore.Mvc.Infrastructure.ControllerActionInvoker.<InvokeActionMethodAsync>g__Awaited|12_0(ControllerActionInvoker invoker, ValueTask`1 actionResultValueTask)
   at Microsoft.AspNetCore.Mvc.Infrastructure.ControllerActionInvoker.<InvokeNextActionFilterAsync>g__Awaited|10_0(ControllerActionInvoker invoker, Task lastTask, State next, Scope scope, Object state, Boolean isCompleted)
   at Microsoft.AspNetCore.Mvc.Infrastructure.ControllerActionInvoker.Rethrow(ActionExecutedContextSealed context)
   at Microsoft.AspNetCore.Mvc.Infrastructure.ControllerActionInvoker.Next(State& next, Scope& scope, Object& state, Boolean& isCompleted)
   at Microsoft.AspNetCore.Mvc.Infrastructure.ControllerActionInvoker.<InvokeInnerFilterAsync>g__Awaited|13_0(ControllerActionInvoker invoker, Task lastTask, State next, Scope scope, Object state, Boolean isCompleted)
   at Microsoft.AspNetCore.Mvc.Infrastructure.ResourceInvoker.<InvokeFilterPipelineAsync>g__Awaited|20_0(ResourceInvoker invoker, Task lastTask, State next, Scope scope, Object state, Boolean isCompleted)
   at Microsoft.AspNetCore.Mvc.Infrastructure.ResourceInvoker.<InvokeAsync>g__Logged|17_1(ResourceInvoker invoker)
   at Microsoft.AspNetCore.Mvc.Infrastructure.ResourceInvoker.<InvokeAsync>g__Logged|17_1(ResourceInvoker invoker)
   at Microsoft.AspNetCore.Routing.EndpointMiddleware.<Invoke>g__AwaitRequestTask|7_0(Endpoint endpoint, Task requestTask, ILogger logger)
   at AppProject.Core.API.Middlewares.SerilogUserEnricherMiddleware.Invoke(HttpContext context) in C:\Course\dotnet-template\AppProject.Core.API\Middlewares\SerilogUserEnricherMiddleware.cs:line 17
   at Microsoft.AspNetCore.Authorization.AuthorizationMiddleware.Invoke(HttpContext context)
   at Microsoft.AspNetCore.Authentication.AuthenticationMiddleware.Invoke(HttpContext context)
   at Microsoft.AspNetCore.RateLimiting.RateLimitingMiddleware.InvokeInternal(HttpContext context, EnableRateLimitingAttribute enableRateLimitingAttribute)
   at AppProject.Core.API.Middlewares.ExceptionMiddleware.InvokeAsync(HttpContext context) in C:\Course\dotnet-template\AppProject.Core.API\Middlewares\ExceptionMiddleware.cs:line 23
[20:12:08 INF] () Request finished HTTP/2 DELETE https://localhost:7121/api/general/State/Delete?Id=263ec573-b91f-4fa8-6e25-08dec870c69f - 500 null application/json 18121.1839ms
[20:12:51 INF] () Request starting HTTP/2 OPTIONS https://localhost:7121/api/general/CountrySummary/GetSummaries?Take=100 - null null
[20:12:51 INF] () CORS policy execution successful.
[20:12:51 INF] () Request finished HTTP/2 OPTIONS https://localhost:7121/api/general/CountrySummary/GetSummaries?Take=100 - 204 null null 7.2118ms
[20:12:51 INF] () Request starting HTTP/2 OPTIONS https://localhost:7121/api/auth/Permission/GetCurrentUserPermissions - null null
[20:12:51 INF] () CORS policy execution successful.
[20:12:51 INF] () Request finished HTTP/2 OPTIONS https://localhost:7121/api/auth/Permission/GetCurrentUserPermissions - 204 null null 77.3055ms
[20:12:51 INF] () Request starting HTTP/2 GET https://localhost:7121/api/general/CountrySummary/GetSummaries?Take=100 - null null
[20:12:51 INF] () Request starting HTTP/2 GET https://localhost:7121/api/auth/Permission/GetCurrentUserPermissions - null null
[20:12:51 INF] () CORS policy execution successful.
[20:12:51 INF] () CORS policy execution successful.
[20:12:51 INF] (vicente.maria.vm17@gmail.com) Executing endpoint 'AppProject.Core.Controllers.General.CountrySummaryController.GetSummariesAsync (AppProject.Core.Controllers.General)'
[20:12:51 INF] (vicente.maria.vm17@gmail.com) Executing endpoint 'AppProject.Core.API.Controllers.Auth.PermissionController.GetCurrentUserPermissionsAsync (AppProject.Core.API)'
[20:12:51 INF] (vicente.maria.vm17@gmail.com) Route matched with {action = "GetSummaries", controller = "CountrySummary"}. Executing controller action with signature System.Threading.Tasks.Task`1[Microsoft.AspNetCore.Mvc.IActionResult] GetSummariesAsync(AppProject.Models.SearchRequest, System.Threading.CancellationToken) on controller AppProject.Core.Controllers.General.CountrySummaryController (AppProject.Core.Controllers.General).
[20:12:51 INF] (vicente.maria.vm17@gmail.com) Route matched with {action = "GetCurrentUserPermissions", controller = "Permission"}. Executing controller action with signature System.Threading.Tasks.Task`1[Microsoft.AspNetCore.Mvc.IActionResult] GetCurrentUserPermissionsAsync(AppProject.Models.Auth.PermissionContext, System.Threading.CancellationToken) on controller AppProject.Core.API.Controllers.Auth.PermissionController (AppProject.Core.API).
[20:12:51 INF] (vicente.maria.vm17@gmail.com) Executing OkObjectResult, writing value of type 'AppProject.Models.Auth.PermissionType[]'.
[20:12:51 INF] (vicente.maria.vm17@gmail.com) Executed action AppProject.Core.API.Controllers.Auth.PermissionController.GetCurrentUserPermissionsAsync (AppProject.Core.API) in 2.6352ms
[20:12:51 INF] (vicente.maria.vm17@gmail.com) Executed endpoint 'AppProject.Core.API.Controllers.Auth.PermissionController.GetCurrentUserPermissionsAsync (AppProject.Core.API)'
[20:12:51 INF] () Request finished HTTP/2 GET https://localhost:7121/api/auth/Permission/GetCurrentUserPermissions - 200 null application/json; charset=utf-8 18.7501ms
[20:12:51 INF] (vicente.maria.vm17@gmail.com) Executed DbCommand (4ms) [Parameters=[@__p_0='?' (DbType = Int32)], CommandType='"Text"', CommandTimeout='30']
SELECT TOP(@__p_0) [c].[Id], [c].[Name]
FROM [Countries] AS [c]
ORDER BY [c].[Name]
[20:12:51 INF] (vicente.maria.vm17@gmail.com) Executing OkObjectResult, writing value of type 'AppProject.Models.SummariesResponse`1[[AppProject.Core.Models.General.CountrySummary, AppProject.Core.Models, Version=1.0.0.0, Culture=neutral, PublicKeyToken=null]]'.
[20:12:51 INF] (vicente.maria.vm17@gmail.com) Executed action AppProject.Core.Controllers.General.CountrySummaryController.GetSummariesAsync (AppProject.Core.Controllers.General) in 17.0048ms
[20:12:51 INF] (vicente.maria.vm17@gmail.com) Executed endpoint 'AppProject.Core.Controllers.General.CountrySummaryController.GetSummariesAsync (AppProject.Core.Controllers.General)'
[20:12:51 INF] () Request finished HTTP/2 GET https://localhost:7121/api/general/CountrySummary/GetSummaries?Take=100 - 200 null application/json; charset=utf-8 65.7563ms
[20:12:55 INF] () Request starting HTTP/2 GET https://localhost:7121/api/general/CountrySummary/GetSummaries?Take=100 - null null
[20:12:55 INF] () CORS policy execution successful.
[20:12:55 INF] (vicente.maria.vm17@gmail.com) Executing endpoint 'AppProject.Core.Controllers.General.CountrySummaryController.GetSummariesAsync (AppProject.Core.Controllers.General)'
[20:12:55 INF] (vicente.maria.vm17@gmail.com) Route matched with {action = "GetSummaries", controller = "CountrySummary"}. Executing controller action with signature System.Threading.Tasks.Task`1[Microsoft.AspNetCore.Mvc.IActionResult] GetSummariesAsync(AppProject.Models.SearchRequest, System.Threading.CancellationToken) on controller AppProject.Core.Controllers.General.CountrySummaryController (AppProject.Core.Controllers.General).
[20:12:55 INF] (vicente.maria.vm17@gmail.com) Executed DbCommand (1ms) [Parameters=[@__p_0='?' (DbType = Int32)], CommandType='"Text"', CommandTimeout='30']
SELECT TOP(@__p_0) [c].[Id], [c].[Name]
FROM [Countries] AS [c]
ORDER BY [c].[Name]
[20:12:55 INF] (vicente.maria.vm17@gmail.com) Executing OkObjectResult, writing value of type 'AppProject.Models.SummariesResponse`1[[AppProject.Core.Models.General.CountrySummary, AppProject.Core.Models, Version=1.0.0.0, Culture=neutral, PublicKeyToken=null]]'.
[20:12:55 INF] (vicente.maria.vm17@gmail.com) Executed action AppProject.Core.Controllers.General.CountrySummaryController.GetSummariesAsync (AppProject.Core.Controllers.General) in 12.5244ms
[20:12:55 INF] (vicente.maria.vm17@gmail.com) Executed endpoint 'AppProject.Core.Controllers.General.CountrySummaryController.GetSummariesAsync (AppProject.Core.Controllers.General)'
[20:12:55 INF] () Request finished HTTP/2 GET https://localhost:7121/api/general/CountrySummary/GetSummaries?Take=100 - 200 null application/json; charset=utf-8 69.7014ms
[20:13:06 INF] () Request starting HTTP/2 OPTIONS https://localhost:7121/api/general/State/Post - null null
[20:13:06 INF] () CORS policy execution successful.
[20:13:06 INF] () Request finished HTTP/2 OPTIONS https://localhost:7121/api/general/State/Post - 204 null null 5.2176ms
[20:13:06 INF] () Request starting HTTP/2 POST https://localhost:7121/api/general/State/Post - application/json; charset=utf-8 122
[20:13:18 INF] () CORS policy execution successful.
[20:13:18 INF] (vicente.maria.vm17@gmail.com) Executing endpoint 'AppProject.Core.Controllers.General.StateController.PostAsync (AppProject.Core.Controllers.General)'
[20:13:18 INF] (vicente.maria.vm17@gmail.com) Route matched with {action = "Post", controller = "State"}. Executing controller action with signature System.Threading.Tasks.Task`1[Microsoft.AspNetCore.Mvc.IActionResult] PostAsync(AppProject.Models.CreateOrUpdateRequest`1[AppProject.Core.Models.General.State], System.Threading.CancellationToken) on controller AppProject.Core.Controllers.General.StateController (AppProject.Core.Controllers.General).
[20:13:18 INF] (vicente.maria.vm17@gmail.com) Executed DbCommand (3ms) [Parameters=[@__state_CountryId_0='?' (DbType = Guid), @__state_Name_1='?' (Size = 200)], CommandType='"Text"', CommandTimeout='30']
SELECT CASE
    WHEN EXISTS (
        SELECT 1
        FROM [States] AS [s]
        WHERE [s].[CountryId] = @__state_CountryId_0 AND [s].[Name] = @__state_Name_1) THEN CAST(1 AS bit)
    ELSE CAST(0 AS bit)
END
[20:13:18 INF] (vicente.maria.vm17@gmail.com) Executed DbCommand (6ms) [Parameters=[@p0='?' (DbType = Guid), @p1='?' (Size = 200), @p2='?' (DbType = Guid), @p3='?' (DbType = DateTimeOffset), @p4='?' (DbType = Guid), @p5='?' (Size = 255), @p6='?' (Size = 200), @p7='?' (DbType = DateTimeOffset), @p8='?' (DbType = Guid), @p9='?' (Size = 255)], CommandType='"Text"', CommandTimeout='30']
SET IMPLICIT_TRANSACTIONS OFF;
SET NOCOUNT ON;
INSERT INTO [States] ([Id], [Code], [CountryId], [CreatedAt], [CreatedByUserId], [CreatedByUserName], [Name], [UpdatedAt], [UpdatedByUserId], [UpdatedByUserName])
OUTPUT INSERTED.[RowVersion]
VALUES (@p0, @p1, @p2, @p3, @p4, @p5, @p6, @p7, @p8, @p9);
[20:13:18 INF] (vicente.maria.vm17@gmail.com) Executing OkObjectResult, writing value of type 'AppProject.Models.KeyResponse`1[[System.Guid, System.Private.CoreLib, Version=9.0.0.0, Culture=neutral, PublicKeyToken=7cec85d7bea7798e]]'.
[20:13:18 INF] (vicente.maria.vm17@gmail.com) Executed action AppProject.Core.Controllers.General.StateController.PostAsync (AppProject.Core.Controllers.General) in 282.9139ms
[20:13:18 INF] (vicente.maria.vm17@gmail.com) Executed endpoint 'AppProject.Core.Controllers.General.StateController.PostAsync (AppProject.Core.Controllers.General)'
[20:13:19 INF] () Request finished HTTP/2 POST https://localhost:7121/api/general/State/Post - 200 null application/json; charset=utf-8 13544.3548ms
[20:13:20 INF] () Request starting HTTP/2 OPTIONS https://localhost:7121/api/general/StateSummary/GetSummaries?Take=100 - null null
[20:13:25 INF] () CORS policy execution successful.
[20:13:25 INF] () Request finished HTTP/2 OPTIONS https://localhost:7121/api/general/StateSummary/GetSummaries?Take=100 - 204 null null 5903.3212ms
[20:13:25 INF] () Request starting HTTP/2 GET https://localhost:7121/api/general/StateSummary/GetSummaries?Take=100 - null null
[20:13:29 INF] () CORS policy execution successful.
[20:13:29 INF] (vicente.maria.vm17@gmail.com) Executing endpoint 'AppProject.Core.Controllers.General.StateSummaryController.GetSummariesAsync (AppProject.Core.Controllers.General)'
[20:13:29 INF] (vicente.maria.vm17@gmail.com) Route matched with {action = "GetSummaries", controller = "StateSummary"}. Executing controller action with signature System.Threading.Tasks.Task`1[Microsoft.AspNetCore.Mvc.IActionResult] GetSummariesAsync(AppProject.Core.Models.General.StateSummarySearchRequest, System.Threading.CancellationToken) on controller AppProject.Core.Controllers.General.StateSummaryController (AppProject.Core.Controllers.General).
[20:13:29 INF] (vicente.maria.vm17@gmail.com) Executed DbCommand (14ms) [Parameters=[@__p_0='?' (DbType = Int32)], CommandType='"Text"', CommandTimeout='30']
SELECT [s0].[Id], [s0].[Name], [c].[Name] AS [CountryName], [s0].[CountryId]
FROM (
    SELECT TOP(@__p_0) [s].[Id], [s].[CountryId], [s].[Name]
    FROM [States] AS [s]
    ORDER BY [s].[Name]
) AS [s0]
INNER JOIN [Countries] AS [c] ON [s0].[CountryId] = [c].[Id]
ORDER BY [s0].[Name]
[20:13:29 INF] (vicente.maria.vm17@gmail.com) Executing OkObjectResult, writing value of type 'AppProject.Models.SummariesResponse`1[[AppProject.Core.Models.General.StateSummary, AppProject.Core.Models, Version=1.0.0.0, Culture=neutral, PublicKeyToken=null]]'.
[20:13:29 INF] (vicente.maria.vm17@gmail.com) Executed action AppProject.Core.Controllers.General.StateSummaryController.GetSummariesAsync (AppProject.Core.Controllers.General) in 53.0919ms
[20:13:29 INF] (vicente.maria.vm17@gmail.com) Executed endpoint 'AppProject.Core.Controllers.General.StateSummaryController.GetSummariesAsync (AppProject.Core.Controllers.General)'
[20:13:30 INF] () Request finished HTTP/2 GET https://localhost:7121/api/general/StateSummary/GetSummaries?Take=100 - 200 null application/json; charset=utf-8 4651.5925ms
[20:14:22 INF] () Request starting HTTP/2 OPTIONS https://localhost:7121/api/general/State/Delete?Id=f1d8b343-b0e7-4196-0825-08dec7dc9378 - null null
[20:14:22 INF] () CORS policy execution successful.
[20:14:22 INF] () Request finished HTTP/2 OPTIONS https://localhost:7121/api/general/State/Delete?Id=f1d8b343-b0e7-4196-0825-08dec7dc9378 - 204 null null 4.9215ms
[20:14:22 INF] () Request starting HTTP/2 DELETE https://localhost:7121/api/general/State/Delete?Id=f1d8b343-b0e7-4196-0825-08dec7dc9378 - null null
[20:14:22 INF] () CORS policy execution successful.
[20:14:22 INF] (vicente.maria.vm17@gmail.com) Executing endpoint 'AppProject.Core.Controllers.General.StateController.DeleteAsync (AppProject.Core.Controllers.General)'
[20:14:22 INF] (vicente.maria.vm17@gmail.com) Route matched with {action = "Delete", controller = "State"}. Executing controller action with signature System.Threading.Tasks.Task`1[Microsoft.AspNetCore.Mvc.IActionResult] DeleteAsync(AppProject.Models.DeleteRequest`1[System.Guid], System.Threading.CancellationToken) on controller AppProject.Core.Controllers.General.StateController (AppProject.Core.Controllers.General).
[20:14:22 INF] (vicente.maria.vm17@gmail.com) Executed DbCommand (2ms) [Parameters=[@__request_Id_0='?' (DbType = Guid)], CommandType='"Text"', CommandTimeout='30']
SELECT [c].[Id], [c].[Code], [c].[CreatedAt], [c].[CreatedByUserId], [c].[CreatedByUserName], [c].[Name], [c].[RowVersion], [c].[UpdatedAt], [c].[UpdatedByUserId], [c].[UpdatedByUserName]
FROM [Countries] AS [c]
WHERE [c].[Id] = @__request_Id_0
[20:31:10 INF] () Start installing Hangfire SQL objects...
[20:31:11 INF] () Hangfire SQL objects installed.
[20:31:12 INF] () Executed DbCommand (12ms) [Parameters=[], CommandType='"Text"', CommandTimeout='30']
SELECT 1
[20:31:12 INF] () Acquiring an exclusive lock for migration application. See https://aka.ms/efcore-docs-migrations-lock for more information if this takes too long.
[20:31:12 INF] () Executed DbCommand (15ms) [Parameters=[], CommandType='"Text"', CommandTimeout='30']
DECLARE @result int;
EXEC @result = sp_getapplock @Resource = '__EFMigrationsLock', @LockOwner = 'Session', @LockMode = 'Exclusive';
SELECT @result
[20:31:12 INF] () Executed DbCommand (2ms) [Parameters=[], CommandType='"Text"', CommandTimeout='30']
IF OBJECT_ID(N'[__EFMigrationsHistory]') IS NULL
BEGIN
    CREATE TABLE [__EFMigrationsHistory] (
        [MigrationId] nvarchar(150) NOT NULL,
        [ProductVersion] nvarchar(32) NOT NULL,
        CONSTRAINT [PK___EFMigrationsHistory] PRIMARY KEY ([MigrationId])
    );
END;
[20:31:12 INF] () Executed DbCommand (1ms) [Parameters=[], CommandType='"Text"', CommandTimeout='30']
SELECT 1
[20:31:12 INF] () Executed DbCommand (3ms) [Parameters=[], CommandType='"Text"', CommandTimeout='30']
SELECT OBJECT_ID(N'[__EFMigrationsHistory]');
[20:31:12 INF] () Executed DbCommand (8ms) [Parameters=[], CommandType='"Text"', CommandTimeout='30']
SELECT [MigrationId], [ProductVersion]
FROM [__EFMigrationsHistory]
ORDER BY [MigrationId];
[20:31:12 INF] () No migrations were applied. The database is already up to date.
[20:31:12 INF] () Executed DbCommand (3ms) [Parameters=[], CommandType='"Text"', CommandTimeout='30']
DECLARE @result int;
EXEC @result = sp_releaseapplock @Resource = '__EFMigrationsLock', @LockOwner = 'Session';
SELECT @result
[20:31:12 INF] () Executed DbCommand (5ms) [Parameters=[], CommandType='"Text"', CommandTimeout='30']
SELECT TOP(1) [u].[Id], [u].[CreatedAt], [u].[CreatedByUserId], [u].[CreatedByUserName], [u].[Email], [u].[IsSystemAdmin], [u].[Name], [u].[RowVersion], [u].[UpdatedAt], [u].[UpdatedByUserId], [u].[UpdatedByUserName]
FROM [Users] AS [u]
WHERE [u].[IsSystemAdmin] = CAST(1 AS bit)
[20:31:12 INF] () User profile is available. Using 'C:\Users\vicen\AppData\Local\ASP.NET\DataProtection-Keys' as key repository and Windows DPAPI to encrypt keys at rest.
[20:31:13 INF] () Now listening on: https://localhost:7121
[20:31:13 INF] () Starting Hangfire Server using job storage: 'SQL Server: localhost\SQLEXPRESS@AppProject'
[20:31:13 INF] () Using the following options for SQL Server job storage: Queue poll interval: 00:00:00.
[20:31:13 INF] () Using the following options for Hangfire Server:
    Worker count: 20
    Listening queues: 'default'
    Shutdown timeout: 00:00:15
    Schedule polling interval: 00:00:15
[20:31:13 INF] () Application started. Press Ctrl+C to shut down.
[20:31:13 INF] () Hosting environment: Development
[20:31:13 INF] () Content root path: C:\Course\dotnet-template\AppProject.Core.API
[20:31:13 INF] () Server desktop-0fm4m6s:3896:469ffec7 successfully announced in 21.3533 ms
[20:31:13 INF] () Server desktop-0fm4m6s:3896:469ffec7 is starting the registered dispatchers: ServerWatchdog, ServerJobCancellationWatcher, SqlServerHeartbeatProcess, ExpirationManager, CountersAggregator, Worker, DelayedJobScheduler, RecurringJobScheduler...
[20:31:13 INF] () 2 servers were removed due to timeout
[20:31:13 INF] () Server desktop-0fm4m6s:3896:469ffec7 all the dispatchers started
[20:32:06 INF] () Request starting HTTP/2 OPTIONS https://localhost:7121/api/auth/Permission/GetCurrentUserPermissions - null null
[20:32:07 INF] () CORS policy execution successful.
[20:32:07 INF] () Request finished HTTP/2 OPTIONS https://localhost:7121/api/auth/Permission/GetCurrentUserPermissions - 204 null null 74.1205ms
[20:32:07 INF] () Request starting HTTP/2 GET https://localhost:7121/api/auth/Permission/GetCurrentUserPermissions - null null
[20:32:07 INF] () CORS policy execution successful.
[20:32:08 INF] (vicente.maria.vm17@gmail.com) Executing endpoint 'AppProject.Core.API.Controllers.Auth.PermissionController.GetCurrentUserPermissionsAsync (AppProject.Core.API)'
[20:32:08 INF] (vicente.maria.vm17@gmail.com) Route matched with {action = "GetCurrentUserPermissions", controller = "Permission"}. Executing controller action with signature System.Threading.Tasks.Task`1[Microsoft.AspNetCore.Mvc.IActionResult] GetCurrentUserPermissionsAsync(AppProject.Models.Auth.PermissionContext, System.Threading.CancellationToken) on controller AppProject.Core.API.Controllers.Auth.PermissionController (AppProject.Core.API).
[20:32:08 INF] () Executed DbCommand (3ms) [Parameters=[], CommandType='"Text"', CommandTimeout='30']
SELECT TOP(1) [u].[Id], [u].[CreatedAt], [u].[CreatedByUserId], [u].[CreatedByUserName], [u].[Email], [u].[IsSystemAdmin], [u].[Name], [u].[RowVersion], [u].[UpdatedAt], [u].[UpdatedByUserId], [u].[UpdatedByUserName]
FROM [Users] AS [u]
WHERE [u].[IsSystemAdmin] = CAST(1 AS bit)
[20:32:08 INF] (vicente.maria.vm17@gmail.com) Executing OkObjectResult, writing value of type 'AppProject.Models.Auth.PermissionType[]'.
[20:32:08 INF] (vicente.maria.vm17@gmail.com) Executed action AppProject.Core.API.Controllers.Auth.PermissionController.GetCurrentUserPermissionsAsync (AppProject.Core.API) in 138.3992ms
[20:32:08 INF] (vicente.maria.vm17@gmail.com) Executed endpoint 'AppProject.Core.API.Controllers.Auth.PermissionController.GetCurrentUserPermissionsAsync (AppProject.Core.API)'
[20:32:08 INF] () Request finished HTTP/2 GET https://localhost:7121/api/auth/Permission/GetCurrentUserPermissions - 200 null application/json; charset=utf-8 1382.4961ms
[20:32:10 INF] () Request starting HTTP/2 OPTIONS https://localhost:7121/api/general/CountrySummary/GetSummaries?Take=100 - null null
[20:32:10 INF] () CORS policy execution successful.
[20:32:10 INF] () Request finished HTTP/2 OPTIONS https://localhost:7121/api/general/CountrySummary/GetSummaries?Take=100 - 204 null null 11.6097ms
[20:32:10 INF] () Request starting HTTP/2 GET https://localhost:7121/api/general/CountrySummary/GetSummaries?Take=100 - null null
[20:32:10 INF] () CORS policy execution successful.
[20:32:10 INF] (vicente.maria.vm17@gmail.com) Executing endpoint 'AppProject.Core.Controllers.General.CountrySummaryController.GetSummariesAsync (AppProject.Core.Controllers.General)'
[20:32:10 INF] (vicente.maria.vm17@gmail.com) Route matched with {action = "GetSummaries", controller = "CountrySummary"}. Executing controller action with signature System.Threading.Tasks.Task`1[Microsoft.AspNetCore.Mvc.IActionResult] GetSummariesAsync(AppProject.Models.SearchRequest, System.Threading.CancellationToken) on controller AppProject.Core.Controllers.General.CountrySummaryController (AppProject.Core.Controllers.General).
[20:32:10 INF] (vicente.maria.vm17@gmail.com) Executed DbCommand (5ms) [Parameters=[@__p_0='?' (DbType = Int32)], CommandType='"Text"', CommandTimeout='30']
SELECT TOP(@__p_0) [c].[Id], [c].[Name]
FROM [Countries] AS [c]
ORDER BY [c].[Name]
[20:32:10 INF] (vicente.maria.vm17@gmail.com) Executing OkObjectResult, writing value of type 'AppProject.Models.SummariesResponse`1[[AppProject.Core.Models.General.CountrySummary, AppProject.Core.Models, Version=1.0.0.0, Culture=neutral, PublicKeyToken=null]]'.
[20:32:10 INF] (vicente.maria.vm17@gmail.com) Executed action AppProject.Core.Controllers.General.CountrySummaryController.GetSummariesAsync (AppProject.Core.Controllers.General) in 103.8873ms
[20:32:10 INF] (vicente.maria.vm17@gmail.com) Executed endpoint 'AppProject.Core.Controllers.General.CountrySummaryController.GetSummariesAsync (AppProject.Core.Controllers.General)'
[20:32:10 INF] () Request finished HTTP/2 GET https://localhost:7121/api/general/CountrySummary/GetSummaries?Take=100 - 200 null application/json; charset=utf-8 142.3146ms
[20:32:13 INF] () Request starting HTTP/2 OPTIONS https://localhost:7121/api/general/StateSummary/GetSummaries?Take=100 - null null
[20:32:13 INF] () CORS policy execution successful.
[20:32:14 INF] () Request finished HTTP/2 OPTIONS https://localhost:7121/api/general/StateSummary/GetSummaries?Take=100 - 204 null null 4.8117ms
[20:32:14 INF] () Request starting HTTP/2 GET https://localhost:7121/api/general/StateSummary/GetSummaries?Take=100 - null null
[20:32:14 INF] () CORS policy execution successful.
[20:32:14 INF] (vicente.maria.vm17@gmail.com) Executing endpoint 'AppProject.Core.Controllers.General.StateSummaryController.GetSummariesAsync (AppProject.Core.Controllers.General)'
[20:32:14 INF] (vicente.maria.vm17@gmail.com) Route matched with {action = "GetSummaries", controller = "StateSummary"}. Executing controller action with signature System.Threading.Tasks.Task`1[Microsoft.AspNetCore.Mvc.IActionResult] GetSummariesAsync(AppProject.Core.Models.General.StateSummarySearchRequest, System.Threading.CancellationToken) on controller AppProject.Core.Controllers.General.StateSummaryController (AppProject.Core.Controllers.General).
[20:32:14 INF] (vicente.maria.vm17@gmail.com) Executed DbCommand (7ms) [Parameters=[@__p_0='?' (DbType = Int32)], CommandType='"Text"', CommandTimeout='30']
SELECT [s0].[Id], [s0].[Name], [c].[Name] AS [CountryName], [s0].[CountryId]
FROM (
    SELECT TOP(@__p_0) [s].[Id], [s].[CountryId], [s].[Name]
    FROM [States] AS [s]
    ORDER BY [s].[Name]
) AS [s0]
INNER JOIN [Countries] AS [c] ON [s0].[CountryId] = [c].[Id]
ORDER BY [s0].[Name]
[20:32:14 INF] (vicente.maria.vm17@gmail.com) Executing OkObjectResult, writing value of type 'AppProject.Models.SummariesResponse`1[[AppProject.Core.Models.General.StateSummary, AppProject.Core.Models, Version=1.0.0.0, Culture=neutral, PublicKeyToken=null]]'.
[20:32:14 INF] (vicente.maria.vm17@gmail.com) Executed action AppProject.Core.Controllers.General.StateSummaryController.GetSummariesAsync (AppProject.Core.Controllers.General) in 97.3668ms
[20:32:14 INF] (vicente.maria.vm17@gmail.com) Executed endpoint 'AppProject.Core.Controllers.General.StateSummaryController.GetSummariesAsync (AppProject.Core.Controllers.General)'
[20:32:14 INF] () Request finished HTTP/2 GET https://localhost:7121/api/general/StateSummary/GetSummaries?Take=100 - 200 null application/json; charset=utf-8 152.232ms
[20:32:19 INF] () Request starting HTTP/2 OPTIONS https://localhost:7121/api/general/State/Delete?Id=144a0763-69b1-406b-c8fb-08deec96ff82 - null null
[20:32:19 INF] () CORS policy execution successful.
[20:32:19 INF] () Request finished HTTP/2 OPTIONS https://localhost:7121/api/general/State/Delete?Id=144a0763-69b1-406b-c8fb-08deec96ff82 - 204 null null 39.5333ms
[20:32:19 INF] () Request starting HTTP/2 DELETE https://localhost:7121/api/general/State/Delete?Id=144a0763-69b1-406b-c8fb-08deec96ff82 - null null
[20:32:19 INF] () CORS policy execution successful.
[20:32:19 INF] (vicente.maria.vm17@gmail.com) Executing endpoint 'AppProject.Core.Controllers.General.StateController.DeleteAsync (AppProject.Core.Controllers.General)'
[20:32:19 INF] (vicente.maria.vm17@gmail.com) Route matched with {action = "Delete", controller = "State"}. Executing controller action with signature System.Threading.Tasks.Task`1[Microsoft.AspNetCore.Mvc.IActionResult] DeleteAsync(AppProject.Models.DeleteRequest`1[System.Guid], System.Threading.CancellationToken) on controller AppProject.Core.Controllers.General.StateController (AppProject.Core.Controllers.General).
[20:32:19 INF] (vicente.maria.vm17@gmail.com) Executed DbCommand (5ms) [Parameters=[@__request_Id_0='?' (DbType = Guid)], CommandType='"Text"', CommandTimeout='30']
SELECT [s].[Id], [s].[Code], [s].[CountryId], [s].[CreatedAt], [s].[CreatedByUserId], [s].[CreatedByUserName], [s].[Name], [s].[RowVersion], [s].[UpdatedAt], [s].[UpdatedByUserId], [s].[UpdatedByUserName]
FROM [States] AS [s]
WHERE [s].[Id] = @__request_Id_0
[20:32:20 INF] (vicente.maria.vm17@gmail.com) Executed DbCommand (11ms) [Parameters=[@p0='?' (DbType = Guid), @p1='?' (Size = 8) (DbType = Binary)], CommandType='"Text"', CommandTimeout='30']
SET IMPLICIT_TRANSACTIONS OFF;
SET NOCOUNT ON;
DELETE FROM [States]
OUTPUT 1
WHERE [Id] = @p0 AND [RowVersion] = @p1;
[20:32:20 INF] (vicente.maria.vm17@gmail.com) Executing OkObjectResult, writing value of type 'AppProject.Models.EmptyResponse'.
[20:32:20 INF] (vicente.maria.vm17@gmail.com) Executed action AppProject.Core.Controllers.General.StateController.DeleteAsync (AppProject.Core.Controllers.General) in 264.3088ms
[20:32:20 INF] (vicente.maria.vm17@gmail.com) Executed endpoint 'AppProject.Core.Controllers.General.StateController.DeleteAsync (AppProject.Core.Controllers.General)'
[20:32:20 INF] () Request finished HTTP/2 DELETE https://localhost:7121/api/general/State/Delete?Id=144a0763-69b1-406b-c8fb-08deec96ff82 - 200 null application/json; charset=utf-8 316.2843ms
[20:32:20 INF] () Request starting HTTP/2 OPTIONS https://localhost:7121/api/general/StateSummary/GetSummaries?Take=100 - null null
[20:32:20 INF] () CORS policy execution successful.
[20:32:20 INF] () Request finished HTTP/2 OPTIONS https://localhost:7121/api/general/StateSummary/GetSummaries?Take=100 - 204 null null 3.258ms
[20:32:20 INF] () Request starting HTTP/2 GET https://localhost:7121/api/general/StateSummary/GetSummaries?Take=100 - null null
[20:32:20 INF] () CORS policy execution successful.
[20:32:20 INF] (vicente.maria.vm17@gmail.com) Executing endpoint 'AppProject.Core.Controllers.General.StateSummaryController.GetSummariesAsync (AppProject.Core.Controllers.General)'
[20:32:20 INF] (vicente.maria.vm17@gmail.com) Route matched with {action = "GetSummaries", controller = "StateSummary"}. Executing controller action with signature System.Threading.Tasks.Task`1[Microsoft.AspNetCore.Mvc.IActionResult] GetSummariesAsync(AppProject.Core.Models.General.StateSummarySearchRequest, System.Threading.CancellationToken) on controller AppProject.Core.Controllers.General.StateSummaryController (AppProject.Core.Controllers.General).
[20:32:20 INF] (vicente.maria.vm17@gmail.com) Executed DbCommand (6ms) [Parameters=[@__p_0='?' (DbType = Int32)], CommandType='"Text"', CommandTimeout='30']
SELECT [s0].[Id], [s0].[Name], [c].[Name] AS [CountryName], [s0].[CountryId]
FROM (
    SELECT TOP(@__p_0) [s].[Id], [s].[CountryId], [s].[Name]
    FROM [States] AS [s]
    ORDER BY [s].[Name]
) AS [s0]
INNER JOIN [Countries] AS [c] ON [s0].[CountryId] = [c].[Id]
ORDER BY [s0].[Name]
[20:32:20 INF] (vicente.maria.vm17@gmail.com) Executing OkObjectResult, writing value of type 'AppProject.Models.SummariesResponse`1[[AppProject.Core.Models.General.StateSummary, AppProject.Core.Models, Version=1.0.0.0, Culture=neutral, PublicKeyToken=null]]'.
[20:32:20 INF] (vicente.maria.vm17@gmail.com) Executed action AppProject.Core.Controllers.General.StateSummaryController.GetSummariesAsync (AppProject.Core.Controllers.General) in 12.8034ms
[20:32:20 INF] (vicente.maria.vm17@gmail.com) Executed endpoint 'AppProject.Core.Controllers.General.StateSummaryController.GetSummariesAsync (AppProject.Core.Controllers.General)'
[20:32:20 INF] () Request finished HTTP/2 GET https://localhost:7121/api/general/StateSummary/GetSummaries?Take=100 - 200 null application/json; charset=utf-8 53.0008ms
[20:32:26 INF] () Request starting HTTP/2 OPTIONS https://localhost:7121/api/general/State/Delete?Id=69c4e545-c7f4-478c-f899-08deecd3e66c - null null
[20:32:26 INF] () CORS policy execution successful.
[20:32:26 INF] () Request finished HTTP/2 OPTIONS https://localhost:7121/api/general/State/Delete?Id=69c4e545-c7f4-478c-f899-08deecd3e66c - 204 null null 9.2659ms
[20:32:26 INF] () Request starting HTTP/2 DELETE https://localhost:7121/api/general/State/Delete?Id=69c4e545-c7f4-478c-f899-08deecd3e66c - null null
[20:32:26 INF] () CORS policy execution successful.
[20:32:26 INF] (vicente.maria.vm17@gmail.com) Executing endpoint 'AppProject.Core.Controllers.General.StateController.DeleteAsync (AppProject.Core.Controllers.General)'
[20:32:26 INF] (vicente.maria.vm17@gmail.com) Route matched with {action = "Delete", controller = "State"}. Executing controller action with signature System.Threading.Tasks.Task`1[Microsoft.AspNetCore.Mvc.IActionResult] DeleteAsync(AppProject.Models.DeleteRequest`1[System.Guid], System.Threading.CancellationToken) on controller AppProject.Core.Controllers.General.StateController (AppProject.Core.Controllers.General).
[20:32:26 INF] (vicente.maria.vm17@gmail.com) Executed DbCommand (2ms) [Parameters=[@__request_Id_0='?' (DbType = Guid)], CommandType='"Text"', CommandTimeout='30']
SELECT [s].[Id], [s].[Code], [s].[CountryId], [s].[CreatedAt], [s].[CreatedByUserId], [s].[CreatedByUserName], [s].[Name], [s].[RowVersion], [s].[UpdatedAt], [s].[UpdatedByUserId], [s].[UpdatedByUserName]
FROM [States] AS [s]
WHERE [s].[Id] = @__request_Id_0
[20:32:26 INF] (vicente.maria.vm17@gmail.com) Executed DbCommand (6ms) [Parameters=[@p0='?' (DbType = Guid), @p1='?' (Size = 8) (DbType = Binary)], CommandType='"Text"', CommandTimeout='30']
SET IMPLICIT_TRANSACTIONS OFF;
SET NOCOUNT ON;
DELETE FROM [States]
OUTPUT 1
WHERE [Id] = @p0 AND [RowVersion] = @p1;
[20:32:26 INF] (vicente.maria.vm17@gmail.com) Executing OkObjectResult, writing value of type 'AppProject.Models.EmptyResponse'.
[20:32:26 INF] (vicente.maria.vm17@gmail.com) Executed action AppProject.Core.Controllers.General.StateController.DeleteAsync (AppProject.Core.Controllers.General) in 20.6217ms
[20:32:26 INF] (vicente.maria.vm17@gmail.com) Executed endpoint 'AppProject.Core.Controllers.General.StateController.DeleteAsync (AppProject.Core.Controllers.General)'
[20:32:26 INF] () Request finished HTTP/2 DELETE https://localhost:7121/api/general/State/Delete?Id=69c4e545-c7f4-478c-f899-08deecd3e66c - 200 null application/json; charset=utf-8 44.7353ms
[20:32:26 INF] () Request starting HTTP/2 OPTIONS https://localhost:7121/api/general/StateSummary/GetSummaries?Take=100 - null null
[20:32:26 INF] () CORS policy execution successful.
[20:32:26 INF] () Request finished HTTP/2 OPTIONS https://localhost:7121/api/general/StateSummary/GetSummaries?Take=100 - 204 null null 8.1703ms
[20:32:26 INF] () Request starting HTTP/2 GET https://localhost:7121/api/general/StateSummary/GetSummaries?Take=100 - null null
[20:32:26 INF] () CORS policy execution successful.
[20:32:26 INF] (vicente.maria.vm17@gmail.com) Executing endpoint 'AppProject.Core.Controllers.General.StateSummaryController.GetSummariesAsync (AppProject.Core.Controllers.General)'
[20:32:26 INF] (vicente.maria.vm17@gmail.com) Route matched with {action = "GetSummaries", controller = "StateSummary"}. Executing controller action with signature System.Threading.Tasks.Task`1[Microsoft.AspNetCore.Mvc.IActionResult] GetSummariesAsync(AppProject.Core.Models.General.StateSummarySearchRequest, System.Threading.CancellationToken) on controller AppProject.Core.Controllers.General.StateSummaryController (AppProject.Core.Controllers.General).
[20:32:26 INF] (vicente.maria.vm17@gmail.com) Executed DbCommand (6ms) [Parameters=[@__p_0='?' (DbType = Int32)], CommandType='"Text"', CommandTimeout='30']
SELECT [s0].[Id], [s0].[Name], [c].[Name] AS [CountryName], [s0].[CountryId]
FROM (
    SELECT TOP(@__p_0) [s].[Id], [s].[CountryId], [s].[Name]
    FROM [States] AS [s]
    ORDER BY [s].[Name]
) AS [s0]
INNER JOIN [Countries] AS [c] ON [s0].[CountryId] = [c].[Id]
ORDER BY [s0].[Name]
[20:32:26 INF] (vicente.maria.vm17@gmail.com) Executing OkObjectResult, writing value of type 'AppProject.Models.SummariesResponse`1[[AppProject.Core.Models.General.StateSummary, AppProject.Core.Models, Version=1.0.0.0, Culture=neutral, PublicKeyToken=null]]'.
[20:32:26 INF] (vicente.maria.vm17@gmail.com) Executed action AppProject.Core.Controllers.General.StateSummaryController.GetSummariesAsync (AppProject.Core.Controllers.General) in 17.9143ms
[20:32:26 INF] (vicente.maria.vm17@gmail.com) Executed endpoint 'AppProject.Core.Controllers.General.StateSummaryController.GetSummariesAsync (AppProject.Core.Controllers.General)'
[20:32:26 INF] () Request finished HTTP/2 GET https://localhost:7121/api/general/StateSummary/GetSummaries?Take=100 - 200 null application/json; charset=utf-8 67.7256ms
